date,campaign_id,spend,impressions,clicks
2024-04-17,CAMP001,5643,19269,494
2024-04-18,CAMP001,5333,18946,471
2024-04-19,CAMP001,5967,19245,527
2024-04-20,CAMP001,5265,19206,465
2024-04-21,CAMP001,5937,19051,522
2024-04-22,CAMP001,5085,18972,446
2024-04-23,CAMP001,5491,19042,485
2024-04-24,CAMP001,5695,19084,503
2024-04-25,CAMP001,5276,19190,465
2024-04-26,CAMP001,5853,18907,517
2024-04-27,CAMP001,5219,18724,461
2024-04-28,CAMP001,5855,19069,514
2024-04-29,CAMP001,5655,19296,498
2024-04-30,CAMP001,5066,19068,446
2024-05-01,CAMP001,5446,18957,481
2024-05-02,CAMP001,5594,18928,491
2024-05-03,CAMP001,5231,18932,462
2024-05-04,CAMP001,5494,18903,482
2024-05-05,CAMP001,5729,19251,506
2024-05-06,CAMP001,5344,19224,472
2024-05-07,CAMP001,5464,19164,482
2024-05-08,CAMP001,5446,19079,481
2024-05-09,CAMP001,5752,19243,506
2024-05-10,CAMP001,5409,19102,477
2024-05-11,CAMP001,5717,19019,505
2024-05-12,CAMP001,5494,18900,485
2024-05-13,CAMP001,5978,19015,528
2024-05-14,CAMP001,5228,19098,459
2024-05-15,CAMP001,5412,19118,478
2024-05-16,CAMP001,5355,18901,473
2024-05-17,CAMP001,5385,18953,472
2024-05-18,CAMP001,5907,18850,515
2024-05-19,CAMP001,5480,18940,478
2024-05-20,CAMP001,5606,18982,495
2024-05-21,CAMP001,5657,19128,499
2024-05-22,CAMP001,5362,19277,469
2024-05-23,CAMP001,5853,18897,517
2024-05-24,CAMP001,5344,19315,472
2024-05-25,CAMP001,5314,18920,469
2024-05-26,CAMP001,5121,19119,451
2024-05-27,CAMP001,5491,19014,485
2024-05-28,CAMP001,5276,18953,466
2024-05-29,CAMP001,4959,19247,438
2024-05-30,CAMP001,5480,19081,482
2024-05-31,CAMP001,5593,19168,494
2024-06-01,CAMP001,5853,19012,517
2024-06-02,CAMP001,5532,19126,488
2024-06-03,CAMP001,5206,19072,458
2024-06-04,CAMP001,5016,19001,443
2024-06-05,CAMP001,5678,19137,500
2024-06-06,CAMP001,5151,19070,455
2024-06-07,CAMP001,5684,19284,502
2024-06-08,CAMP001,6034,19327,533
2024-06-09,CAMP001,5575,19169,489
2024-06-10,CAMP001,5797,18890,512
2024-06-11,CAMP001,5842,19203,516
2024-06-12,CAMP001,5219,19114,461
2024-06-13,CAMP001,5423,19068,479
2024-06-14,CAMP001,5492,18946,483
2024-06-15,CAMP001,5502,19008,486
2024-06-16,CAMP001,5729,19001,506
2024-06-17,CAMP001,5706,19092,504
2024-06-18,CAMP001,5283,19041,459
2024-06-19,CAMP001,5490,19069,482
2024-06-20,CAMP001,5751,19268,508
2024-06-21,CAMP001,5561,19095,489
2024-06-22,CAMP001,5584,19249,487
2024-06-23,CAMP001,5400,19306,477
2024-06-24,CAMP001,5661,19036,500
2024-06-25,CAMP001,5702,19380,500
2024-06-26,CAMP001,5746,19197,506
2024-06-27,CAMP001,5752,19152,506
2024-06-28,CAMP001,5559,19023,491
2024-06-29,CAMP001,5296,18752,462
2024-06-30,CAMP001,5662,19293,495
2024-07-01,CAMP001,5442,18868,479
2024-07-02,CAMP001,5005,19055,440
2024-07-03,CAMP001,5650,19127,499
2024-07-04,CAMP001,5807,19114,511
2024-07-05,CAMP001,5910,18923,522
2024-07-06,CAMP001,5710,19028,503
2024-07-07,CAMP001,5809,19203,511
2024-07-08,CAMP001,5333,18868,471
2024-07-09,CAMP001,5333,19195,471
2024-07-10,CAMP001,5515,19072,486
2024-07-11,CAMP001,5389,18736,476
2024-07-12,CAMP001,5151,18957,455
2024-07-13,CAMP001,5208,19089,460
2024-07-14,CAMP001,5367,19098,474
2024-07-15,CAMP001,5468,19135,483
2024-07-16,CAMP001,5464,18986,479
2024-07-17,CAMP001,5568,19078,491
2024-07-18,CAMP001,5223,19126,458
2024-07-19,CAMP001,5581,18927,487
2024-07-20,CAMP001,5560,18753,491
2024-07-21,CAMP001,5400,18989,477
2024-07-22,CAMP001,5072,19113,448
2024-07-23,CAMP001,5423,18987,479
2024-07-24,CAMP001,5333,19192,471
2024-07-25,CAMP001,5596,19176,494
2024-07-26,CAMP001,5185,18930,458
2024-07-27,CAMP001,5491,19118,484
2024-07-28,CAMP001,5706,18849,504
2024-07-29,CAMP001,5524,19115,487
2024-07-30,CAMP001,5559,19196,491
2024-07-31,CAMP001,5514,19155,487
2024-08-01,CAMP001,5604,19264,495
2024-08-02,CAMP001,5797,18940,512
2024-08-03,CAMP001,5831,19358,515
2024-08-04,CAMP001,5265,18959,465
2024-08-05,CAMP001,5344,19126,472
2024-08-06,CAMP001,5622,19016,491
2024-08-07,CAMP001,6034,19128,527
2024-08-08,CAMP001,5694,19014,499
2024-08-09,CAMP001,5345,19078,470
2024-08-10,CAMP001,4959,18957,438
2024-08-11,CAMP001,5461,19046,478
2024-08-12,CAMP001,5140,19169,454
2024-08-13,CAMP001,5582,18981,493
2024-08-14,CAMP001,5729,19174,506
2024-08-15,CAMP001,4894,18887,432
2024-08-16,CAMP001,5423,18827,479
2024-08-17,CAMP001,5129,18967,453
2024-08-18,CAMP001,5819,19214,514
2024-08-19,CAMP001,5593,18924,494
2024-08-20,CAMP001,5840,19255,509
2024-08-21,CAMP001,5525,19149,488
2024-08-22,CAMP001,5525,19157,488
2024-08-23,CAMP001,6007,19209,529
2024-08-24,CAMP001,5651,19012,497
2024-08-25,CAMP001,5117,19070,452
2024-08-26,CAMP001,5559,18927,491
2024-08-27,CAMP001,5556,19077,488
2024-08-28,CAMP001,4923,19268,434
2024-08-29,CAMP001,4997,18923,441
2024-08-30,CAMP001,5917,19121,518
2024-08-31,CAMP001,5525,19221,488
2024-09-01,CAMP001,5415,19022,478
2024-09-02,CAMP001,5242,18923,463
2024-09-03,CAMP001,5485,19172,480
2024-09-04,CAMP001,5389,19041,476
2024-09-05,CAMP001,5321,19032,470
2024-09-06,CAMP001,5638,19222,498
2023-03-23,CAMP002,1650,13663,356
2023-03-24,CAMP002,1719,13649,371
2023-03-25,CAMP002,1655,13647,358
2023-03-26,CAMP002,1712,13492,366
2023-03-27,CAMP002,1611,13596,343
2023-03-28,CAMP002,1628,13544,352
2023-03-29,CAMP002,1613,13583,349
2023-03-30,CAMP002,1604,13595,347
2023-03-31,CAMP002,1616,13717,347
2023-04-01,CAMP002,1692,13609,358
2023-04-02,CAMP002,1651,13604,355
2023-04-03,CAMP002,1649,13391,353
2023-04-04,CAMP002,1621,13647,349
2023-04-05,CAMP002,1627,13738,352
2023-04-06,CAMP002,1600,13530,342
2023-04-07,CAMP002,1664,13558,360
2023-04-08,CAMP002,1595,13584,345
2023-04-09,CAMP002,1631,13672,352
2023-04-10,CAMP002,1644,13455,353
2023-04-11,CAMP002,1605,13717,346
2023-04-12,CAMP002,1887,13672,407
2023-04-13,CAMP002,1623,13594,351
2023-04-14,CAMP002,1747,13539,378
2023-04-15,CAMP002,1559,13662,337
2023-04-16,CAMP002,1664,13491,360
2023-04-17,CAMP002,1692,13425,366
2023-04-18,CAMP002,1826,13516,395
2023-04-19,CAMP002,1650,13552,357
2023-04-20,CAMP002,1637,13333,354
2023-04-21,CAMP002,1794,13660,388
2023-04-22,CAMP002,1609,13570,348
2023-04-23,CAMP002,1778,13642,384
2023-04-24,CAMP002,1605,13516,346
2023-04-25,CAMP002,1669,13410,355
2023-04-26,CAMP002,1687,13838,365
2023-04-27,CAMP002,1674,13517,362
2023-04-28,CAMP002,1695,13672,364
2023-04-29,CAMP002,1558,13564,337
2023-04-30,CAMP002,1590,13524,344
2023-05-01,CAMP002,1743,13472,372
2023-05-02,CAMP002,1539,13450,333
2023-05-03,CAMP002,1544,13806,334
2023-05-04,CAMP002,1761,13569,381
2023-05-05,CAMP002,1576,13735,340
2023-05-06,CAMP002,1775,13641,383
2023-05-07,CAMP002,1734,13449,375
2023-05-08,CAMP002,1674,13654,362
2023-05-09,CAMP002,1653,13745,356
2023-05-10,CAMP002,1635,13632,352
2023-05-11,CAMP002,1627,13794,352
2023-05-12,CAMP002,1807,13474,389
2023-05-13,CAMP002,1668,13743,359
2023-05-14,CAMP002,1595,13610,345
2023-05-15,CAMP002,1678,13774,363
2023-05-16,CAMP002,1573,13561,339
2023-05-17,CAMP002,1581,13515,342
2023-05-18,CAMP002,1738,13627,376
2023-05-19,CAMP002,1627,13799,352
2023-05-20,CAMP002,1619,13549,348
2023-05-21,CAMP002,1880,13627,402
2023-05-22,CAMP002,1752,13652,379
2023-05-23,CAMP002,1608,13630,340
2023-05-24,CAMP002,1595,13605,345
2023-05-25,CAMP002,1770,13887,380
2023-05-26,CAMP002,1450,13489,310
2023-05-27,CAMP002,1738,13754,373
2023-05-28,CAMP002,1560,13706,337
2023-05-29,CAMP002,1706,13520,369
2023-05-30,CAMP002,1710,13512,368
2023-05-31,CAMP002,1637,13381,354
2023-06-01,CAMP002,1794,13680,388
2023-06-02,CAMP002,1703,13538,360
2023-06-03,CAMP002,1743,13639,375
2023-06-04,CAMP002,1671,13627,356
2023-06-05,CAMP002,1803,13679,390
2023-06-06,CAMP002,1846,13810,395
2023-06-07,CAMP002,1451,13624,309
2023-06-08,CAMP002,1723,13770,368
2023-06-09,CAMP002,1595,13738,345
2023-06-10,CAMP002,1581,13703,342
2023-06-11,CAMP002,1637,13660,354
2023-06-12,CAMP002,1669,13374,361
2023-06-13,CAMP002,1660,13640,359
2023-06-14,CAMP002,1513,13575,327
2023-06-15,CAMP002,1706,13541,369
2023-06-16,CAMP002,1724,13447,373
2023-06-17,CAMP002,1729,13793,374
2023-06-18,CAMP002,1747,13516,372
2023-06-19,CAMP002,1692,13783,362
2023-06-20,CAMP002,1803,13633,390
2023-06-21,CAMP002,1755,13632,376
2023-06-22,CAMP002,1655,13472,358
2023-06-23,CAMP002,1558,13737,337
2023-06-24,CAMP002,1700,13483,365
2023-06-25,CAMP002,1674,13543,362
2023-06-26,CAMP002,1623,13510,351
2023-06-27,CAMP002,1650,13600,357
2023-06-28,CAMP002,1499,13518,324
2023-06-29,CAMP002,1567,13553,334
2023-06-30,CAMP002,1641,13614,355
2023-07-01,CAMP002,1575,13536,340
2023-07-02,CAMP002,1706,13560,369
2023-07-03,CAMP002,1743,13591,377
2023-07-04,CAMP002,1613,13783,349
2023-07-05,CAMP002,1601,13443,342
2023-07-06,CAMP002,1697,13557,360
2023-07-07,CAMP002,1777,13521,383
2023-07-08,CAMP002,1632,13617,353
2023-07-09,CAMP002,1531,13564,329
2023-07-10,CAMP002,1687,13742,365
2023-07-11,CAMP002,1698,13646,365
2023-07-12,CAMP002,1724,13640,372
2023-07-13,CAMP002,1654,13602,357
2023-07-14,CAMP002,1659,13589,357
2023-07-15,CAMP002,1674,13462,362
2023-07-16,CAMP002,1604,13722,347
2023-07-17,CAMP002,1674,13703,362
2024-01-31,CAMP003,13273,15477,772
2024-02-01,CAMP003,12929,15571,752
2024-02-02,CAMP003,13562,15599,783
2024-02-03,CAMP003,13376,15503,778
2024-02-04,CAMP003,12915,15608,750
2024-02-05,CAMP003,13153,15489,764
2024-02-06,CAMP003,12568,15305,731
2024-02-07,CAMP003,12232,15583,711
2024-02-08,CAMP003,12854,15564,745
2024-02-09,CAMP003,12731,15452,740
2024-02-10,CAMP003,13054,15415,758
2024-02-11,CAMP003,12741,15595,739
2024-02-12,CAMP003,12517,15408,728
2024-02-13,CAMP003,13676,15555,791
2024-02-14,CAMP003,11826,15575,681
2024-02-15,CAMP003,12275,15363,711
2024-02-16,CAMP003,13411,15410,777
2024-02-17,CAMP003,12740,15525,741
2024-02-18,CAMP003,13084,15439,761
2024-02-19,CAMP003,13067,15648,760
2024-02-20,CAMP003,12001,15368,698
2024-02-21,CAMP003,12549,15335,727
2024-02-22,CAMP003,12465,15258,725
2024-02-23,CAMP003,12774,15607,743
2024-02-24,CAMP003,12448,15253,724
2024-02-25,CAMP003,12946,15540,753
2024-02-26,CAMP003,12676,15474,737
2024-02-27,CAMP003,12654,15572,736
2024-02-28,CAMP003,12568,15278,731
2024-02-29,CAMP003,13027,15245,752
2024-03-01,CAMP003,12396,15373,721
2024-03-02,CAMP003,13204,15426,768
2024-03-03,CAMP003,13531,15618,787
2024-03-04,CAMP003,12149,15306,703
2024-03-05,CAMP003,12694,15503,732
2024-03-06,CAMP003,13153,15404,764
2024-03-07,CAMP003,12568,15383,731
2024-03-08,CAMP003,13153,15622,765
2024-03-09,CAMP003,12778,15417,740
2024-03-10,CAMP003,12603,15643,733
2024-03-11,CAMP003,13073,15646,756
2024-03-12,CAMP003,13346,15633,772
2024-03-13,CAMP003,12606,15402,733
2024-03-14,CAMP003,12653,15431,734
2024-03-15,CAMP003,13415,15626,778
2024-03-16,CAMP003,12442,15353,719
2024-03-17,CAMP003,12482,15478,726
2024-03-18,CAMP003,13162,15577,762
2024-03-19,CAMP003,12310,15405,716
2024-03-20,CAMP003,12671,15408,737
2024-03-21,CAMP003,12797,15424,744
2024-03-22,CAMP003,12242,15574,712
2024-03-23,CAMP003,12396,15387,721
2024-03-24,CAMP003,12929,15641,752
2024-03-25,CAMP003,12310,15512,716
2024-03-26,CAMP003,12402,15656,717
2024-03-27,CAMP003,12927,15495,746
2024-03-28,CAMP003,12499,15381,725
2024-03-29,CAMP003,13644,15430,790
2024-03-30,CAMP003,12929,15458,752
2024-03-31,CAMP003,12964,15412,754
2024-04-01,CAMP003,13030,15430,757
2024-04-02,CAMP003,12293,15533,715
2024-04-03,CAMP003,12706,15372,739
2024-04-04,CAMP003,11954,15496,695
2024-04-05,CAMP003,12413,15570,722
2024-04-06,CAMP003,13101,15637,762
2024-04-07,CAMP003,13517,15552,785
2024-04-08,CAMP003,13050,15349,759
2024-04-09,CAMP003,12672,15398,734
2024-04-10,CAMP003,12946,15322,753
2024-04-11,CAMP003,12259,15585,713
2024-04-12,CAMP003,11698,15329,680
2024-04-13,CAMP003,12757,15630,742
2024-04-14,CAMP003,12706,15369,739
2024-04-15,CAMP003,12499,15478,727
2024-04-16,CAMP003,12039,15505,698
2024-04-17,CAMP003,13839,15547,803
2024-04-18,CAMP003,13099,15559,758
2024-04-19,CAMP003,12706,15567,739
2024-04-20,CAMP003,12946,15573,753
2024-04-21,CAMP003,12895,15761,750
2024-04-22,CAMP003,12268,15406,713
2024-04-23,CAMP003,12603,15497,733
2024-04-24,CAMP003,12190,15396,709
2024-04-25,CAMP003,12660,15442,734
2024-04-26,CAMP003,12216,15469,710
2024-04-27,CAMP003,12878,15474,749
2024-04-28,CAMP003,13325,15415,771
2024-04-29,CAMP003,13514,15440,783
2024-04-30,CAMP003,12809,15680,745
2024-05-01,CAMP003,12714,15366,737
2024-05-02,CAMP003,12826,15446,746
2024-05-03,CAMP003,12936,15549,749
2024-05-04,CAMP003,12568,15590,731
2024-05-05,CAMP003,12620,15496,734
2024-05-06,CAMP003,11898,15450,692
2024-05-07,CAMP003,14012,15632,815
2024-05-08,CAMP003,13214,15404,768
2024-05-09,CAMP003,12491,15198,726
2024-05-10,CAMP003,12450,15545,724
2024-05-11,CAMP003,12070,15631,702
2024-05-12,CAMP003,12362,15566,719
2024-05-13,CAMP003,12539,15662,729
2024-05-14,CAMP003,13376,15577,778
2024-05-15,CAMP003,12409,15399,721
2024-05-16,CAMP003,13159,15521,762
2024-05-17,CAMP003,12685,15484,737
2024-05-18,CAMP003,12878,15478,749
2024-05-19,CAMP003,12964,15487,754
2024-05-20,CAMP003,11949,15458,695
2024-05-21,CAMP003,12860,15415,748
2024-05-22,CAMP003,13290,15396,773
2024-05-23,CAMP003,12517,15316,728
2024-05-24,CAMP003,12234,15500,708
2024-05-25,CAMP003,13118,15392,763
2024-05-26,CAMP003,12583,15492,729
2024-05-27,CAMP003,12757,15466,742
2024-05-28,CAMP003,13036,15461,758
2024-05-29,CAMP003,13307,15779,774
2024-05-30,CAMP003,12850,15375,746
2024-05-31,CAMP003,13385,15523,776
2024-06-01,CAMP003,13440,15737,781
2024-06-02,CAMP003,12138,15525,706
2024-06-03,CAMP003,12620,15670,734
2024-06-04,CAMP003,12430,15453,718
2024-06-05,CAMP003,12413,15624,722
2024-06-06,CAMP003,11863,15375,690
2024-06-07,CAMP003,13778,15491,797
2024-06-08,CAMP003,12899,15679,747
2024-06-09,CAMP003,12733,15444,739
2024-06-10,CAMP003,12104,15607,704
2024-06-11,CAMP003,12466,15636,718
2024-06-12,CAMP003,12176,15534,707
2024-06-13,CAMP003,13284,15680,771
2024-06-14,CAMP003,12207,15436,710
2024-06-15,CAMP003,12448,15650,724
2024-06-16,CAMP003,12156,15388,707
2024-06-17,CAMP003,13397,15421,778
2024-06-18,CAMP003,12949,15434,752
2024-06-19,CAMP003,12603,15182,733
2024-06-20,CAMP003,12929,15476,752
2024-06-21,CAMP003,12499,15620,727
2024-06-22,CAMP003,13479,15719,784
2024-06-23,CAMP003,12138,15339,706
2024-06-24,CAMP003,12821,15510,743
2024-06-25,CAMP003,13195,15420,764
2024-06-26,CAMP003,13006,15392,748
2024-06-27,CAMP003,12356,15360,716
2024-06-28,CAMP003,12431,15667,723
2024-06-29,CAMP003,13514,15562,786
2024-06-30,CAMP003,12207,15410,710
2024-07-01,CAMP003,13703,15519,797
2024-07-02,CAMP003,12173,15416,708
2024-07-03,CAMP003,13048,15316,756
2024-07-04,CAMP003,12600,15612,731
2024-07-05,CAMP003,13149,15498,763
2024-07-06,CAMP003,11823,15282,687
2024-07-07,CAMP003,13909,15573,807
2024-07-08,CAMP003,12505,15395,723
2024-07-09,CAMP003,13290,15627,773
2024-07-10,CAMP003,13015,15580,757
2024-07-11,CAMP003,13050,15478,759
2024-07-12,CAMP003,12205,15440,705
2024-07-13,CAMP003,12205,15600,706
2024-07-14,CAMP003,12573,15676,729
2024-07-15,CAMP003,13359,15585,777
2024-07-16,CAMP003,12887,15430,749
2024-07-17,CAMP003,12843,15529,747
2024-07-18,CAMP003,12504,15856,727
2023-04-06,CAMP004,1421,14091,170
2023-04-07,CAMP004,1492,14189,178
2023-04-08,CAMP004,1511,14067,175
2023-04-09,CAMP004,1245,13938,149
2023-04-10,CAMP004,1469,14107,170
2023-04-11,CAMP004,1254,14258,150
2023-04-12,CAMP004,1472,13925,174
2023-04-13,CAMP004,1379,14103,165
2023-04-14,CAMP004,1792,13952,214
2023-04-15,CAMP004,1538,14156,184
2023-04-16,CAMP004,1555,14201,184
2023-04-17,CAMP004,1498,14216,179
2023-04-18,CAMP004,1371,14144,164
2023-04-19,CAMP004,1461,14054,172
2023-04-20,CAMP004,1405,14248,166
2023-04-21,CAMP004,1444,14045,171
2023-04-22,CAMP004,1513,13959,178
2023-04-23,CAMP004,1507,14257,177
2023-04-24,CAMP004,1379,14174,165
2023-04-25,CAMP004,1421,14079,170
2023-04-26,CAMP004,1379,14030,165
2023-04-27,CAMP004,1530,13971,179
2023-04-28,CAMP004,1514,14051,179
2023-04-29,CAMP004,1507,14143,180
2023-04-30,CAMP004,1220,13996,146
2023-05-01,CAMP004,1672,14247,200
2023-05-02,CAMP004,1388,14135,166
2023-05-03,CAMP004,1471,14158,176
2023-05-04,CAMP004,1630,14059,195
2023-05-05,CAMP004,1475,14083,170
2023-05-06,CAMP004,1376,14062,164
2023-05-07,CAMP004,1337,14010,160
2023-05-08,CAMP004,1479,14204,177
2023-05-09,CAMP004,1496,14143,179
2023-05-10,CAMP004,1422,13998,168
2023-05-11,CAMP004,1607,13964,190
2023-05-12,CAMP004,1404,14122,168
2023-05-13,CAMP004,1556,14118,186
2023-05-14,CAMP004,1488,13993,178
2023-05-15,CAMP004,1404,14145,168
2023-05-16,CAMP004,1403,14162,164
2023-05-17,CAMP004,1405,14160,167
2023-05-18,CAMP004,1424,14060,163
2023-05-19,CAMP004,1513,14131,181
2023-05-20,CAMP004,1329,14161,159
2023-05-21,CAMP004,1401,14130,165
2023-05-22,CAMP004,1387,14245,166
2023-05-23,CAMP004,1421,14062,170
2023-05-24,CAMP004,1529,13993,183
2023-05-25,CAMP004,1382,14154,165
2023-05-26,CAMP004,1363,14000,162
2023-05-27,CAMP004,1312,13971,157
2023-05-28,CAMP004,1421,13979,167
2023-05-29,CAMP004,1320,13994,155
2023-05-30,CAMP004,1329,14115,158
2023-05-31,CAMP004,1388,14251,166
2023-06-01,CAMP004,1387,13987,166
2023-06-02,CAMP004,1443,14002,171
2023-06-03,CAMP004,1427,13974,168
2023-06-04,CAMP004,1397,13983,167
2023-06-05,CAMP004,1674,14127,199
2023-06-06,CAMP004,1513,14021,181
2023-06-07,CAMP004,1563,14231,187
2023-06-08,CAMP004,1521,14106,182
2023-06-09,CAMP004,1415,14123,167
2023-06-10,CAMP004,1348,14090,160
2023-06-11,CAMP004,1310,14107,152
2023-06-12,CAMP004,1422,14204,170
2023-06-13,CAMP004,1476,14207,174
2023-06-14,CAMP004,1596,14186,187
2023-06-15,CAMP004,1513,14265,178
2023-06-16,CAMP004,1245,13912,149
2023-06-17,CAMP004,1329,14140,159
2023-06-18,CAMP004,1432,14060,171
2023-06-19,CAMP004,1371,13969,164
2023-06-20,CAMP004,1583,13814,188
2023-06-21,CAMP004,1396,14025,164
2023-06-22,CAMP004,1529,14317,183
2023-06-23,CAMP004,1412,14204,163
2023-06-24,CAMP004,1404,14368,168
2023-06-25,CAMP004,1287,14047,154
2023-06-26,CAMP004,1362,14074,163
2023-06-27,CAMP004,1279,13966,153
2023-06-28,CAMP004,1356,14261,161
2023-06-29,CAMP004,1405,14089,168
2023-06-30,CAMP004,1471,14051,171
2023-07-01,CAMP004,1545,13989,183
2023-07-02,CAMP004,1493,14075,177
2023-07-03,CAMP004,1337,13819,160
2023-07-04,CAMP004,1529,13948,183
2023-07-05,CAMP004,1504,14190,180
2023-07-06,CAMP004,1396,14125,167
2023-07-07,CAMP004,1395,14345,164
2023-07-08,CAMP004,1145,13984,137
2023-07-09,CAMP004,1220,13982,141
2023-07-10,CAMP004,1531,14066,181
2023-07-11,CAMP004,1367,14102,161
2023-07-12,CAMP004,1477,14406,176
2023-07-13,CAMP004,1384,14169,165
2023-07-14,CAMP004,1454,14159,172
2023-07-15,CAMP004,1611,14042,190
2023-07-16,CAMP004,1488,14277,178
2023-07-17,CAMP004,1483,13890,176
2023-07-18,CAMP004,1520,14249,174
2023-07-19,CAMP004,1479,13924,177
2023-07-20,CAMP004,1580,14223,189
2023-07-21,CAMP004,1479,13947,177
2023-07-22,CAMP004,1454,14003,174
2023-07-23,CAMP004,1434,13936,168
2023-07-24,CAMP004,1372,13997,164
2023-07-25,CAMP004,1387,14094,165
2023-07-26,CAMP004,1484,14277,172
2023-07-27,CAMP004,1542,14115,177
2023-07-28,CAMP004,1454,14092,174
2023-07-29,CAMP004,1581,13917,186
2023-07-30,CAMP004,1420,14016,168
2023-07-31,CAMP004,1347,14158,160
2023-08-01,CAMP004,1516,13917,180
2023-08-02,CAMP004,1563,14146,187
2023-08-03,CAMP004,1377,14164,160
2023-08-04,CAMP004,1319,14104,156
2023-08-05,CAMP004,1480,13884,176
2023-08-06,CAMP004,1519,14173,178
2023-08-07,CAMP004,1552,14096,183
2023-08-08,CAMP004,1549,14063,184
2023-08-09,CAMP004,1529,14141,182
2023-08-10,CAMP004,1665,14005,194
2023-08-11,CAMP004,1400,14140,166
2023-08-12,CAMP004,1421,14239,170
2023-08-13,CAMP004,1387,14266,166
2023-08-14,CAMP004,1563,14160,187
2023-08-15,CAMP004,1513,13895,181
2023-08-16,CAMP004,1323,14122,158
2023-08-17,CAMP004,1452,14193,173
2023-08-18,CAMP004,1312,14319,157
2023-08-19,CAMP004,1421,14076,170
2023-08-20,CAMP004,1370,14056,162
2023-08-21,CAMP004,1400,14059,167
2023-08-22,CAMP004,1555,14007,186
2023-08-23,CAMP004,1352,14063,158
2023-08-24,CAMP004,1454,13903,174
2023-08-25,CAMP004,1580,13872,189
2023-08-26,CAMP004,1346,14017,161
2023-08-27,CAMP004,1596,13994,191
2023-08-28,CAMP004,1462,14109,172
2023-08-29,CAMP004,1350,13977,158
2023-08-30,CAMP004,1501,14130,179
2023-08-31,CAMP004,1045,14029,125
2023-09-01,CAMP004,1354,14278,162
2023-09-02,CAMP004,1588,14220,190
2023-09-03,CAMP004,1488,14107,178
2023-09-04,CAMP004,1638,14149,196
2023-09-05,CAMP004,1373,14166,164
2023-09-06,CAMP004,1445,14024,171
2023-09-07,CAMP004,1270,14050,152
2023-09-08,CAMP004,1324,14323,157
2023-09-09,CAMP004,1362,13908,163
2023-09-10,CAMP004,1521,14143,182
2023-09-11,CAMP004,1454,14235,174
2023-07-14,CAMP005,1354,12648,189
2023-07-15,CAMP005,1341,12590,188
2023-07-16,CAMP005,1549,12608,216
2023-07-17,CAMP005,1227,12782,172
2023-07-18,CAMP005,1439,12735,194
2023-07-19,CAMP005,1434,12730,201
2023-07-20,CAMP005,1388,12511,194
2023-07-21,CAMP005,1505,12895,211
2023-07-22,CAMP005,1391,12700,195
2023-07-23,CAMP005,1427,12534,200
2023-07-24,CAMP005,1491,12770,206
2023-07-25,CAMP005,1355,12495,190
2023-07-26,CAMP005,1453,12694,202
2023-07-27,CAMP005,1327,12842,186
2023-07-28,CAMP005,1256,12540,176
2023-07-29,CAMP005,1447,12560,199
2023-07-30,CAMP005,1569,12598,220
2023-07-31,CAMP005,1327,12712,186
2023-08-01,CAMP005,1385,12800,193
2023-08-02,CAMP005,1434,12715,201
2023-08-03,CAMP005,1384,12481,194
2023-08-04,CAMP005,1425,12830,197
2023-08-05,CAMP005,1462,12658,205
2023-08-06,CAMP005,1560,12731,216
2023-08-07,CAMP005,1220,12609,171
2023-08-08,CAMP005,1337,12611,183
2023-08-09,CAMP005,1398,12759,192
2023-08-10,CAMP005,1241,12613,174
2023-08-11,CAMP005,1277,12258,179
2023-08-12,CAMP005,1363,12642,191
2023-08-13,CAMP005,1402,12812,196
2023-08-14,CAMP005,1487,12658,205
2023-08-15,CAMP005,1370,12477,192
2023-08-16,CAMP005,1297,12660,179
2023-08-17,CAMP005,1398,12794,196
2023-08-18,CAMP005,1577,12787,221
2023-08-19,CAMP005,1341,12665,188
2023-08-20,CAMP005,1443,12709,196
2023-08-21,CAMP005,1350,12547,189
2023-08-22,CAMP005,1175,12764,164
2023-08-23,CAMP005,1334,12437,187
2023-08-24,CAMP005,1357,12700,187
2023-08-25,CAMP005,1427,12738,200
2023-08-26,CAMP005,1420,12806,199
2023-08-27,CAMP005,1552,12746,211
2023-08-28,CAMP005,1348,12567,189
2023-08-29,CAMP005,1556,12627,218
2023-08-30,CAMP005,1534,12719,213
2023-08-31,CAMP005,1370,12717,192
2023-09-01,CAMP005,1484,12656,208
2023-09-02,CAMP005,1404,12619,194
2023-09-03,CAMP005,1509,12833,211
2023-09-04,CAMP005,1399,12726,195
2023-09-05,CAMP005,1206,12888,169
2023-09-06,CAMP005,1334,12695,186
2023-09-07,CAMP005,1307,12619,183
2023-09-08,CAMP005,1579,12608,217
2023-09-09,CAMP005,1385,12837,192
2023-09-10,CAMP005,1477,12715,207
2023-09-11,CAMP005,1355,12534,190
2023-09-12,CAMP005,1485,12647,206
2023-09-13,CAMP005,1486,12745,206
2023-09-14,CAMP005,1391,12671,195
2023-09-15,CAMP005,1412,12605,198
2023-09-16,CAMP005,1348,12671,189
2023-09-17,CAMP005,1261,12567,174
2023-09-18,CAMP005,1512,12553,212
2023-09-19,CAMP005,1434,12684,201
2023-09-20,CAMP005,1332,12584,186
2023-09-21,CAMP005,1417,12520,195
2023-09-22,CAMP005,1305,12747,183
2023-09-23,CAMP005,1263,12664,177
2023-09-24,CAMP005,1455,12489,204
2023-09-25,CAMP005,1440,12576,197
2023-09-26,CAMP005,1350,12602,186
2023-09-27,CAMP005,1405,12622,197
2023-09-28,CAMP005,1355,12796,190
2023-09-29,CAMP005,1477,12625,207
2023-09-30,CAMP005,1375,12624,191
2023-10-01,CAMP005,1470,12785,206
2023-10-02,CAMP005,1531,13003,212
2023-10-03,CAMP005,1527,12704,213
2023-10-04,CAMP005,1383,12553,193
2023-10-05,CAMP005,1719,12887,239
2023-10-06,CAMP005,1330,12837,185
2023-10-07,CAMP005,1220,12597,171
2023-10-08,CAMP005,1534,12793,215
2023-10-09,CAMP005,1284,12573,173
2023-10-10,CAMP005,1227,12527,172
2023-10-11,CAMP005,1370,12683,192
2023-10-12,CAMP005,1435,12504,198
2023-10-13,CAMP005,1334,12621,187
2023-10-14,CAMP005,1355,12595,190
2023-10-15,CAMP005,1441,12753,202
2023-10-16,CAMP005,1552,12598,216
2023-10-17,CAMP005,1520,12577,210
2023-10-18,CAMP005,1557,12465,214
2023-10-19,CAMP005,1506,12628,211
2023-10-20,CAMP005,1520,12780,210
2023-10-21,CAMP005,1348,12628,189
2023-10-22,CAMP005,1445,12775,202
2023-10-23,CAMP005,1441,12574,202
2023-10-24,CAMP005,1274,12755,178
2023-10-25,CAMP005,1429,12558,198
2023-10-26,CAMP005,1450,12690,200
2023-10-27,CAMP005,1427,12807,200
2023-10-28,CAMP005,1454,12633,200
2023-10-29,CAMP005,1477,12705,207
2023-10-30,CAMP005,1355,12715,190
2023-10-31,CAMP005,1470,12720,206
2023-11-01,CAMP005,1519,12569,213
2023-11-02,CAMP005,1256,12687,176
2023-11-03,CAMP005,1376,12503,192
2023-11-04,CAMP005,1519,12618,213
2023-11-05,CAMP005,1417,12471,197
2023-11-06,CAMP005,1234,12756,173
2023-11-07,CAMP005,1348,12590,189
2023-11-08,CAMP005,1427,12666,200
2023-11-09,CAMP005,1492,12624,209
2023-11-10,CAMP005,1455,12618,204
2023-11-11,CAMP005,1462,12745,205
2023-11-12,CAMP005,1370,12804,192
2023-11-13,CAMP005,1402,12545,196
2023-11-14,CAMP005,1527,12693,214
2023-11-15,CAMP005,1298,12672,182
2023-11-16,CAMP005,1477,12764,207
2023-11-17,CAMP005,1444,12616,201
2023-11-18,CAMP005,1335,12580,186
2023-11-19,CAMP005,1496,12761,207
2023-11-20,CAMP005,1405,12675,193
2023-11-21,CAMP005,1345,12678,187
2023-11-22,CAMP005,1562,12808,219
2023-11-23,CAMP005,1177,12649,165
2023-11-24,CAMP005,1234,12718,173
2023-11-25,CAMP005,1477,12960,207
2023-11-26,CAMP005,1297,12495,181
2023-11-27,CAMP005,1317,12773,184
2023-11-28,CAMP005,1377,12690,193
2023-11-29,CAMP005,1313,12462,184
2023-11-30,CAMP005,1397,12587,194
2023-12-01,CAMP005,1545,12508,216
2023-11-14,CAMP006,759,4700,72
2023-11-15,CAMP006,836,4647,79
2023-11-16,CAMP006,879,4619,81
2023-11-17,CAMP006,758,4662,73
2023-11-18,CAMP006,821,4740,79
2023-11-19,CAMP006,727,4591,68
2023-11-20,CAMP006,822,4512,78
2023-11-21,CAMP006,914,4545,88
2023-11-22,CAMP006,790,4676,76
2023-11-23,CAMP006,862,4615,83
2023-11-24,CAMP006,862,4588,81
2023-11-25,CAMP006,869,4652,81
2023-11-26,CAMP006,821,4720,79
2023-11-27,CAMP006,722,4613,64
2023-11-28,CAMP006,810,4593,78
2023-11-29,CAMP006,1122,4593,108
2023-11-30,CAMP006,779,4653,70
2023-12-01,CAMP006,914,4717,88
2023-12-02,CAMP006,779,4683,75
2023-12-03,CAMP006,894,4705,82
2023-12-04,CAMP006,816,4651,77
2023-12-05,CAMP006,800,4574,77
2023-12-06,CAMP006,885,4541,83
2023-12-07,CAMP006,945,4580,91
2023-12-08,CAMP006,1070,4586,103
2023-12-09,CAMP006,904,4623,87
2023-12-10,CAMP006,894,4676,86
2023-12-11,CAMP006,862,4649,83
2023-12-12,CAMP006,790,4635,76
2023-12-13,CAMP006,852,4598,82
2023-12-14,CAMP006,832,4626,80
2023-12-15,CAMP006,779,4606,75
2023-12-16,CAMP006,926,4621,87
2023-12-17,CAMP006,800,4572,77
2023-12-18,CAMP006,852,4647,82
2023-12-19,CAMP006,821,4633,79
2023-12-20,CAMP006,727,4554,70
2023-12-21,CAMP006,878,4677,80
2023-12-22,CAMP006,784,4580,73
2023-12-23,CAMP006,904,4597,87
2023-12-24,CAMP006,818,4611,76
2023-12-25,CAMP006,675,4437,65
2023-12-26,CAMP006,799,4575,74
2023-12-27,CAMP006,686,4721,66
2023-12-28,CAMP006,978,4769,92
2023-12-29,CAMP006,870,4741,82
2023-12-30,CAMP006,956,4711,92
2023-12-31,CAMP006,715,4686,68
2024-01-01,CAMP006,727,4746,70
2024-01-02,CAMP006,831,4477,80
2024-01-03,CAMP006,905,4584,84
2024-01-04,CAMP006,719,4507,57
2024-01-05,CAMP006,852,4620,80
2024-01-06,CAMP006,843,4633,81
2024-01-07,CAMP006,862,4636,83
2024-01-08,CAMP006,811,4626,75
2024-01-09,CAMP006,873,4731,84
2024-01-10,CAMP006,873,4576,84
2024-01-11,CAMP006,1028,4503,98
2024-01-12,CAMP006,810,4636,78
2024-01-13,CAMP006,1003,4733,92
2024-01-14,CAMP006,791,4592,73
2024-01-15,CAMP006,821,4638,79
2024-01-16,CAMP006,842,4582,81
2024-01-17,CAMP006,873,4686,84
2024-01-18,CAMP006,727,4591,70
2024-01-19,CAMP006,833,4617,79
2024-01-20,CAMP006,932,4674,88
2024-01-21,CAMP006,913,4586,87
2024-01-22,CAMP006,797,4599,76
2024-01-23,CAMP006,831,4549,80
2024-01-24,CAMP006,789,4613,75
2024-01-25,CAMP006,987,4580,95
2024-01-26,CAMP006,894,4673,86
2024-01-27,CAMP006,1042,4643,96
2024-01-28,CAMP006,933,4562,86
2024-01-29,CAMP006,862,4569,83
2024-01-30,CAMP006,1008,4636,97
2024-01-31,CAMP006,883,4666,81
2024-02-01,CAMP006,1125,4680,103
2024-02-02,CAMP006,561,4635,54
2024-02-03,CAMP006,831,4714,80
2024-02-04,CAMP006,775,4638,74
2024-02-05,CAMP006,1045,4725,97
2024-02-06,CAMP006,748,4619,72
2024-02-07,CAMP006,819,4575,77
2024-02-08,CAMP006,779,4581,75
2024-02-09,CAMP006,925,4641,82
2024-02-10,CAMP006,885,4619,84
2024-02-11,CAMP006,914,4618,88
2024-02-12,CAMP006,904,4542,87
2024-02-13,CAMP006,832,4546,77
2024-02-14,CAMP006,913,4632,86
2024-02-15,CAMP006,821,4583,79
2024-02-16,CAMP006,940,4602,90
2024-02-17,CAMP006,852,4719,82
2024-02-18,CAMP006,935,4580,90
2024-02-19,CAMP006,800,4525,77
2024-02-20,CAMP006,883,4653,85
2024-02-21,CAMP006,987,4623,95
2024-02-22,CAMP006,904,4524,87
2024-02-23,CAMP006,722,4698,68
2024-02-24,CAMP006,938,4602,88
2024-02-25,CAMP006,977,4748,94
2024-02-26,CAMP006,842,4587,81
2024-02-27,CAMP006,1104,4708,104
2024-02-28,CAMP006,925,4549,89
2024-02-29,CAMP006,779,4620,75
2024-03-01,CAMP006,925,4517,87
2024-03-02,CAMP006,871,4609,82
2024-03-03,CAMP006,746,4559,69
2024-03-04,CAMP006,925,4603,89
2024-03-05,CAMP006,966,4709,93
2024-03-06,CAMP006,956,4717,92
2024-03-07,CAMP006,692,4592,65
2024-03-08,CAMP006,779,4587,75
2024-03-09,CAMP006,883,4698,85
2024-01-17,CAMP007,3592,15884,554
2024-01-18,CAMP007,3384,15995,522
2024-01-19,CAMP007,3618,15661,556
2024-01-20,CAMP007,3662,15766,564
2024-01-21,CAMP007,3469,15905,535
2024-01-22,CAMP007,3592,15949,554
2024-01-23,CAMP007,4150,16040,640
2024-01-24,CAMP007,3742,16020,572
2024-01-25,CAMP007,3579,15777,552
2024-01-26,CAMP007,3793,15814,585
2024-01-27,CAMP007,3827,15868,590
2024-01-28,CAMP007,3838,15831,592
2024-01-29,CAMP007,3715,15793,573
2024-01-30,CAMP007,3739,15719,572
2024-01-31,CAMP007,3623,15658,558
2024-02-01,CAMP007,3531,16054,542
2024-02-02,CAMP007,3724,15900,571
2024-02-03,CAMP007,3709,15537,572
2024-02-04,CAMP007,4034,15869,617
2024-02-05,CAMP007,3671,16081,564
2024-02-06,CAMP007,3598,15707,552
2024-02-07,CAMP007,3547,15748,547
2024-02-08,CAMP007,3647,15705,560
2024-02-09,CAMP007,3600,15751,554
2024-02-10,CAMP007,3566,15775,550
2024-02-11,CAMP007,3507,15652,534
2024-02-12,CAMP007,3506,15987,539
2024-02-13,CAMP007,3838,15726,592
2024-02-14,CAMP007,3577,15963,551
2024-02-15,CAMP007,3441,15867,528
2024-02-16,CAMP007,3537,15696,542
2024-02-17,CAMP007,3675,15564,565
2024-02-18,CAMP007,3648,15730,559
2024-02-19,CAMP007,3537,15689,541
2024-02-20,CAMP007,3683,15857,568
2024-02-21,CAMP007,3657,15737,564
2024-02-22,CAMP007,3624,15628,559
2024-02-23,CAMP007,3672,15979,566
2024-02-24,CAMP007,3640,15738,557
2024-02-25,CAMP007,3553,16097,546
2024-02-26,CAMP007,3378,15559,521
2024-02-27,CAMP007,3793,15619,585
2024-02-28,CAMP007,3716,15802,570
2024-02-29,CAMP007,3825,15892,590
2024-03-01,CAMP007,3728,15778,575
2024-03-02,CAMP007,3812,15810,587
2024-03-03,CAMP007,3696,15935,570
2024-03-04,CAMP007,3432,15724,527
2024-03-05,CAMP007,3644,15658,561
2024-03-06,CAMP007,3701,15901,569
2024-03-07,CAMP007,3540,16003,546
2024-03-08,CAMP007,3534,15734,545
2024-03-09,CAMP007,3916,15810,604
2024-03-10,CAMP007,3669,15894,565
2024-03-11,CAMP007,3412,15653,526
2024-03-12,CAMP007,3731,15981,575
2024-03-13,CAMP007,3627,15717,554
2024-03-14,CAMP007,3572,15825,547
2024-03-15,CAMP007,3722,15696,574
2024-03-16,CAMP007,3683,15540,568
2024-03-17,CAMP007,3464,15697,529
2024-03-18,CAMP007,3806,15859,587
2024-03-19,CAMP007,3788,15763,580
2024-03-20,CAMP007,3630,15898,555
2024-03-21,CAMP007,3663,15561,565
2024-03-22,CAMP007,3728,15878,575
2024-03-23,CAMP007,3503,15758,540
2024-04-08,CAMP008,3450,4819,177
2024-04-09,CAMP008,4133,4930,212
2024-04-10,CAMP008,4093,4748,210
2024-04-11,CAMP008,3582,4948,181
2024-04-12,CAMP008,4180,4766,212
2024-04-13,CAMP008,4145,4910,209
2024-04-14,CAMP008,3730,4874,186
2024-04-15,CAMP008,3196,4801,164
2024-04-16,CAMP008,3668,4853,185
2024-04-17,CAMP008,4199,4891,212
2024-04-18,CAMP008,3859,4750,198
2024-04-19,CAMP008,3406,4906,174
2024-04-20,CAMP008,4152,4686,213
2024-04-21,CAMP008,3742,4831,192
2024-04-22,CAMP008,4022,4852,201
2024-04-23,CAMP008,3645,4760,187
2024-04-24,CAMP008,3684,4814,189
2024-04-25,CAMP008,3584,4872,183
2024-04-26,CAMP008,3484,4760,177
2024-04-27,CAMP008,4286,4797,215
2024-04-28,CAMP008,3528,4789,181
2024-04-29,CAMP008,4018,4907,206
2024-04-30,CAMP008,4007,5007,203
2024-05-01,CAMP008,4152,4902,213
2024-05-02,CAMP008,4210,4883,216
2024-05-03,CAMP008,3755,4712,187
2024-05-04,CAMP008,4755,4919,240
2024-05-05,CAMP008,3462,4869,176
2024-05-06,CAMP008,3469,4858,178
2024-05-07,CAMP008,3528,4905,181
2024-05-08,CAMP008,3745,4850,191
2024-05-09,CAMP008,3625,4880,186
2024-05-10,CAMP008,4152,4874,213
2024-05-11,CAMP008,4020,4852,197
2024-05-12,CAMP008,3313,4944,170
2024-05-13,CAMP008,3684,4768,189
2024-05-14,CAMP008,3912,4843,200
2024-05-15,CAMP008,4015,4893,206
2024-05-16,CAMP008,3391,4730,174
2024-05-17,CAMP008,3606,4895,185
2024-05-18,CAMP008,3729,4701,189
2024-05-19,CAMP008,4087,4870,209
2024-05-20,CAMP008,4132,4688,212
2024-05-21,CAMP008,3664,4961,188
2024-05-22,CAMP008,4140,4764,211
2024-05-23,CAMP008,3684,4860,189
2024-05-24,CAMP008,4004,4778,202
2024-05-25,CAMP008,3632,4807,184
2024-05-26,CAMP008,3645,4781,187
2024-05-27,CAMP008,3741,4881,191
2024-05-28,CAMP008,4190,4853,209
2024-05-29,CAMP008,3931,4885,197
2024-05-30,CAMP008,3820,4918,196
2024-05-31,CAMP008,3697,4799,187
2024-06-01,CAMP008,4171,4947,214
2024-06-02,CAMP008,3918,4815,201
2024-06-03,CAMP008,3541,4861,180
2024-06-04,CAMP008,4010,4852,205
2024-06-05,CAMP008,4006,4878,204
2024-06-06,CAMP008,4054,4906,208
2024-06-07,CAMP008,3917,4827,200
2024-06-08,CAMP008,3684,4827,189
2024-06-09,CAMP008,4374,4831,223
2024-06-10,CAMP008,3830,4695,194
2024-06-11,CAMP008,3859,4715,198
2024-06-12,CAMP008,3595,4799,182
2024-06-13,CAMP008,3840,4902,197
2024-06-14,CAMP008,3645,4905,187
2024-06-15,CAMP008,4353,4884,219
2024-06-16,CAMP008,4138,4820,207
2024-06-17,CAMP008,4030,4774,206
2024-06-18,CAMP008,3976,4810,204
2024-06-19,CAMP008,4561,4831,234
2024-06-20,CAMP008,3880,4860,198
2024-06-21,CAMP008,3846,4841,195
2024-06-22,CAMP008,3801,4769,195
2024-06-23,CAMP008,4028,4768,205
2024-06-24,CAMP008,3829,4692,195
2024-06-25,CAMP008,4119,4808,210
2024-06-26,CAMP008,4015,4842,206
2024-06-27,CAMP008,4105,4841,209
2024-06-28,CAMP008,3489,4738,179
2024-06-29,CAMP008,3634,4764,182
2024-06-30,CAMP008,3906,4899,200
2024-07-01,CAMP008,3645,4740,187
2024-07-02,CAMP008,4386,4849,221
2024-07-03,CAMP008,3966,4831,200
2023-01-24,CAMP009,6390,14555,314
2023-01-25,CAMP009,6187,14532,303
2023-01-26,CAMP009,6798,14462,331
2023-01-27,CAMP009,7421,14731,359
2023-01-28,CAMP009,6565,14710,319
2023-01-29,CAMP009,6737,14626,328
2023-01-30,CAMP009,7172,14648,349
2023-01-31,CAMP009,6533,14557,317
2023-02-01,CAMP009,6410,14406,315
2023-02-02,CAMP009,6534,14442,319
2023-02-03,CAMP009,7000,14430,343
2023-02-04,CAMP009,6980,14861,343
2023-02-05,CAMP009,6288,14558,309
2023-02-06,CAMP009,7041,14423,346
2023-02-07,CAMP009,6980,14773,343
2023-02-08,CAMP009,7265,14759,357
2023-02-09,CAMP009,6218,14627,304
2023-02-10,CAMP009,6614,14622,325
2023-02-11,CAMP009,6295,14427,309
2023-02-12,CAMP009,6655,14394,326
2023-02-13,CAMP009,7492,14526,366
2023-02-14,CAMP009,6899,14716,339
2023-02-15,CAMP009,6593,14430,324
2023-02-16,CAMP009,7550,14769,371
2023-02-17,CAMP009,6492,14611,319
2023-02-18,CAMP009,7082,14445,348
2023-02-19,CAMP009,6341,14578,307
2023-02-20,CAMP009,5922,14512,291
2023-02-21,CAMP009,6114,14453,299
2023-02-22,CAMP009,6928,14456,336
2023-02-23,CAMP009,6410,14492,315
2023-02-24,CAMP009,6713,14733,325
2023-02-25,CAMP009,6706,14658,324
2023-02-26,CAMP009,6265,14488,305
2023-02-27,CAMP009,6270,14574,301
2023-02-28,CAMP009,6509,14725,318
2023-03-01,CAMP009,6817,14646,335
2023-03-02,CAMP009,5791,14483,283
2023-03-03,CAMP009,6817,14710,335
2023-03-04,CAMP009,6390,14622,314
2023-04-15,CAMP010,19135,17201,801
2023-04-16,CAMP010,18579,16730,779
2023-04-17,CAMP010,19033,17196,792
2023-04-18,CAMP010,19581,17073,821
2023-04-19,CAMP010,18460,16828,774
2023-04-20,CAMP010,19128,17090,802
2023-04-21,CAMP010,19700,17110,826
2023-04-22,CAMP010,20382,17279,854
2023-04-23,CAMP010,18441,17074,773
2023-04-24,CAMP010,18415,17305,769
2023-04-25,CAMP010,19002,17062,796
2023-04-26,CAMP010,19500,17081,817
2023-04-27,CAMP010,19037,16984,797
2023-04-28,CAMP010,19772,17202,829
2023-04-29,CAMP010,18653,17182,781
2023-04-30,CAMP010,18401,17054,769
2023-05-01,CAMP010,18735,17074,783
2023-05-02,CAMP010,17410,17055,730
2023-05-03,CAMP010,17005,17159,713
2023-05-04,CAMP010,18054,17098,757
2023-05-05,CAMP010,19463,17153,815
2023-05-06,CAMP010,18603,17175,780
2023-05-07,CAMP010,19080,17118,800
2023-05-08,CAMP010,18091,16946,757
2023-05-09,CAMP010,18722,16821,785
2023-05-10,CAMP010,18818,16971,789
2023-05-11,CAMP010,18518,17153,771
2023-05-12,CAMP010,19422,17137,810
2023-05-13,CAMP010,18484,17233,775
2023-05-14,CAMP010,19871,17063,829
2023-05-15,CAMP010,19130,17185,798
2023-05-16,CAMP010,17577,17141,737
2023-05-17,CAMP010,19896,17030,826
2023-05-18,CAMP010,19581,17266,821
2023-05-19,CAMP010,18913,17216,793
2023-05-20,CAMP010,17983,17121,754
2023-05-21,CAMP010,18374,16954,770
2023-05-22,CAMP010,18460,16978,774
2023-05-23,CAMP010,19322,17180,810
2023-05-24,CAMP010,19042,16996,795
2023-05-25,CAMP010,18074,16959,757
2023-05-26,CAMP010,17673,17086,741
2023-05-27,CAMP010,19886,17109,829
2023-05-28,CAMP010,19962,17047,837
2023-05-29,CAMP010,19392,17200,810
2023-05-30,CAMP010,19819,16971,831
2023-05-31,CAMP010,20244,17148,848
2023-06-01,CAMP010,18371,17400,770
2023-06-02,CAMP010,19284,17385,808
2023-06-03,CAMP010,19724,17095,827
2023-06-04,CAMP010,18937,17014,794
2023-06-05,CAMP010,18794,17217,788
2023-06-06,CAMP010,18495,17109,774
2023-06-07,CAMP010,20296,16990,851
2023-06-08,CAMP010,18341,17018,769
2023-06-09,CAMP010,18818,17142,789
2023-06-10,CAMP010,18054,17370,757
2023-06-11,CAMP010,18841,17117,790
2023-06-12,CAMP010,19621,17013,822
2023-06-13,CAMP010,18589,17220,779
2023-06-14,CAMP010,17458,17259,732
2023-06-15,CAMP010,19514,17311,818
2023-06-16,CAMP010,18651,17165,782
2023-06-17,CAMP010,18317,17174,768
2023-06-18,CAMP010,18818,17359,789
2023-06-19,CAMP010,19128,17216,802
2023-06-20,CAMP010,17959,17111,753
2023-06-21,CAMP010,18078,17219,758
2023-06-22,CAMP010,18865,17298,789
2023-06-23,CAMP010,17291,17014,725
2023-06-24,CAMP010,19579,17221,820
2023-06-25,CAMP010,19247,17207,807
2023-06-26,CAMP010,18484,17176,775
2023-06-27,CAMP010,18269,17128,766
2023-06-28,CAMP010,18328,17004,767
2023-06-29,CAMP010,19754,17164,827
2023-06-30,CAMP010,18803,17020,786
2023-07-01,CAMP010,17353,17175,722
2023-07-02,CAMP010,18267,17237,765
2023-07-03,CAMP010,18482,17226,774
2023-05-29,CAMP011,3662,4899,220
2023-05-30,CAMP011,3780,5062,227
2023-05-31,CAMP011,3931,4928,231
2023-06-01,CAMP011,3752,5047,228
2023-06-02,CAMP011,3944,4950,235
2023-06-03,CAMP011,4048,4920,246
2023-06-04,CAMP011,4180,5043,254
2023-06-05,CAMP011,4032,5002,245
2023-06-06,CAMP011,4032,4980,245
2023-06-07,CAMP011,3818,4897,232
2023-06-08,CAMP011,3917,4961,238
2023-06-09,CAMP011,3620,4934,220
2023-06-10,CAMP011,3982,5029,242
2023-06-11,CAMP011,3996,4931,241
2023-06-12,CAMP011,3949,4943,240
2023-06-13,CAMP011,3966,4959,241
2023-06-14,CAMP011,3970,5104,237
2023-06-15,CAMP011,3848,5152,233
2023-06-16,CAMP011,3824,5017,232
2023-06-17,CAMP011,4262,5028,259
2023-06-18,CAMP011,3671,5006,223
2023-06-19,CAMP011,3531,4982,213
2023-06-20,CAMP011,3785,5104,230
2023-06-21,CAMP011,4020,5011,241
2023-06-22,CAMP011,3744,4808,223
2023-06-23,CAMP011,4004,4874,240
2023-06-24,CAMP011,4131,5073,251
2023-06-25,CAMP011,3785,5059,230
2023-06-26,CAMP011,4015,4911,244
2023-06-27,CAMP011,3840,4931,233
2023-06-28,CAMP011,3445,5027,207
2023-06-29,CAMP011,3884,5046,236
2023-06-30,CAMP011,3752,4757,228
2023-07-01,CAMP011,4120,4949,246
2023-07-02,CAMP011,4443,5001,270
2023-07-03,CAMP011,4493,4999,270
2023-07-04,CAMP011,3811,4974,229
2023-07-05,CAMP011,3834,4948,233
2023-07-06,CAMP011,3912,5034,237
2023-07-07,CAMP011,3620,5149,220
2023-07-08,CAMP011,4361,4930,265
2023-07-09,CAMP011,4065,5056,247
2023-07-10,CAMP011,3801,5024,231
2023-07-11,CAMP011,3721,4961,225
2023-07-12,CAMP011,3867,4970,235
2023-07-13,CAMP011,3961,4898,240
2023-07-14,CAMP011,4098,5121,249
2023-07-15,CAMP011,3719,4979,226
2023-07-16,CAMP011,4838,5152,294
2023-07-17,CAMP011,3653,4903,222
2023-07-18,CAMP011,4114,4992,250
2023-07-19,CAMP011,4249,4953,257
2023-07-20,CAMP011,3906,5022,237
2023-07-21,CAMP011,4295,5011,261
2023-07-22,CAMP011,3686,5010,224
2023-07-23,CAMP011,4309,5103,260
2023-07-24,CAMP011,4020,5077,239
2023-07-25,CAMP011,3933,4960,239
2023-07-26,CAMP011,3846,4991,232
2023-07-27,CAMP011,3952,4985,234
2023-07-28,CAMP011,4099,4926,249
2023-07-29,CAMP011,3361,4864,200
2023-07-30,CAMP011,4098,4965,249
2023-07-31,CAMP011,4462,4938,267
2023-08-01,CAMP011,4048,4975,246
2023-08-02,CAMP011,3917,4941,238
2023-08-03,CAMP011,3969,5013,239
2023-08-04,CAMP011,4196,5032,252
2023-08-05,CAMP011,3842,4869,230
2023-08-06,CAMP011,3957,4982,237
2023-08-07,CAMP011,3818,4981,232
2023-08-08,CAMP011,3637,5026,221
2023-08-09,CAMP011,4427,4944,269
2023-08-10,CAMP011,3884,5026,236
2023-08-11,CAMP011,3968,5111,240
2023-08-12,CAMP011,4427,4992,269
2023-08-13,CAMP011,4230,4941,257
2023-08-14,CAMP011,4106,4999,247
2023-08-15,CAMP011,3849,5034,233
2023-08-16,CAMP011,4010,5028,237
2023-08-17,CAMP011,3937,5012,233
2023-08-18,CAMP011,3933,5001,239
2023-08-19,CAMP011,4015,5033,244
2023-08-20,CAMP011,4196,4988,255
2023-08-21,CAMP011,3917,4902,238
2023-08-22,CAMP011,4271,5059,258
2023-08-23,CAMP011,3966,5122,241
2023-08-24,CAMP011,3472,4925,211
2023-08-25,CAMP011,3834,5072,233
2023-08-26,CAMP011,3806,5065,229
2023-08-27,CAMP011,4196,4988,255
2023-08-28,CAMP011,3686,4915,224
2023-08-29,CAMP011,4157,4911,250
2023-08-30,CAMP011,4070,5107,246
2023-08-31,CAMP011,4036,4866,244
2023-09-01,CAMP011,4175,5000,251
2023-09-02,CAMP011,3637,5092,221
2023-09-03,CAMP011,3514,4810,213
2023-09-04,CAMP011,3884,5026,236
2023-09-05,CAMP011,3899,4921,234
2023-09-06,CAMP011,4086,4872,246
2023-09-07,CAMP011,3851,5001,234
2023-09-08,CAMP011,3700,5023,221
2023-09-09,CAMP011,3900,4976,237
2023-09-10,CAMP011,4021,4943,241
2023-09-11,CAMP011,3366,4939,204
2023-09-12,CAMP011,3834,4998,233
2023-09-13,CAMP011,4229,4994,257
2023-09-14,CAMP011,4015,5071,244
2023-09-15,CAMP011,3851,4999,234
2023-09-16,CAMP011,4196,4939,255
2023-09-17,CAMP011,3663,5018,221
2023-09-18,CAMP011,4180,4999,254
2023-09-19,CAMP011,3505,4963,213
2023-09-20,CAMP011,4229,5001,257
2023-09-21,CAMP011,4312,5016,262
2023-09-22,CAMP011,3963,5109,240
2023-09-23,CAMP011,4131,4992,251
2023-09-24,CAMP011,3900,4973,237
2023-09-25,CAMP011,3867,5012,235
2023-09-26,CAMP011,3555,5007,216
2023-09-27,CAMP011,4634,4945,279
2023-09-28,CAMP011,4328,4999,263
2023-09-29,CAMP011,3690,4968,220
2023-09-30,CAMP011,4034,5025,241
2023-10-01,CAMP011,3935,5059,236
2023-10-02,CAMP011,3766,5043,225
2023-10-03,CAMP011,3537,4996,214
2023-10-04,CAMP011,3851,5082,234
2023-10-05,CAMP011,4111,5034,248
2023-10-06,CAMP011,3781,4850,227
2023-10-07,CAMP011,3663,4870,222
2023-10-08,CAMP011,3703,5074,225
2023-10-09,CAMP011,3999,5086,243
2023-10-10,CAMP011,3964,4964,239
2023-10-11,CAMP011,3883,4953,235
2023-10-12,CAMP011,4032,4987,245
2023-10-13,CAMP011,3640,5068,221
2023-10-14,CAMP011,3753,4969,226
2023-10-15,CAMP011,3719,5165,226
2023-10-16,CAMP011,4019,4963,242
2023-10-17,CAMP011,3919,4983,236
2023-10-18,CAMP011,3982,4943,242
2023-10-19,CAMP011,3785,4961,230
2023-10-20,CAMP011,3231,4986,195
2023-10-21,CAMP011,3845,4997,231
2023-10-22,CAMP011,3852,4976,230
2023-10-23,CAMP011,3949,4938,240
2023-10-24,CAMP011,3933,5021,239
2023-10-25,CAMP011,4065,4997,245
2023-10-26,CAMP011,4008,4921,240
2023-10-27,CAMP011,4228,5067,252
2023-10-28,CAMP011,4114,4980,250
2023-10-29,CAMP011,3423,5022,208
2023-10-30,CAMP011,3851,4961,234
2023-10-31,CAMP011,4070,5064,245
2023-11-01,CAMP011,4147,5021,252
2023-11-02,CAMP011,3528,5019,211
2023-11-03,CAMP011,3862,4937,232
2023-11-04,CAMP011,3725,4995,225
2023-11-05,CAMP011,4525,5050,275
2023-11-06,CAMP011,3917,5019,238
2023-11-07,CAMP011,4314,5036,260
2023-11-08,CAMP011,3900,5019,237
2023-11-09,CAMP011,4048,4896,246
2023-11-10,CAMP011,4180,5033,254
2023-11-11,CAMP011,3991,5023,240
2023-11-12,CAMP011,4110,4943,249
2023-11-13,CAMP011,3599,4852,218
2023-06-14,CAMP012,4653,13962,531
2023-06-15,CAMP012,4960,14138,566
2023-06-16,CAMP012,4811,14138,549
2023-06-17,CAMP012,5048,14110,576
2023-06-18,CAMP012,5320,13955,607
2023-06-19,CAMP012,4930,13998,558
2023-06-20,CAMP012,5038,14111,572
2023-06-21,CAMP012,4873,14203,556
2023-06-22,CAMP012,4997,13927,568
2023-06-23,CAMP012,4790,13843,546
2023-06-24,CAMP012,5048,14123,576
2023-06-25,CAMP012,5199,13963,592
2023-06-26,CAMP012,4699,13771,534
2023-06-27,CAMP012,5127,13918,585
2023-06-28,CAMP012,5022,14129,573
2023-06-29,CAMP012,4798,13787,547
2023-06-30,CAMP012,4987,14125,569
2023-07-01,CAMP012,4894,14084,558
2023-07-02,CAMP012,4662,14027,532
2023-07-03,CAMP012,4785,13868,546
2023-07-04,CAMP012,5048,14141,576
2023-07-05,CAMP012,4976,13943,567
2023-07-06,CAMP012,5262,14128,598
2023-07-07,CAMP012,4995,14025,569
2023-07-08,CAMP012,5013,14105,572
2023-07-09,CAMP012,5189,14102,590
2023-07-10,CAMP012,5069,14003,578
2023-07-11,CAMP012,4878,14032,555
2023-07-12,CAMP012,5076,14059,576
2023-07-13,CAMP012,4899,13927,559
2023-07-14,CAMP012,5127,14022,585
2023-07-15,CAMP012,4715,13765,538
2023-07-16,CAMP012,4794,13918,547
2023-07-17,CAMP012,4948,14015,559
2023-07-18,CAMP012,4764,14207,541
2023-07-19,CAMP012,4925,14059,562
2023-07-20,CAMP012,5304,13900,604
2023-07-21,CAMP012,5232,14190,597
2023-07-22,CAMP012,5129,14101,582
2023-07-23,CAMP012,4997,14045,570
2023-07-24,CAMP012,5188,13821,592
2023-07-25,CAMP012,4788,13998,546
2023-07-26,CAMP012,5110,14287,582
2023-07-27,CAMP012,5101,13957,582
2023-07-28,CAMP012,4899,13982,559
2023-07-29,CAMP012,4794,13795,547
2023-07-30,CAMP012,5174,14028,589
2023-07-31,CAMP012,4417,13977,504
2023-08-01,CAMP012,4811,14101,549
2023-08-02,CAMP012,4934,13960,563
2023-08-03,CAMP012,5144,14086,587
2023-08-04,CAMP012,5381,14164,612
2023-08-05,CAMP012,5363,14130,612
2023-08-06,CAMP012,4899,13940,559
2023-08-07,CAMP012,5206,13914,594
2023-08-08,CAMP012,4903,14040,558
2023-08-09,CAMP012,4750,13884,542
2023-08-10,CAMP012,4804,14020,548
2023-08-11,CAMP012,5075,14052,578
2023-08-12,CAMP012,4934,14036,563
2023-08-13,CAMP012,4559,14109,519
2023-08-14,CAMP012,4811,14064,549
2023-08-15,CAMP012,5162,14225,589
2023-08-16,CAMP012,5127,14233,585
2023-08-17,CAMP012,5182,14024,589
2023-08-18,CAMP012,4970,13995,565
2023-08-19,CAMP012,4942,13960,559
2023-08-20,CAMP012,5263,14220,600
2023-08-21,CAMP012,4592,13926,524
2023-08-22,CAMP012,4741,14042,541
2023-08-23,CAMP012,4661,14222,530
2023-08-24,CAMP012,5131,14024,581
2023-08-25,CAMP012,5091,14230,580
2023-08-26,CAMP012,5109,14103,583
2023-08-27,CAMP012,5046,14060,575
2023-08-28,CAMP012,5194,14051,592
2023-08-29,CAMP012,5075,13998,579
2023-08-30,CAMP012,4794,14149,547
2023-08-31,CAMP012,5004,13943,571
2023-09-01,CAMP012,4908,14183,560
2023-09-02,CAMP012,5030,13986,571
2023-09-03,CAMP012,5439,14006,620
2023-09-04,CAMP012,5013,14276,572
2023-09-05,CAMP012,4838,14113,552
2023-09-06,CAMP012,4881,13848,557
2023-09-07,CAMP012,4746,13898,536
2023-09-08,CAMP012,5245,14219,598
2023-09-09,CAMP012,5171,13999,590
2023-09-10,CAMP012,4866,14108,553
2024-06-12,CAMP013,1585,8137,89
2024-06-13,CAMP013,1407,8039,79
2024-06-14,CAMP013,1479,7979,83
2024-06-15,CAMP013,2024,7957,110
2024-06-16,CAMP013,1560,7978,87
2024-06-17,CAMP013,1496,7976,84
2024-06-18,CAMP013,1585,8001,89
2024-06-19,CAMP013,1667,7989,86
2024-06-20,CAMP013,1453,8123,78
2024-06-21,CAMP013,1746,7982,98
2024-06-22,CAMP013,1585,7901,89
2024-06-23,CAMP013,1781,8151,100
2024-06-24,CAMP013,1621,8071,91
2024-06-25,CAMP013,1577,7981,88
2024-06-26,CAMP013,1961,8075,103
2024-06-27,CAMP013,1613,7894,86
2024-06-28,CAMP013,1463,7876,82
2024-06-29,CAMP013,1657,7906,93
2024-06-30,CAMP013,1721,7967,96
2024-07-01,CAMP013,1978,8120,108
2024-07-02,CAMP013,1674,7980,94
2024-07-03,CAMP013,1496,7956,84
2024-07-04,CAMP013,1755,7867,93
2024-07-05,CAMP013,1903,7927,106
2024-07-06,CAMP013,1527,7861,81
2024-07-07,CAMP013,1794,8055,100
2024-07-08,CAMP013,1823,7992,98
2024-07-09,CAMP013,1781,8234,100
2024-07-10,CAMP013,1861,7980,103
2024-07-11,CAMP013,1845,8151,99
2024-07-12,CAMP013,1639,8108,89
2024-07-13,CAMP013,1461,8176,82
2024-07-14,CAMP013,1686,7942,92
2024-07-15,CAMP013,1674,8050,94
2024-07-16,CAMP013,1621,8107,91
2024-07-17,CAMP013,1631,7829,90
2024-07-18,CAMP013,1624,7865,87
2024-07-19,CAMP013,1363,7813,74
2024-07-20,CAMP013,1443,7877,81
2024-02-17,CAMP014,1746,5776,123
2024-02-18,CAMP014,1917,5809,135
2024-02-19,CAMP014,1860,5939,131
2024-02-20,CAMP014,1846,5933,127
2024-02-21,CAMP014,1863,5825,130
2024-02-22,CAMP014,2130,5761,150
2024-02-23,CAMP014,1959,5894,138
2024-02-24,CAMP014,1914,5789,134
2024-02-25,CAMP014,1803,5867,127
2024-02-26,CAMP014,1789,5784,126
2024-02-27,CAMP014,1604,5841,113
2024-02-28,CAMP014,1816,5904,126
2024-02-29,CAMP014,1928,5855,133
2024-03-01,CAMP014,1861,5825,130
2024-03-02,CAMP014,2206,5841,154
2024-03-03,CAMP014,1605,5725,112
2024-03-04,CAMP014,2483,5895,169
2024-03-05,CAMP014,1868,6146,131
2024-03-06,CAMP014,1832,5807,129
2024-03-07,CAMP014,1846,5890,130
2024-03-08,CAMP014,1974,5907,137
2024-03-09,CAMP014,2060,5837,142
2024-03-10,CAMP014,2076,5865,144
2024-03-11,CAMP014,1979,5847,137
2024-03-12,CAMP014,1825,5832,128
2024-03-13,CAMP014,1903,5822,134
2024-03-14,CAMP014,1718,5828,121
2024-03-15,CAMP014,1732,5844,122
2024-03-16,CAMP014,1661,5882,117
2024-03-17,CAMP014,2002,5785,141
2024-03-18,CAMP014,1906,5888,134
2024-03-19,CAMP014,1874,5835,132
2024-03-20,CAMP014,1917,5771,135
2024-03-21,CAMP014,1918,5886,133
2024-03-22,CAMP014,2104,5776,146
2024-03-23,CAMP014,1746,5849,123
2024-03-24,CAMP014,2121,5877,149
2024-03-25,CAMP014,1861,5746,129
2024-03-26,CAMP014,1732,5907,122
2024-03-27,CAMP014,1866,6065,129
2024-03-28,CAMP014,1484,5929,104
2024-03-29,CAMP014,1946,5911,134
2024-03-30,CAMP014,1569,5727,110
2024-03-31,CAMP014,1789,5899,126
2024-04-01,CAMP014,1923,6030,134
2024-04-02,CAMP014,1934,5936,134
2024-04-03,CAMP014,1870,5812,131
2024-04-04,CAMP014,1817,5826,128
2024-04-05,CAMP014,1590,5794,112
2024-04-06,CAMP014,1846,5886,130
2024-04-07,CAMP014,1675,5821,118
2024-04-08,CAMP014,1683,5812,118
2024-04-09,CAMP014,1796,5673,126
2024-04-10,CAMP014,2016,5705,142
2024-04-11,CAMP014,1619,5875,114
2024-04-12,CAMP014,1725,6032,121
2024-04-13,CAMP014,1739,5870,118
2024-04-14,CAMP014,2051,5865,141
2024-04-15,CAMP014,1803,5703,127
2024-04-16,CAMP014,1777,5794,124
2024-04-17,CAMP014,2045,5740,144
2024-04-18,CAMP014,1548,5788,109
2024-04-19,CAMP014,2059,5902,145
2024-04-20,CAMP014,1888,5692,133
2024-04-21,CAMP014,1945,5758,137
2024-04-22,CAMP014,1903,5773,134
2024-04-23,CAMP014,1527,6007,107
2024-04-24,CAMP014,1865,5802,128
2024-04-25,CAMP014,2030,5695,143
2024-04-26,CAMP014,2022,5887,141
2024-04-27,CAMP014,1931,5884,136
2024-04-28,CAMP014,1800,5852,126
2024-04-29,CAMP014,1761,5801,124
2024-04-30,CAMP014,1945,5859,137
2024-05-01,CAMP014,1491,5863,105
2024-05-02,CAMP014,2002,5906,141
2024-05-03,CAMP014,1925,6035,135
2024-05-04,CAMP014,1775,5997,125
2024-05-05,CAMP014,1860,5906,131
2024-05-06,CAMP014,1772,5835,123
2024-05-07,CAMP014,2030,5988,143
2024-05-08,CAMP014,2038,5875,143
2024-05-09,CAMP014,1888,5836,132
2024-05-10,CAMP014,1917,5929,135
2024-05-11,CAMP014,1817,5833,128
2024-05-12,CAMP014,1888,5945,133
2024-05-13,CAMP014,1832,5943,129
2024-05-14,CAMP014,1879,5804,126
2024-05-15,CAMP014,2020,5852,137
2024-05-16,CAMP014,1675,5839,118
2024-05-17,CAMP014,1846,5829,130
2024-05-18,CAMP014,1958,5887,137
2024-05-19,CAMP014,2195,5891,153
2024-05-20,CAMP014,1690,5916,119
2024-05-21,CAMP014,1533,5893,108
2024-05-22,CAMP014,2066,5963,140
2024-05-23,CAMP014,2044,5935,141
2024-05-24,CAMP014,1803,5790,127
2024-05-25,CAMP014,1860,5920,131
2024-05-26,CAMP014,1761,6029,124
2024-05-27,CAMP014,1840,5842,129
2024-05-28,CAMP014,1725,5761,120
2024-05-29,CAMP014,1888,5991,133
2024-05-30,CAMP014,2030,6012,143
2024-05-31,CAMP014,1783,5836,125
2024-06-01,CAMP014,1997,5931,139
2024-06-02,CAMP014,2130,5895,150
2024-06-03,CAMP014,1718,5967,121
2024-06-04,CAMP014,1911,5819,133
2024-06-05,CAMP014,1959,5720,138
2024-06-06,CAMP014,1704,5948,120
2024-06-07,CAMP014,2076,5766,146
2024-06-08,CAMP014,1931,5905,136
2024-06-09,CAMP014,1998,5981,138
2024-06-10,CAMP014,2063,5973,144
2024-06-11,CAMP014,2300,5882,162
2024-06-12,CAMP014,1782,5748,125
2024-06-13,CAMP014,2095,5915,144
2024-06-14,CAMP014,1846,5879,130
2024-06-15,CAMP014,2002,5861,141
2024-06-16,CAMP014,2381,5982,163
2024-06-17,CAMP014,1832,5845,129
2024-06-18,CAMP014,2002,5812,141
2024-06-19,CAMP014,1789,5840,126
2024-06-20,CAMP014,2073,5813,146
2023-06-19,CAMP015,1067,4593,57
2023-06-20,CAMP015,1067,4748,57
2023-06-21,CAMP015,1300,4696,69
2023-06-22,CAMP015,852,4749,44
2023-06-23,CAMP015,861,4558,46
2023-06-24,CAMP015,1367,4636,73
2023-06-25,CAMP015,1067,4723,57
2023-06-26,CAMP015,1000,4815,53
2023-06-27,CAMP015,1196,4772,62
2023-06-28,CAMP015,1266,4797,66
2023-06-29,CAMP015,1067,4748,57
2023-06-30,CAMP015,1085,4777,57
2023-07-01,CAMP015,1217,4705,65
2023-07-02,CAMP015,1040,4648,53
2023-07-03,CAMP015,1030,4605,55
2023-07-04,CAMP015,1237,4692,61
2023-07-05,CAMP015,1313,4697,70
2023-07-06,CAMP015,880,4734,46
2023-07-07,CAMP015,1386,4831,74
2023-07-08,CAMP015,993,4718,53
2023-07-09,CAMP015,1080,4539,57
2023-07-10,CAMP015,1240,4643,66
2023-07-11,CAMP015,1124,4714,60
2023-07-12,CAMP015,974,4645,52
2023-07-13,CAMP015,1035,4582,55
2023-07-14,CAMP015,892,4825,47
2023-07-15,CAMP015,1138,4785,59
2023-07-16,CAMP015,1102,4721,55
2023-07-17,CAMP015,1217,4801,65
2023-07-18,CAMP015,1124,4737,60
2023-07-19,CAMP015,1142,4682,61
2023-07-20,CAMP015,1423,4716,76
2023-07-21,CAMP015,1161,4795,62
2023-07-22,CAMP015,978,4557,49
2023-07-23,CAMP015,1589,4659,83
2023-07-24,CAMP015,1273,4744,68
2023-07-25,CAMP015,1086,4711,58
2023-07-26,CAMP015,1330,4634,71
2023-07-27,CAMP015,1142,4784,61
2023-07-28,CAMP015,1266,4722,66
2023-07-29,CAMP015,1311,4688,70
2023-07-30,CAMP015,967,4653,46
2023-07-31,CAMP015,1030,4663,55
2023-08-01,CAMP015,1239,4708,63
2023-08-02,CAMP015,1236,4701,66
2023-08-03,CAMP015,1221,4756,62
2023-08-04,CAMP015,1086,4706,58
2023-08-05,CAMP015,1280,4613,66
2023-08-06,CAMP015,1049,4645,56
2023-08-07,CAMP015,1199,4751,64
2023-08-08,CAMP015,1217,4705,65
2023-08-09,CAMP015,985,4831,51
2023-08-10,CAMP015,962,4570,50
2023-08-11,CAMP015,1664,4688,84
2023-08-12,CAMP015,1173,4562,60
2023-08-13,CAMP015,1161,4647,62
2023-08-14,CAMP015,1236,4679,66
2023-08-15,CAMP015,1142,4486,61
2023-08-16,CAMP015,1105,4734,59
2023-08-17,CAMP015,1143,4743,59
2023-08-18,CAMP015,1086,4762,58
2023-08-19,CAMP015,1161,4769,62
2023-08-20,CAMP015,1228,4640,65
2023-08-21,CAMP015,1142,4678,61
2023-08-22,CAMP015,1253,4698,62
2023-08-23,CAMP015,1463,4850,77
2023-08-24,CAMP015,1175,4758,61
2023-08-25,CAMP015,1393,4733,69
2023-08-26,CAMP015,1236,4683,66
2023-08-27,CAMP015,1145,4687,61
2023-08-28,CAMP015,1311,4677,70
2023-08-29,CAMP015,1123,4724,59
2023-08-30,CAMP015,1185,4642,60
2023-08-31,CAMP015,1185,4543,59
2023-09-01,CAMP015,1275,4659,68
2023-09-02,CAMP015,1124,4661,60
2023-09-03,CAMP015,1292,4674,69
2023-09-04,CAMP015,1199,4694,64
2023-09-05,CAMP015,1433,4679,76
2023-09-06,CAMP015,1315,4686,66
2023-09-07,CAMP015,1124,4618,60
2023-09-08,CAMP015,1330,4592,71
2023-09-09,CAMP015,1393,4663,70
2023-09-10,CAMP015,1199,4622,64
2023-09-11,CAMP015,1389,4658,73
2023-09-12,CAMP015,974,4673,52
2023-09-13,CAMP015,1246,4564,64
2023-09-14,CAMP015,1152,4540,59
2023-09-15,CAMP015,968,4597,51
2023-09-16,CAMP015,1173,4778,60
2023-09-17,CAMP015,1055,4595,56
2023-09-18,CAMP015,1402,4829,73
2023-09-19,CAMP015,1379,4776,68
2023-09-20,CAMP015,1151,4614,58
2023-09-21,CAMP015,861,4718,46
2023-09-22,CAMP015,1273,4731,68
2023-09-23,CAMP015,1030,4784,55
2023-09-24,CAMP015,1386,4838,74
2023-09-25,CAMP015,1487,4704,79
2023-09-26,CAMP015,1199,4706,64
2023-09-27,CAMP015,1295,4712,67
2023-09-28,CAMP015,980,4712,52
2023-09-29,CAMP015,1241,4661,65
2023-09-30,CAMP015,978,4528,52
2023-10-01,CAMP015,1218,4630,63
2023-10-02,CAMP015,1217,4654,65
2023-10-03,CAMP015,1291,4742,64
2023-10-04,CAMP015,1259,4742,66
2023-10-05,CAMP015,1246,4735,65
2023-10-06,CAMP015,1106,4673,57
2023-10-07,CAMP015,1207,4609,61
2023-10-08,CAMP015,1113,4670,57
2023-10-09,CAMP015,1178,4764,62
2023-10-10,CAMP015,1367,4817,73
2023-10-11,CAMP015,1086,4641,58
2023-10-12,CAMP015,1589,4722,84
2023-10-13,CAMP015,1405,4697,75
2023-10-14,CAMP015,993,4695,53
2023-10-15,CAMP015,1319,4664,63
2023-10-16,CAMP015,1180,4669,63
2023-10-17,CAMP015,1112,4728,59
2023-10-18,CAMP015,1140,4759,57
2023-10-19,CAMP015,1388,4709,71
2023-10-20,CAMP015,1366,4789,69
2023-10-21,CAMP015,1217,4723,65
2023-10-22,CAMP015,1273,4801,68
2023-10-23,CAMP015,1369,4697,71
2023-10-24,CAMP015,1517,4647,81
2023-10-25,CAMP015,1205,4577,59
2023-10-26,CAMP015,1272,4586,67
2023-10-27,CAMP015,1308,4654,69
2023-10-28,CAMP015,1321,4826,69
2023-10-29,CAMP015,1367,4739,73
2023-10-30,CAMP015,1116,4581,59
2023-10-31,CAMP015,1086,4705,58
2023-11-01,CAMP015,1182,4725,63
2023-11-02,CAMP015,974,4684,52
2023-11-03,CAMP015,1180,4807,62
2023-11-04,CAMP015,1292,4706,69
2023-11-05,CAMP015,1030,4756,55
2023-11-06,CAMP015,1248,4679,65
2023-11-07,CAMP015,1122,4538,59
2023-11-08,CAMP015,1292,4592,69
2023-11-09,CAMP015,1236,4788,66
2023-11-10,CAMP015,1180,4761,63
2023-11-11,CAMP015,1355,4831,66
2023-11-12,CAMP015,1273,4807,68
2023-11-13,CAMP015,1393,4695,69
2023-11-14,CAMP015,1461,4806,78
2023-11-15,CAMP015,1321,4656,69
2023-11-16,CAMP015,1311,4606,70
2023-11-17,CAMP015,1348,4604,72
2023-11-18,CAMP015,1368,4798,70
2023-11-19,CAMP015,1380,4741,71
2023-11-20,CAMP015,1423,4791,76
2023-11-21,CAMP015,1142,4615,61
2023-11-22,CAMP015,1282,4672,62
2023-11-23,CAMP015,1451,4731,73
2023-11-24,CAMP015,1211,4728,64
2023-11-25,CAMP015,1273,4729,68
2023-11-26,CAMP015,1014,4751,53
2023-11-27,CAMP015,1189,4704,63
2023-11-28,CAMP015,1233,4690,62
2023-11-29,CAMP015,1180,4566,63
2023-11-30,CAMP015,961,4669,51
2023-12-01,CAMP015,1067,4686,57
2023-12-02,CAMP015,1296,4714,65
2023-12-03,CAMP015,1267,4672,62
2023-12-04,CAMP015,1011,4708,54
2023-12-05,CAMP015,1028,4774,53
2023-12-06,CAMP015,1133,4661,56
2023-12-07,CAMP015,1049,4786,56
2023-12-08,CAMP015,1255,4671,67
2023-12-09,CAMP015,962,4776,48
2023-12-10,CAMP015,1213,4663,63
2024-05-30,CAMP016,6469,9300,372
2024-05-31,CAMP016,6544,9336,371
2024-06-01,CAMP016,6434,9379,370
2024-06-02,CAMP016,6365,9264,366
2024-06-03,CAMP016,6876,9407,393
2024-06-04,CAMP016,6434,9343,370
2024-06-05,CAMP016,6265,9156,360
2024-06-06,CAMP016,6226,9430,358
2024-06-07,CAMP016,6382,9422,367
2024-06-08,CAMP016,5860,9318,337
2024-06-09,CAMP016,6156,9305,354
2024-06-10,CAMP016,6651,9264,379
2024-06-11,CAMP016,6226,9318,358
2024-06-12,CAMP016,6887,9325,396
2024-06-13,CAMP016,5721,9157,329
2024-06-14,CAMP016,6576,9314,376
2024-06-15,CAMP016,6488,9341,367
2024-06-16,CAMP016,5982,9272,344
2024-06-17,CAMP016,6272,9315,359
2024-06-18,CAMP016,6110,9161,351
2024-06-19,CAMP016,6069,9313,349
2024-06-20,CAMP016,6583,9359,377
2024-06-21,CAMP016,6400,9380,368
2024-06-22,CAMP016,6792,9247,388
2024-06-23,CAMP016,6029,9318,346
2024-06-24,CAMP016,6573,9095,378
2024-06-25,CAMP016,6189,9318,351
2024-06-26,CAMP016,6080,9240,347
2024-06-27,CAMP016,6531,9312,372
2024-06-28,CAMP016,6347,9255,365
2024-06-29,CAMP016,5860,9198,337
2024-06-30,CAMP016,5965,9299,343
2024-07-01,CAMP016,6120,9221,350
2024-07-02,CAMP016,6263,9318,356
2024-07-03,CAMP016,6556,9274,377
2024-07-04,CAMP016,6435,9355,370
2024-07-05,CAMP016,6695,9481,385
2024-07-06,CAMP016,5966,9213,340
2024-07-07,CAMP016,6695,9491,385
2024-07-08,CAMP016,6313,9238,363
2024-07-09,CAMP016,6869,9139,395
2024-07-10,CAMP016,6573,9317,378
2024-07-11,CAMP016,6034,9070,347
2024-07-12,CAMP016,6976,9281,401
2024-07-13,CAMP016,6765,9247,389
2024-07-14,CAMP016,6310,9293,362
2024-07-15,CAMP016,6608,9334,380
2024-07-16,CAMP016,6210,9274,350
2024-07-17,CAMP016,6693,9259,381
2024-07-18,CAMP016,6473,9280,370
2024-07-19,CAMP016,7060,9182,406
2024-07-20,CAMP016,6852,9281,394
2024-07-21,CAMP016,7269,9321,418
2024-07-22,CAMP016,6608,9204,380
2024-07-23,CAMP016,6971,9302,394
2024-07-24,CAMP016,5895,9179,335
2024-07-25,CAMP016,6939,9216,399
2024-07-26,CAMP016,6899,9276,393
2024-07-27,CAMP016,6761,9418,385
2024-07-28,CAMP016,5983,9214,344
2024-07-29,CAMP016,6360,9409,362
2024-07-30,CAMP016,6730,9221,386
2024-07-31,CAMP016,6695,9468,385
2024-08-01,CAMP016,6643,9485,382
2024-08-02,CAMP016,7043,9201,405
2024-08-03,CAMP016,6522,9160,372
2024-08-04,CAMP016,6730,9142,387
2024-08-05,CAMP016,6747,9189,388
2024-08-06,CAMP016,6394,9351,366
2024-08-07,CAMP016,6278,9211,361
2024-08-08,CAMP016,6184,9311,350
2024-08-09,CAMP016,6556,9445,377
2024-08-10,CAMP016,6908,9405,395
2024-08-11,CAMP016,6829,9336,387
2024-08-12,CAMP016,5739,9307,330
2024-08-13,CAMP016,6730,9367,387
2024-08-14,CAMP016,6658,9316,376
2024-08-15,CAMP016,6243,9151,359
2024-08-16,CAMP016,6347,9164,365
2024-08-17,CAMP016,6533,9388,375
2024-08-18,CAMP016,6647,9262,379
2024-08-19,CAMP016,6331,9225,360
2024-08-20,CAMP016,6962,9455,400
2024-08-21,CAMP016,6156,9320,354
2024-08-22,CAMP016,6452,9282,371
2024-08-23,CAMP016,6398,9335,367
2024-08-24,CAMP016,6382,9351,363
2024-08-25,CAMP016,6355,9416,365
2024-08-26,CAMP016,6566,9263,372
2024-08-27,CAMP016,6695,9244,385
2024-08-28,CAMP016,6463,9246,370
2024-08-29,CAMP016,6928,9381,393
2024-08-30,CAMP016,6381,9487,363
2024-08-31,CAMP016,6087,9068,349
2024-09-01,CAMP016,6347,9425,365
2024-09-02,CAMP016,6487,9364,373
2024-09-03,CAMP016,6417,9290,369
2024-09-04,CAMP016,6816,9264,391
2024-09-05,CAMP016,6521,9257,375
2024-09-06,CAMP016,6365,9403,366
2024-09-07,CAMP016,7078,9203,407
2024-09-08,CAMP016,5975,9344,342
2024-09-09,CAMP016,6566,9381,375
2024-09-10,CAMP016,6469,9250,372
2024-09-11,CAMP016,6973,9260,401
2024-09-12,CAMP016,6434,9158,370
2024-09-13,CAMP016,6469,9299,372
2024-09-14,CAMP016,7093,9420,397
2024-09-15,CAMP016,6820,9432,392
2024-09-16,CAMP016,6556,9303,377
2024-09-17,CAMP016,6504,9288,374
2024-09-18,CAMP016,6573,9363,378
2024-09-19,CAMP016,6834,9260,393
2024-09-20,CAMP016,6852,9306,394
2024-09-21,CAMP016,6539,9367,376
2024-09-22,CAMP016,7348,9473,418
2024-09-23,CAMP016,6573,9160,378
2024-09-24,CAMP016,6666,9352,382
2024-09-25,CAMP016,7428,9398,423
2024-09-26,CAMP016,5860,9516,337
2024-09-27,CAMP016,6469,9349,370
2024-09-28,CAMP016,6382,9347,367
2024-09-29,CAMP016,6375,9255,365
2024-09-30,CAMP016,6583,9389,374
2024-10-01,CAMP016,6087,9310,350
2024-10-02,CAMP016,7006,9408,402
2024-10-03,CAMP016,6226,9283,358
2024-10-04,CAMP016,6102,9112,350
2024-10-05,CAMP016,6790,9065,387
2024-10-06,CAMP016,6365,9263,366
2024-10-07,CAMP016,6608,9395,380
2024-10-08,CAMP016,6281,9275,360
2024-10-09,CAMP016,6965,9400,398
2024-10-10,CAMP016,6417,9302,369
2024-10-11,CAMP016,6316,9267,363
2024-10-12,CAMP016,6469,9380,372
2024-10-13,CAMP016,6270,9441,359
2024-10-14,CAMP016,6681,9409,381
2024-10-15,CAMP016,6434,9191,369
2024-10-16,CAMP016,6521,9282,371
2024-10-17,CAMP016,6347,9409,365
2024-10-18,CAMP016,5947,9293,342
2024-10-19,CAMP016,6730,9148,387
2024-10-20,CAMP016,6716,9423,386
2024-10-21,CAMP016,5535,9223,318
2024-10-22,CAMP016,6260,9308,360
2024-10-23,CAMP016,6608,9252,380
2024-10-24,CAMP016,5774,9260,332
2024-10-25,CAMP016,6191,9278,356
2024-10-26,CAMP016,6362,9381,364
2024-10-27,CAMP016,6069,9175,349
2024-10-28,CAMP016,7192,9450,410
2024-10-29,CAMP016,6447,9373,370
2024-10-30,CAMP016,6869,9369,395
2024-10-31,CAMP016,6921,9340,398
2024-11-01,CAMP016,6174,9155,355
2024-11-02,CAMP016,6538,9397,373
2024-11-03,CAMP016,6807,9302,387
2024-11-04,CAMP016,7008,9365,403
2023-09-22,CAMP017,5534,10208,276
2023-09-23,CAMP017,5574,10091,277
2023-09-24,CAMP017,5847,10165,292
2023-09-25,CAMP017,5687,10390,280
2023-09-26,CAMP017,5880,10325,291
2023-09-27,CAMP017,5751,10394,284
2023-09-28,CAMP017,5973,10100,298
2023-09-29,CAMP017,6328,10362,316
2023-09-30,CAMP017,6048,10273,302
2023-10-01,CAMP017,5647,10224,282
2023-10-02,CAMP017,5767,10411,288
2023-10-03,CAMP017,5712,10327,284
2023-10-04,CAMP017,5699,10394,282
2023-10-05,CAMP017,5729,10377,286
2023-10-06,CAMP017,5247,10301,262
2023-10-07,CAMP017,5552,10048,277
2023-10-08,CAMP017,6024,10362,300
2023-10-09,CAMP017,5429,10258,270
2023-10-10,CAMP017,6180,10196,303
2023-10-11,CAMP017,5507,10265,275
2023-10-12,CAMP017,6252,10480,311
2023-10-13,CAMP017,5431,10192,269
2023-10-14,CAMP017,5194,10271,259
2023-10-15,CAMP017,5767,10249,288
2023-10-16,CAMP017,5206,10273,260
2023-10-17,CAMP017,6228,10261,311
2023-10-18,CAMP017,6073,10217,301
2023-10-19,CAMP017,5698,10078,280
2023-10-20,CAMP017,5547,10375,277
2023-10-21,CAMP017,5778,10420,287
2023-10-22,CAMP017,5761,10314,286
2023-10-23,CAMP017,5871,10204,290
2023-10-24,CAMP017,5724,10152,285
2023-10-25,CAMP017,5256,10339,261
2023-10-26,CAMP017,5624,10242,278
2023-10-27,CAMP017,5947,10555,297
2023-10-28,CAMP017,5432,10244,271
2023-10-29,CAMP017,5667,10249,283
2023-10-30,CAMP017,6208,10273,310
2023-10-31,CAMP017,5287,10155,264
2023-11-01,CAMP017,6268,10410,313
2023-11-02,CAMP017,5220,10304,259
2023-11-03,CAMP017,5610,10479,277
2023-11-04,CAMP017,6007,10291,300
2023-11-05,CAMP017,6368,10293,318
2023-11-06,CAMP017,5567,10339,278
2023-11-07,CAMP017,5667,10359,283
2023-11-08,CAMP017,5778,10288,288
2023-11-09,CAMP017,6211,10403,309
2023-11-10,CAMP017,5987,10180,299
2023-11-11,CAMP017,6348,10258,317
2023-11-12,CAMP017,5967,10288,298
2023-11-13,CAMP017,5798,10395,287
2023-11-14,CAMP017,5747,10519,287
2023-11-15,CAMP017,5597,10451,275
2023-11-16,CAMP017,5567,10172,278
2023-11-17,CAMP017,5592,10182,275
2023-11-18,CAMP017,5907,10536,295
2023-11-19,CAMP017,5287,10284,264
2023-11-20,CAMP017,5178,10267,257
2023-11-21,CAMP017,5178,10292,257
2023-11-22,CAMP017,6188,10500,309
2023-11-23,CAMP017,6013,10444,294
2023-11-24,CAMP017,5353,10259,267
2023-09-23,CAMP018,497,3750,76
2023-09-24,CAMP018,452,3639,69
2023-09-25,CAMP018,438,3746,64
2023-09-26,CAMP018,337,3671,51
2023-09-27,CAMP018,419,3692,64
2023-09-28,CAMP018,423,3717,64
2023-09-29,CAMP018,386,3675,59
2023-09-30,CAMP018,491,3752,75
2023-10-01,CAMP018,371,3644,56
2023-10-02,CAMP018,462,3746,67
2023-10-03,CAMP018,373,3677,57
2023-10-04,CAMP018,393,3837,60
2023-10-05,CAMP018,373,3624,57
2023-10-06,CAMP018,467,3679,66
2023-10-07,CAMP018,393,3814,60
2023-10-08,CAMP018,422,3749,61
2023-10-09,CAMP018,419,3643,64
2023-10-10,CAMP018,388,3617,57
2023-10-11,CAMP018,308,3621,47
2023-10-12,CAMP018,452,3678,69
2023-10-13,CAMP018,510,3665,78
2023-10-14,CAMP018,493,3615,69
2023-10-15,CAMP018,275,3606,42
2023-10-16,CAMP018,541,3723,81
2023-10-17,CAMP018,406,3791,62
2023-10-18,CAMP018,438,3691,67
2023-10-19,CAMP018,491,3735,74
2023-10-20,CAMP018,474,3627,71
2023-10-21,CAMP018,502,3637,70
2023-10-22,CAMP018,360,3643,55
2023-10-23,CAMP018,386,3758,59
2023-10-24,CAMP018,432,3635,66
2023-10-25,CAMP018,602,3709,92
2023-10-26,CAMP018,419,3652,64
2023-10-27,CAMP018,465,3739,69
2023-10-28,CAMP018,412,3639,63
2023-10-29,CAMP018,512,3636,74
2023-10-30,CAMP018,416,3666,61
2023-10-31,CAMP018,380,3712,58
2023-11-01,CAMP018,412,3661,63
2023-11-02,CAMP018,524,3679,80
2023-11-03,CAMP018,472,3635,72
2023-11-04,CAMP018,389,3586,56
2023-11-05,CAMP018,406,3629,62
2023-11-06,CAMP018,399,3745,61
2023-11-07,CAMP018,497,3738,76
2023-11-08,CAMP018,491,3739,75
2023-11-09,CAMP018,497,3687,76
2023-11-10,CAMP018,386,3631,59
2023-11-11,CAMP018,445,3771,68
2023-11-12,CAMP018,380,3684,58
2023-11-13,CAMP018,406,3599,62
2023-11-14,CAMP018,380,3675,55
2023-11-15,CAMP018,451,3642,62
2023-11-16,CAMP018,518,3635,74
2023-11-17,CAMP018,414,3669,62
2023-11-18,CAMP018,449,3651,63
2023-11-19,CAMP018,380,3712,58
2023-11-20,CAMP018,406,3768,62
2023-11-21,CAMP018,543,3774,76
2023-11-22,CAMP018,406,3752,62
2023-11-23,CAMP018,386,3724,59
2023-11-24,CAMP018,465,3621,71
2023-11-25,CAMP018,493,3698,71
2023-11-26,CAMP018,380,3689,58
2023-11-27,CAMP018,382,3705,56
2023-11-28,CAMP018,432,3645,66
2023-11-29,CAMP018,393,3687,60
2023-11-30,CAMP018,365,3707,55
2023-12-01,CAMP018,488,3662,74
2023-12-02,CAMP018,432,3635,66
2023-12-03,CAMP018,386,3689,59
2023-12-04,CAMP018,517,3790,79
2023-12-05,CAMP018,385,3631,56
2023-12-06,CAMP018,402,3700,60
2023-12-07,CAMP018,424,3696,64
2023-12-08,CAMP018,409,3683,61
2023-12-09,CAMP018,380,3636,58
2023-12-10,CAMP018,441,3637,66
2023-12-11,CAMP018,406,3761,62
2023-12-12,CAMP018,347,3560,53
2023-12-13,CAMP018,452,3702,69
2023-12-14,CAMP018,423,3693,64
2023-12-15,CAMP018,565,3730,86
2023-12-16,CAMP018,420,3703,61
2023-12-17,CAMP018,550,3742,84
2023-12-18,CAMP018,491,3718,75
2023-12-19,CAMP018,387,3602,58
2023-12-20,CAMP018,510,3691,78
2023-12-21,CAMP018,443,3783,67
2023-12-22,CAMP018,458,3717,70
2023-12-23,CAMP018,412,3637,63
2023-12-24,CAMP018,474,3672,69
2023-08-18,CAMP019,12285,17152,660
2023-08-19,CAMP019,12624,17113,674
2023-08-20,CAMP019,12313,17203,659
2023-08-21,CAMP019,11769,17041,631
2023-08-22,CAMP019,11932,17069,641
2023-08-23,CAMP019,12127,17065,651
2023-08-24,CAMP019,12269,17223,655
2023-08-25,CAMP019,12006,17408,645
2023-08-26,CAMP019,12357,17007,657
2023-08-27,CAMP019,11878,16981,638
2023-08-28,CAMP019,12416,17041,667
2023-08-29,CAMP019,12038,16962,645
2023-08-30,CAMP019,12244,17268,657
2023-08-31,CAMP019,12945,17247,693
2023-09-01,CAMP019,11876,17040,638
2023-09-02,CAMP019,11873,17136,634
2023-09-03,CAMP019,11950,17180,642
2023-09-04,CAMP019,12756,17091,685
2023-09-05,CAMP019,11652,17053,626
2023-09-06,CAMP019,12229,17085,657
2023-09-07,CAMP019,12612,17204,677
2023-09-08,CAMP019,12136,17067,652
2023-09-09,CAMP019,12397,17256,666
2023-09-10,CAMP019,12732,17005,684
2023-09-11,CAMP019,12838,17109,689
2023-09-12,CAMP019,12848,17302,688
2023-09-13,CAMP019,12681,17092,679
2023-09-14,CAMP019,12062,17297,645
2023-09-15,CAMP019,12426,17298,667
2023-09-16,CAMP019,11541,17179,620
2023-09-17,CAMP019,13030,17278,700
2023-09-18,CAMP019,13197,17281,709
2023-09-19,CAMP019,12360,17437,664
2023-09-20,CAMP019,12006,17485,645
2023-09-21,CAMP019,12656,17174,675
2023-09-22,CAMP019,13477,17388,724
2023-09-23,CAMP019,11429,16993,613
2023-09-24,CAMP019,12799,17149,686
2023-09-25,CAMP019,12136,17162,652
2023-09-26,CAMP019,12318,17195,654
2023-09-27,CAMP019,12192,17278,655
2023-09-28,CAMP019,12322,17192,662
2023-09-29,CAMP019,13072,16976,697
2023-09-30,CAMP019,11429,16921,614
2023-10-01,CAMP019,11615,17282,624
2023-10-02,CAMP019,12918,17341,694
2023-10-03,CAMP019,12360,17111,664
2023-10-04,CAMP019,12268,17498,659
2023-10-05,CAMP019,12042,17326,646
2023-10-06,CAMP019,12025,17080,646
2023-10-07,CAMP019,12025,17001,645
2023-10-08,CAMP019,12894,17234,686
2023-10-09,CAMP019,13216,17290,710
2023-10-10,CAMP019,12937,17237,695
2023-10-11,CAMP019,13217,17144,708
2023-10-12,CAMP019,12799,17180,684
2023-10-13,CAMP019,11950,17014,642
2023-10-14,CAMP019,11783,17149,633
2023-10-15,CAMP019,12192,17041,655
2023-10-16,CAMP019,12160,16964,650
2023-10-17,CAMP019,12614,17243,675
2023-10-18,CAMP019,11727,16880,630
2023-10-19,CAMP019,12136,17284,652
2023-10-20,CAMP019,12341,17026,663
2023-10-21,CAMP019,12434,17047,668
2023-10-22,CAMP019,12009,17002,644
2023-10-23,CAMP019,12222,17066,656
2023-10-24,CAMP019,12265,17162,653
2023-10-25,CAMP019,13036,16963,698
2023-10-26,CAMP019,11639,17005,625
2023-10-27,CAMP019,12798,17423,684
2023-10-28,CAMP019,12676,17261,681
2023-10-29,CAMP019,12788,17120,687
2023-10-30,CAMP019,12435,17144,668
2023-10-31,CAMP019,12914,17237,691
2023-11-01,CAMP019,11727,17316,630
2023-11-02,CAMP019,12130,16965,649
2023-11-03,CAMP019,12500,17126,669
2023-11-04,CAMP019,13346,17210,717
2023-11-05,CAMP019,12796,17309,687
2023-11-06,CAMP019,11690,16985,628
2023-11-07,CAMP019,11135,17337,598
2023-11-08,CAMP019,12814,17178,686
2023-11-09,CAMP019,13067,17144,702
2023-11-10,CAMP019,13143,17364,703
2023-11-11,CAMP019,13078,17222,700
2023-11-12,CAMP019,11833,17290,633
2023-11-13,CAMP019,11857,17254,637
2023-11-14,CAMP019,12527,17017,673
2023-11-15,CAMP019,13124,17159,703
2023-11-16,CAMP019,12378,17166,665
2023-11-17,CAMP019,12546,17070,674
2023-11-18,CAMP019,12974,17115,697
2023-11-19,CAMP019,12546,17301,674
2023-11-20,CAMP019,13495,17222,725
2023-11-21,CAMP019,12062,17257,648
2023-11-22,CAMP019,11932,17213,641
2023-11-23,CAMP019,12553,17059,673
2023-11-24,CAMP019,12211,17182,656
2023-11-25,CAMP019,12366,17019,661
2023-11-26,CAMP019,12341,17080,663
2023-11-27,CAMP019,12482,17167,663
2023-11-28,CAMP019,12602,17072,677
2023-11-29,CAMP019,12391,17282,664
2023-11-30,CAMP019,11777,17101,630
2023-03-18,CAMP020,5414,10689,256
2023-03-19,CAMP020,5207,10547,248
2023-03-20,CAMP020,4579,10581,215
2023-03-21,CAMP020,4758,10670,227
2023-03-22,CAMP020,4838,10654,227
2023-03-23,CAMP020,4504,10561,214
2023-03-24,CAMP020,4738,10522,220
2023-03-25,CAMP020,4800,10477,229
2023-03-26,CAMP020,4898,10580,228
2023-03-27,CAMP020,4426,10689,209
2023-03-28,CAMP020,4515,10551,213
2023-03-29,CAMP020,4842,10555,231
2023-03-30,CAMP020,4815,10482,228
2023-03-31,CAMP020,5115,10823,242
2023-04-01,CAMP020,4884,10604,233
2023-04-02,CAMP020,4611,10561,220
2023-04-03,CAMP020,4129,10619,197
2023-04-04,CAMP020,4412,10525,206
2023-04-05,CAMP020,4936,10686,235
2023-04-06,CAMP020,4797,10754,226
2023-04-07,CAMP020,4860,10732,231
2023-04-08,CAMP020,5080,10544,242
2023-04-09,CAMP020,4437,10676,211
2023-04-10,CAMP020,4444,10578,212
2023-04-11,CAMP020,4878,10558,229
2023-04-12,CAMP020,4497,10586,214
2023-04-13,CAMP020,4374,10564,208
2023-04-14,CAMP020,4423,10478,211
2023-04-15,CAMP020,4589,10633,218
2023-04-16,CAMP020,4318,10641,206
2023-04-17,CAMP020,4569,10539,218
2023-04-18,CAMP020,4615,10645,217
2023-04-19,CAMP020,5051,10548,241
2023-04-20,CAMP020,4842,10570,231
2023-04-21,CAMP020,5176,10578,245
2023-04-22,CAMP020,4685,10736,220
2023-04-23,CAMP020,4716,10701,225
2023-04-24,CAMP020,4213,10831,200
2023-04-25,CAMP020,4755,10581,226
2023-04-26,CAMP020,4968,10571,237
2023-04-27,CAMP020,4108,10401,196
2023-04-28,CAMP020,4968,10651,237
2023-04-29,CAMP020,5237,10655,248
2023-04-30,CAMP020,4324,10692,206
2023-05-01,CAMP020,5051,10614,241
2023-05-02,CAMP020,4590,10646,219
2023-05-03,CAMP020,4465,10834,213
2023-05-04,CAMP020,4695,10707,224
2023-05-05,CAMP020,4444,10611,212
2023-05-06,CAMP020,5612,10701,261
2023-05-07,CAMP020,4255,10597,203
2023-05-08,CAMP020,4327,10584,206
2023-05-09,CAMP020,4737,10858,226
2023-05-10,CAMP020,4695,10528,224
2023-05-11,CAMP020,4318,10569,206
2023-05-12,CAMP020,4276,10390,204
2023-05-13,CAMP020,4926,10563,235
2023-05-14,CAMP020,4738,10605,225
2023-05-15,CAMP020,4646,10513,221
2023-05-16,CAMP020,4297,10772,205
2024-05-10,CAMP021,6637,12687,397
2024-05-11,CAMP021,6812,12625,403
2024-05-12,CAMP021,6428,12659,386
2024-05-13,CAMP021,6351,12777,377
2024-05-14,CAMP021,6462,12577,388
2024-05-15,CAMP021,5679,12452,341
2024-05-16,CAMP021,6645,12623,399
2024-05-17,CAMP021,5922,12599,354
2024-05-18,CAMP021,6345,12758,381
2024-05-19,CAMP021,6626,12567,396
2024-05-20,CAMP021,6487,12613,385
2024-05-21,CAMP021,6611,12580,397
2024-05-22,CAMP021,6681,12745,400
2024-05-23,CAMP021,6074,12717,362
2024-05-24,CAMP021,6328,12646,380
2024-05-25,CAMP021,6828,12576,410
2024-05-26,CAMP021,6047,12631,362
2024-05-27,CAMP021,6504,12449,389
2024-05-28,CAMP021,6801,12776,406
2024-05-29,CAMP021,5837,12736,348
2024-05-30,CAMP021,6462,12503,388
2024-05-31,CAMP021,6551,12473,392
2024-06-01,CAMP021,6207,12644,369
2024-06-02,CAMP021,6262,12766,376
2024-06-03,CAMP021,5980,12751,358
2024-06-04,CAMP021,6145,12576,369
2024-06-05,CAMP021,6437,12672,386
2024-06-06,CAMP021,6416,12735,380
2024-06-07,CAMP021,6321,12835,379
2024-06-08,CAMP021,6528,12588,392
2024-06-09,CAMP021,6496,12474,389
2024-06-10,CAMP021,6373,12706,382
2024-06-11,CAMP021,6801,12661,405
2024-06-12,CAMP021,6895,12758,414
2024-06-13,CAMP021,6611,12660,397
2024-06-14,CAMP021,6428,12680,386
2024-06-15,CAMP021,6195,12696,372
2024-06-16,CAMP021,6352,12676,378
2024-06-17,CAMP021,6511,12687,391
2024-06-18,CAMP021,6462,12790,388
2024-06-19,CAMP021,6478,12459,389
2024-06-20,CAMP021,6029,12562,362
2024-06-21,CAMP021,6269,12689,374
2024-06-22,CAMP021,6609,12829,395
2024-06-23,CAMP021,6325,12472,377
2024-06-24,CAMP021,6892,12594,412
2024-06-25,CAMP021,7061,12606,424
2024-06-26,CAMP021,6244,12731,374
2024-06-27,CAMP021,6845,12767,411
2024-06-28,CAMP021,6245,12596,375
2024-06-29,CAMP021,6178,12709,371
2024-06-30,CAMP021,5579,12651,335
2024-07-01,CAMP021,7186,12691,430
2024-07-02,CAMP021,6029,12575,362
2024-07-03,CAMP021,6832,12778,405
2024-07-04,CAMP021,6342,12578,379
2024-07-05,CAMP021,6671,12649,397
2024-07-06,CAMP021,6350,12531,379
2024-07-07,CAMP021,5874,12491,350
2024-07-08,CAMP021,6595,12489,396
2024-07-09,CAMP021,6410,12607,379
2024-07-10,CAMP021,6661,12588,400
2024-07-11,CAMP021,6102,12757,365
2023-01-08,CAMP022,9942,18020,467
2023-01-09,CAMP022,9708,18044,456
2023-01-10,CAMP022,9663,17760,452
2023-01-11,CAMP022,9885,17906,461
2023-01-12,CAMP022,10543,17776,492
2023-01-13,CAMP022,10672,17808,493
2023-01-14,CAMP022,10347,18008,486
2023-01-15,CAMP022,10586,17973,497
2023-01-16,CAMP022,10491,17770,491
2023-01-17,CAMP022,9921,17974,466
2023-01-18,CAMP022,9900,18106,465
2023-01-19,CAMP022,10549,17741,494
2023-01-20,CAMP022,9410,17666,442
2023-01-21,CAMP022,10361,17719,485
2023-01-22,CAMP022,10686,18162,498
2023-01-23,CAMP022,10772,17791,506
2023-01-24,CAMP022,10751,17982,505
2023-01-25,CAMP022,10081,18071,473
2023-01-26,CAMP022,10985,17962,516
2023-01-27,CAMP022,11023,17992,517
2023-01-28,CAMP022,10155,17838,477
2023-01-29,CAMP022,9989,17766,468
2023-01-30,CAMP022,10318,17894,481
2023-01-31,CAMP022,10851,17941,507
2023-02-01,CAMP022,10091,17657,474
2023-02-02,CAMP022,9793,17840,460
2023-02-03,CAMP022,10687,17719,502
2023-02-04,CAMP022,10921,17743,513
2023-02-05,CAMP022,10198,18045,479
2023-02-06,CAMP022,9954,17726,467
2023-02-07,CAMP022,9900,17942,465
2023-02-08,CAMP022,10410,17891,489
2023-02-09,CAMP022,10134,17946,476
2023-02-10,CAMP022,10815,17828,508
2023-02-11,CAMP022,10921,17883,513
2023-02-12,CAMP022,11327,17825,530
2023-02-13,CAMP022,10921,17942,513
2023-02-14,CAMP022,9989,17611,467
2023-02-15,CAMP022,10006,17580,470
2023-02-16,CAMP022,9916,17913,464
2023-02-17,CAMP022,10301,17906,483
2023-02-18,CAMP022,9823,17913,459
2023-02-19,CAMP022,9935,17884,463
2023-02-20,CAMP022,9538,17699,448
2023-02-21,CAMP022,9751,17875,458
2023-02-22,CAMP022,11134,18157,523
2023-02-23,CAMP022,9772,17708,459
2023-02-24,CAMP022,9858,17727,461
2023-02-25,CAMP022,10432,17759,490
2023-02-26,CAMP022,10327,17915,485
2023-02-27,CAMP022,10076,17530,472
2023-02-28,CAMP022,9580,17867,450
2023-03-01,CAMP022,10822,17792,505
2023-03-02,CAMP022,10006,17959,470
2023-03-03,CAMP022,10064,17996,472
2023-03-04,CAMP022,9996,17744,468
2023-03-05,CAMP022,10155,17694,477
2023-03-06,CAMP022,10091,17676,474
2023-04-03,CAMP023,3382,4714,219
2023-04-04,CAMP023,3100,4700,202
2023-04-05,CAMP023,2793,4733,182
2023-04-06,CAMP023,2860,4613,185
2023-04-07,CAMP023,2962,4604,193
2023-04-08,CAMP023,3406,4714,219
2023-04-09,CAMP023,2931,4697,191
2023-04-10,CAMP023,3208,4683,209
2023-04-11,CAMP023,2763,4584,180
2023-04-12,CAMP023,3198,4569,207
2023-04-13,CAMP023,3441,4741,222
2023-04-14,CAMP023,3329,4598,216
2023-04-15,CAMP023,3392,4601,220
2023-04-16,CAMP023,3776,4739,246
2023-04-17,CAMP023,3630,4794,236
2023-04-18,CAMP023,3155,4634,202
2023-04-19,CAMP023,3192,4577,208
2023-04-20,CAMP023,3430,4678,222
2023-04-21,CAMP023,3333,4804,215
2023-04-22,CAMP023,3269,4790,213
2023-04-23,CAMP023,3741,4711,243
2023-04-24,CAMP023,3341,4739,217
2023-04-25,CAMP023,3039,4763,198
2023-04-26,CAMP023,3639,4632,230
2023-04-27,CAMP023,3208,4708,209
2023-04-28,CAMP023,3530,4747,225
2023-04-29,CAMP023,2842,4812,182
2023-04-30,CAMP023,3284,4766,214
2023-05-01,CAMP023,2928,4730,190
2023-05-02,CAMP023,3147,4684,202
2023-05-03,CAMP023,3153,4729,203
2023-05-04,CAMP023,2747,4611,179
2023-05-05,CAMP023,2852,4598,185
2023-05-06,CAMP023,3346,4737,218
2023-05-07,CAMP023,3116,4725,203
2023-05-08,CAMP023,3269,4638,213
2023-05-09,CAMP023,3309,4764,215
2023-05-10,CAMP023,3265,4683,208
2023-05-11,CAMP023,3010,4706,195
2023-05-12,CAMP023,2811,4683,180
2023-05-13,CAMP023,3146,4640,205
2023-05-14,CAMP023,3146,4751,205
2023-05-15,CAMP023,2763,4621,180
2023-05-16,CAMP023,2980,4752,189
2023-05-17,CAMP023,3116,4592,203
2023-05-18,CAMP023,2931,4719,191
2023-05-19,CAMP023,2625,4631,171
2023-05-20,CAMP023,3093,4676,198
2023-05-21,CAMP023,2732,4602,178
2023-05-22,CAMP023,3346,4624,218
2023-05-23,CAMP023,2870,4652,187
2023-05-24,CAMP023,3319,4735,212
2023-05-25,CAMP023,3546,4596,229
2023-05-26,CAMP023,3175,4691,206
2023-05-27,CAMP023,2763,4657,180
2023-05-28,CAMP023,3300,4703,215
2023-05-29,CAMP023,3138,4776,204
2023-05-30,CAMP023,3039,4634,198
2023-05-31,CAMP023,2916,4508,190
2023-06-01,CAMP023,3315,4631,216
2023-06-02,CAMP023,2948,4623,192
2023-06-03,CAMP023,2993,4686,195
2023-06-04,CAMP023,3171,4667,204
2023-06-05,CAMP023,3284,4688,214
2023-06-06,CAMP023,2635,4645,170
2023-06-07,CAMP023,3294,4708,213
2023-06-08,CAMP023,2956,4726,189
2023-06-09,CAMP023,3269,4795,213
2023-06-10,CAMP023,3085,4696,201
2023-06-11,CAMP023,3407,4672,222
2023-06-12,CAMP023,3382,4649,217
2023-06-13,CAMP023,3392,4716,221
2023-06-14,CAMP023,3070,4742,200
2023-06-15,CAMP023,3024,4658,197
2023-06-16,CAMP023,3146,4849,205
2023-06-17,CAMP023,3423,4685,223
2023-06-18,CAMP023,3131,4665,204
2023-06-19,CAMP023,2993,4593,195
2023-06-20,CAMP023,3207,4694,206
2023-06-21,CAMP023,2874,4700,183
2023-06-22,CAMP023,3438,4803,224
2023-06-23,CAMP023,3438,4671,224
2023-06-24,CAMP023,3008,4673,192
2023-06-25,CAMP023,2793,4682,182
2023-06-26,CAMP023,3054,4717,199
2023-06-27,CAMP023,2839,4732,185
2023-06-28,CAMP023,3224,4740,208
2023-06-29,CAMP023,3493,4736,223
2023-06-30,CAMP023,3100,4635,202
2023-07-01,CAMP023,3217,4818,208
2023-07-02,CAMP023,3622,4786,236
2023-07-03,CAMP023,3244,4810,208
2023-07-04,CAMP023,3266,4746,212
2023-07-05,CAMP023,3358,4693,218
2023-07-06,CAMP023,3116,4659,203
2023-07-07,CAMP023,3300,4550,215
2023-07-08,CAMP023,3208,4668,209
2023-07-09,CAMP023,3254,4746,212
2023-07-10,CAMP023,2847,4600,183
2023-07-11,CAMP023,2901,4593,189
2023-07-12,CAMP023,3070,4682,200
2023-07-13,CAMP023,3116,4652,203
2023-07-14,CAMP023,3194,4743,208
2023-07-15,CAMP023,3250,4603,211
2023-07-16,CAMP023,3684,4629,240
2023-07-17,CAMP023,2891,4657,188
2023-07-18,CAMP023,2737,4706,178
2023-07-19,CAMP023,3348,4791,218
2023-07-20,CAMP023,3315,4680,216
2023-07-21,CAMP023,3070,4620,200
2023-07-22,CAMP023,3530,4790,230
2023-07-23,CAMP023,3316,4731,215
2023-07-24,CAMP023,3375,4722,216
2023-07-25,CAMP023,2956,4657,190
2023-07-26,CAMP023,3192,4767,208
2023-07-27,CAMP023,2916,4545,190
2023-07-28,CAMP023,3162,4637,206
2023-07-29,CAMP023,3270,4600,212
2023-07-30,CAMP023,3530,4765,230
2023-07-31,CAMP023,2993,4680,195
2023-08-01,CAMP023,3054,4570,199
2023-08-02,CAMP023,2763,4720,180
2023-08-03,CAMP023,3392,4725,221
2023-08-04,CAMP023,3377,4652,220
2023-08-05,CAMP023,3109,4624,199
2023-08-06,CAMP023,3085,4679,201
2023-08-07,CAMP023,2701,4643,176
2023-08-08,CAMP023,3250,4789,210
2023-08-09,CAMP023,2839,4658,185
2023-08-10,CAMP023,3146,4681,205
2023-08-11,CAMP023,3078,4643,200
2023-08-12,CAMP023,3638,4757,237
2023-08-13,CAMP023,3024,4774,197
2023-08-14,CAMP023,3034,4684,195
2023-08-15,CAMP023,3582,4727,229
2023-08-16,CAMP023,3024,4488,197
2023-08-17,CAMP023,2993,4672,195
2023-08-18,CAMP023,2958,4658,190
2023-08-19,CAMP023,3346,4658,218
2023-08-20,CAMP023,2993,4807,195
2023-08-21,CAMP023,3254,4676,212
2023-08-22,CAMP023,3261,4706,210
2023-08-23,CAMP023,3223,4687,210
2023-08-24,CAMP023,3173,4649,206
2023-08-25,CAMP023,3133,4693,203
2023-08-26,CAMP023,3423,4717,223
2023-08-27,CAMP023,3095,4720,200
2023-08-28,CAMP023,3130,4739,202
2023-08-29,CAMP023,3022,4653,194
2023-08-30,CAMP023,3603,4773,232
2023-08-31,CAMP023,3208,4822,209
2023-09-01,CAMP023,3540,4815,228
2023-09-02,CAMP023,3480,4781,225
2023-09-03,CAMP023,2883,4733,185
2023-09-04,CAMP023,3469,4652,226
2023-09-05,CAMP023,3003,4516,193
2023-09-06,CAMP023,3547,4691,230
2023-09-07,CAMP023,3008,4582,196
2023-09-08,CAMP023,3188,4734,204
2023-09-09,CAMP023,3116,4675,203
2023-09-10,CAMP023,3070,4626,200
2023-09-11,CAMP023,3379,4696,219
2023-09-12,CAMP023,3070,4662,200
2023-09-13,CAMP023,3147,4720,204
2023-09-14,CAMP023,2962,4731,193
2023-09-15,CAMP023,3313,4634,215
2023-09-16,CAMP023,3214,4599,207
2023-09-17,CAMP023,3177,4619,207
2023-09-18,CAMP023,3477,4656,224
2023-09-19,CAMP023,3292,4673,212
2023-09-20,CAMP023,3361,4643,219
2023-09-21,CAMP023,3078,4743,198
2023-09-22,CAMP023,3098,4634,200
2023-09-23,CAMP023,3214,4665,209
2023-09-24,CAMP023,3028,4828,194
2023-09-25,CAMP023,3098,4661,197
2023-09-26,CAMP023,3135,4748,202
2023-09-27,CAMP023,3407,4791,222
2023-09-28,CAMP023,3228,4753,209
2023-09-29,CAMP023,3085,4584,201
2023-05-02,CAMP024,2167,6167,120
2023-05-03,CAMP024,2112,6180,117
2023-05-04,CAMP024,1993,6381,107
2023-05-05,CAMP024,1733,6325,96
2023-05-06,CAMP024,1769,6111,98
2023-05-07,CAMP024,1864,6181,98
2023-05-08,CAMP024,2069,6192,112
2023-05-09,CAMP024,1792,6254,95
2023-05-10,CAMP024,2128,6235,116
2023-05-11,CAMP024,2015,6204,108
2023-05-12,CAMP024,2022,6164,112
2023-05-13,CAMP024,1679,6170,93
2023-05-14,CAMP024,1878,6170,104
2023-05-15,CAMP024,2124,6224,111
2023-05-16,CAMP024,1923,6113,106
2023-05-17,CAMP024,1950,6376,108
2023-05-18,CAMP024,1860,6236,103
2023-05-19,CAMP024,1607,6206,89
2023-05-20,CAMP024,1697,6296,94
2023-05-21,CAMP024,2107,6152,110
2023-05-22,CAMP024,1679,6129,93
2023-05-23,CAMP024,2079,6185,115
2023-05-24,CAMP024,1697,6218,94
2023-05-25,CAMP024,2058,6218,114
2023-05-26,CAMP024,2151,6135,118
2023-05-27,CAMP024,1787,6254,99
2023-05-28,CAMP024,1766,6315,96
2023-05-29,CAMP024,1787,6257,99
2023-05-30,CAMP024,1714,6207,94
2023-05-31,CAMP024,2251,6210,122
2023-06-01,CAMP024,1962,6212,107
2023-06-02,CAMP024,1772,6129,97
2023-06-03,CAMP024,1896,6248,105
2023-06-04,CAMP024,2203,6309,122
2023-06-05,CAMP024,1943,6143,106
2023-06-06,CAMP024,1805,6216,100
2023-06-07,CAMP024,1787,6098,99
2023-06-08,CAMP024,2117,6292,115
2023-06-09,CAMP024,1896,6258,105
2023-06-10,CAMP024,1968,6249,109
2023-06-11,CAMP024,2154,6193,117
2023-06-12,CAMP024,2127,6190,115
2023-06-13,CAMP024,2022,6423,112
2023-06-14,CAMP024,1971,6216,109
2023-06-15,CAMP024,1925,6093,105
2023-06-16,CAMP024,1697,6201,94
2023-06-17,CAMP024,1805,6205,100
2023-06-18,CAMP024,2262,6360,124
2023-06-19,CAMP024,2121,6125,117
2023-06-20,CAMP024,1991,6229,110
2023-06-21,CAMP024,1811,6311,97
2023-06-22,CAMP024,1876,6178,103
2023-06-23,CAMP024,2185,6247,121
2023-06-24,CAMP024,1687,6241,93
2023-06-25,CAMP024,2217,6217,117
2023-06-26,CAMP024,1426,6070,79
2023-06-27,CAMP024,2094,6369,116
2023-06-28,CAMP024,1661,6239,92
2023-06-29,CAMP024,1951,6201,107
2023-06-30,CAMP024,2239,6244,124
2023-07-01,CAMP024,1938,6157,106
2023-07-02,CAMP024,1937,6147,105
2023-07-03,CAMP024,1914,6102,106
2023-07-04,CAMP024,1860,6182,103
2023-07-05,CAMP024,2130,6193,118
2023-07-06,CAMP024,2277,6291,126
2023-07-07,CAMP024,2094,6100,116
2023-07-08,CAMP024,1950,6091,108
2023-07-09,CAMP024,1769,6191,98
2023-07-10,CAMP024,2004,6190,111
2023-07-11,CAMP024,1814,6065,98
2023-07-12,CAMP024,2325,6249,124
2023-07-13,CAMP024,1896,6207,105
2023-07-14,CAMP024,2167,6155,120
2023-07-15,CAMP024,2144,6246,118
2023-07-16,CAMP024,2329,6139,129
2023-07-17,CAMP024,1787,6357,99
2023-07-18,CAMP024,1871,6172,103
2023-07-19,CAMP024,2350,6136,126
2023-07-20,CAMP024,1923,6278,103
2023-07-21,CAMP024,2185,6204,121
2023-07-22,CAMP024,1993,6276,110
2023-07-23,CAMP024,2112,6203,117
2023-07-24,CAMP024,1896,6201,105
2023-07-25,CAMP024,1914,6177,106
2023-07-26,CAMP024,2040,6330,113
2023-07-27,CAMP024,1878,6192,104
2023-07-28,CAMP024,2255,6133,122
2023-07-29,CAMP024,1720,6131,93
2023-07-30,CAMP024,2022,5947,112
2023-07-31,CAMP024,1769,6224,98
2023-08-01,CAMP024,1878,6211,104
2023-08-02,CAMP024,2055,6280,113
2023-08-03,CAMP024,2510,6288,139
2023-08-04,CAMP024,1819,6297,98
2023-08-05,CAMP024,2130,6282,118
2023-08-06,CAMP024,2017,6223,110
2023-08-07,CAMP024,2286,6222,124
2023-08-08,CAMP024,2094,6179,116
2023-08-09,CAMP024,2257,6341,125
2023-08-10,CAMP024,2465,6162,132
2023-08-11,CAMP024,1842,6302,102
2023-08-12,CAMP024,1844,6197,99
2023-08-13,CAMP024,1972,6297,108
2023-08-14,CAMP024,2040,6190,113
2023-08-15,CAMP024,2127,6339,117
2023-08-16,CAMP024,2133,6231,115
2023-08-17,CAMP024,2471,6164,133
2023-08-18,CAMP024,2100,6205,112
2023-08-19,CAMP024,1986,6185,110
2023-08-20,CAMP024,1886,6177,102
2023-08-21,CAMP024,2185,6252,121
2023-08-22,CAMP024,2112,6273,117
2023-08-23,CAMP024,2167,6123,120
2023-08-24,CAMP024,1821,6150,99
2023-08-25,CAMP024,2183,6338,120
2023-08-26,CAMP024,2108,6408,113
2023-08-27,CAMP024,2167,6275,120
2023-08-28,CAMP024,1815,6258,98
2023-08-29,CAMP024,1935,6240,106
2023-08-30,CAMP024,2058,6303,114
2023-08-31,CAMP024,2149,6207,119
2023-09-01,CAMP024,2432,6164,133
2023-09-02,CAMP024,2039,6220,112
2023-09-03,CAMP024,1776,6266,96
2023-09-04,CAMP024,2058,6218,114
2023-09-05,CAMP024,1824,6126,101
2023-09-06,CAMP024,1971,6258,108
2023-09-07,CAMP024,2137,6418,117
2023-09-08,CAMP024,2077,6228,113
2023-09-09,CAMP024,2197,6238,116
2023-09-10,CAMP024,2040,6260,113
2023-09-11,CAMP024,2221,6281,117
2023-09-12,CAMP024,1571,6322,87
2023-09-13,CAMP024,1821,6244,98
2023-09-14,CAMP024,1769,6364,98
2023-09-15,CAMP024,1679,6053,87
2023-09-16,CAMP024,1805,6176,100
2023-09-17,CAMP024,2368,6262,128
2023-09-18,CAMP024,1896,6299,105
2023-05-29,CAMP025,7182,11664,453
2023-05-30,CAMP025,7155,11825,449
2023-05-31,CAMP025,6754,11775,426
2023-06-01,CAMP025,7102,11750,448
2023-06-02,CAMP025,7625,11873,481
2023-06-03,CAMP025,6833,11656,431
2023-06-04,CAMP025,7327,11795,461
2023-06-05,CAMP025,7388,11813,466
2023-06-06,CAMP025,7786,11821,491
2023-06-07,CAMP025,7166,11602,452
2023-06-08,CAMP025,7098,11809,446
2023-06-09,CAMP025,6817,11698,430
2023-06-10,CAMP025,7589,11981,476
2023-06-11,CAMP025,6843,11715,431
2023-06-12,CAMP025,7055,11695,445
2023-06-13,CAMP025,7680,11845,480
2023-06-14,CAMP025,7356,11782,464
2023-06-15,CAMP025,7531,11928,472
2023-06-16,CAMP025,6869,11746,433
2023-06-17,CAMP025,7039,11910,444
2023-06-18,CAMP025,7515,11694,471
2023-06-19,CAMP025,7091,11538,446
2023-06-20,CAMP025,7419,11688,468
2023-06-21,CAMP025,6754,11814,426
2023-06-22,CAMP025,6875,11714,433
2023-06-23,CAMP025,7233,11903,456
2023-06-24,CAMP025,7610,11808,480
2023-06-25,CAMP025,6880,11724,434
2023-06-26,CAMP025,7007,11854,442
2023-06-27,CAMP025,7261,11824,458
2023-06-28,CAMP025,7182,12017,453
2023-06-29,CAMP025,7334,11815,459
2023-06-30,CAMP025,7029,11912,442
2023-07-01,CAMP025,7046,11591,441
2023-07-02,CAMP025,6884,11585,429
2023-07-03,CAMP025,7182,11767,453
2023-07-04,CAMP025,7007,11551,442
2023-07-05,CAMP025,6634,11782,416
2023-07-06,CAMP025,6864,12011,433
2023-07-07,CAMP025,7419,11733,468
2023-07-08,CAMP025,7535,11863,471
2023-07-09,CAMP025,6986,11693,439
2023-07-10,CAMP025,6505,11804,407
2023-07-11,CAMP025,7768,11788,490
2023-07-12,CAMP025,7009,11798,442
2023-07-13,CAMP025,7203,11721,451
2023-07-14,CAMP025,6944,11696,438
2023-07-15,CAMP025,7746,11900,488
2023-07-16,CAMP025,7058,11814,444
2023-07-17,CAMP025,6547,11705,413
2023-07-18,CAMP025,6877,11764,429
2023-07-19,CAMP025,6928,11599,437
2023-07-20,CAMP025,6754,11805,426
2023-07-21,CAMP025,6802,11840,424
2023-07-22,CAMP025,7404,11533,467
2023-07-23,CAMP025,7014,11741,441
2023-07-24,CAMP025,7293,11597,460
2023-07-25,CAMP025,6676,11771,421
2023-07-26,CAMP025,6896,11682,435
2023-07-27,CAMP025,7120,11744,445
2023-07-28,CAMP025,7483,11639,472
2023-07-29,CAMP025,6517,11697,410
2023-07-30,CAMP025,7398,11645,465
2023-07-31,CAMP025,6928,11550,437
2023-08-01,CAMP025,7372,11709,465
2023-08-02,CAMP025,7071,11714,446
2023-08-03,CAMP025,7246,11787,454
2023-08-04,CAMP025,7124,11587,448
2023-08-05,CAMP025,7657,11607,483
2023-08-06,CAMP025,7784,11852,491
2023-08-07,CAMP025,6682,11679,421
2023-08-08,CAMP025,7936,11827,499
2023-08-09,CAMP025,7197,11938,454
2023-08-10,CAMP025,7234,11591,452
2023-08-11,CAMP025,7197,11800,454
2023-08-12,CAMP025,6856,11649,425
2023-08-13,CAMP025,7071,11866,446
2023-08-14,CAMP025,6706,11676,423
2023-08-15,CAMP025,7213,11695,455
2023-08-16,CAMP025,7144,11734,448
2023-08-17,CAMP025,7019,11674,441
2023-08-18,CAMP025,7483,11878,472
2023-08-19,CAMP025,7388,11635,466
2023-08-20,CAMP025,6920,11556,436
2023-08-21,CAMP025,7451,11819,470
2023-08-22,CAMP025,7348,11922,460
2023-08-23,CAMP025,7227,11801,454
2023-08-24,CAMP025,6785,11796,428
2023-08-25,CAMP025,7356,11588,464
2023-08-26,CAMP025,7374,11817,461
2023-08-27,CAMP025,6817,11748,430
2023-08-28,CAMP025,7007,11806,442
2023-08-29,CAMP025,7132,11773,446
2023-08-30,CAMP025,7427,11746,467
2023-08-31,CAMP025,6864,11888,433
2023-09-01,CAMP025,6960,11860,439
2023-09-02,CAMP025,6643,11747,419
2023-09-03,CAMP025,7245,11695,457
2023-09-04,CAMP025,7023,11658,443
2023-09-05,CAMP025,7338,11975,455
2023-09-06,CAMP025,7736,11729,479
2023-09-07,CAMP025,6627,11731,418
2023-09-08,CAMP025,7061,11613,443
2023-09-09,CAMP025,6527,11623,409
2023-09-10,CAMP025,6975,11814,440
2023-09-11,CAMP025,7261,11876,458
2023-09-12,CAMP025,6726,11546,421
2023-09-13,CAMP025,7023,11751,443
2023-09-14,CAMP025,7188,11726,452
2023-09-15,CAMP025,7485,11608,470
2023-09-16,CAMP025,6880,11710,434
2023-09-17,CAMP025,7849,11590,490
2023-09-18,CAMP025,6726,11554,424
2023-09-19,CAMP025,7557,11679,476
2023-09-20,CAMP025,6833,11744,431
2023-09-21,CAMP025,6962,11851,437
2023-09-22,CAMP025,7056,11749,442
2023-09-23,CAMP025,7055,11746,445
2023-09-24,CAMP025,6703,11926,421
2023-09-25,CAMP025,7150,11810,451
2023-09-26,CAMP025,7166,11695,452
2023-09-27,CAMP025,6706,11700,423
2023-09-28,CAMP025,7132,11813,448
2023-09-29,CAMP025,7240,11763,455
2023-09-30,CAMP025,7138,11607,447
2023-10-01,CAMP025,6880,11769,434
2023-10-02,CAMP025,7499,11730,473
2023-10-03,CAMP025,6551,11837,413
2023-10-04,CAMP025,6736,11679,423
2023-10-05,CAMP025,7213,11690,455
2023-10-06,CAMP025,6817,11719,430
2023-10-07,CAMP025,7277,11691,459
2023-10-08,CAMP025,7428,11776,465
2023-10-09,CAMP025,7170,11564,449
2023-10-10,CAMP025,7086,11730,447
2023-10-11,CAMP025,7253,11733,453
2023-10-12,CAMP025,7071,11832,446
2023-10-13,CAMP025,6950,11677,437
2023-10-14,CAMP025,7115,11616,445
2023-10-15,CAMP025,6849,11740,432
2023-10-16,CAMP025,6532,11475,412
2023-10-17,CAMP025,7404,11917,467
2023-10-18,CAMP025,6230,11627,392
2023-10-19,CAMP025,7013,11723,441
2023-10-20,CAMP025,7223,11610,453
2023-10-21,CAMP025,7211,11895,453
2023-10-22,CAMP025,6490,11650,409
2023-10-23,CAMP025,6857,11742,429
2023-10-24,CAMP025,7261,11921,458
2023-10-25,CAMP025,7169,11650,451
2023-10-26,CAMP025,6826,11938,429
2023-10-27,CAMP025,7277,11735,459
2023-10-28,CAMP025,6694,11806,417
2023-10-29,CAMP025,7029,11816,442
2023-10-30,CAMP025,7025,11808,439
2023-03-11,CAMP026,2665,14710,549
2023-03-12,CAMP026,2728,14619,562
2023-03-13,CAMP026,2680,14581,551
2023-03-14,CAMP026,2641,14456,544
2023-03-15,CAMP026,2369,14633,488
2023-03-16,CAMP026,2821,14642,578
2023-03-17,CAMP026,2544,14582,524
2023-03-18,CAMP026,2804,14732,571
2023-03-19,CAMP026,2675,14790,551
2023-03-20,CAMP026,2709,14570,558
2023-03-21,CAMP026,2545,14672,522
2023-03-22,CAMP026,2739,14438,561
2023-03-23,CAMP026,2839,14724,581
2023-03-24,CAMP026,2924,14714,598
2023-03-25,CAMP026,2590,14828,532
2023-03-26,CAMP026,2550,14681,525
2023-03-27,CAMP026,2797,14591,575
2023-03-28,CAMP026,2709,14774,558
2023-03-29,CAMP026,2660,14363,548
2023-03-30,CAMP026,2917,14438,596
2023-03-31,CAMP026,2643,14882,539
2023-04-01,CAMP026,2801,14607,577
2023-04-02,CAMP026,2612,14637,538
2023-04-03,CAMP026,2660,14643,548
2023-04-04,CAMP026,2568,14535,529
2023-04-05,CAMP026,2680,14614,552
2023-04-06,CAMP026,2952,14739,608
2023-04-07,CAMP026,2597,14565,535
2023-04-08,CAMP026,2879,14768,593
2023-04-09,CAMP026,2787,14540,574
2023-04-10,CAMP026,2835,14685,582
2023-04-11,CAMP026,2792,14832,570
2023-04-12,CAMP026,2796,14763,576
2023-04-13,CAMP026,2947,14591,607
2023-04-14,CAMP026,2653,14700,544
2023-04-15,CAMP026,2704,14477,557
2023-04-16,CAMP026,2927,14685,603
2023-04-17,CAMP026,2549,14514,525
2023-04-18,CAMP026,2651,14619,546
2023-04-19,CAMP026,2510,14666,517
2023-04-20,CAMP026,2806,14768,573
2023-04-21,CAMP026,2614,14685,534
2023-04-22,CAMP026,2821,14786,579
2023-04-23,CAMP026,2743,14709,565
2023-04-24,CAMP026,2694,14572,555
2023-04-25,CAMP026,2683,14737,550
2023-04-26,CAMP026,2821,14706,581
2023-04-27,CAMP026,2823,14873,577
2023-04-28,CAMP026,2504,14409,512
2023-04-29,CAMP026,2762,14616,569
2023-04-30,CAMP026,2880,14740,591
2023-05-01,CAMP026,2766,14853,565
2023-05-02,CAMP026,2694,14696,553
2023-05-03,CAMP026,2908,14754,599
2023-05-04,CAMP026,2573,14455,530
2023-05-05,CAMP026,2660,14566,548
2023-05-06,CAMP026,2663,14589,548
2023-05-07,CAMP026,2613,14605,538
2023-05-08,CAMP026,2539,14788,523
2023-05-09,CAMP026,2712,14577,556
2023-05-10,CAMP026,2884,14639,590
2023-05-11,CAMP026,2889,14461,595
2023-05-12,CAMP026,2728,14635,562
2023-05-13,CAMP026,2574,14644,529
2023-05-14,CAMP026,2884,14817,594
2023-05-15,CAMP026,2798,14666,575
2023-05-16,CAMP026,2821,14661,581
2023-05-17,CAMP026,3010,14769,619
2023-05-18,CAMP026,2578,14684,531
2023-05-19,CAMP026,2847,14657,583
2023-05-20,CAMP026,2720,14756,555
2023-05-21,CAMP026,2743,14735,565
2023-05-22,CAMP026,2588,14661,533
2023-05-23,CAMP026,2690,14613,554
2023-05-24,CAMP026,2685,14908,553
2023-05-25,CAMP026,2679,14799,551
2023-05-26,CAMP026,2487,14569,512
2023-05-27,CAMP026,2829,14645,581
2023-05-28,CAMP026,2837,14693,576
2023-05-29,CAMP026,2811,14685,579
2023-05-30,CAMP026,2685,14557,553
2023-05-31,CAMP026,2731,14676,561
2023-06-01,CAMP026,2728,14710,562
2023-06-02,CAMP026,2498,14863,512
2023-06-03,CAMP026,2772,14682,571
2023-06-04,CAMP026,2898,14525,597
2023-06-05,CAMP026,2694,14681,555
2023-06-06,CAMP026,2805,14520,576
2023-06-07,CAMP026,2814,14667,577
2023-06-08,CAMP026,2762,14636,565
2023-06-09,CAMP026,2580,14783,530
2023-06-10,CAMP026,2680,14778,552
2023-06-11,CAMP026,2762,14505,567
2023-06-12,CAMP026,2704,14855,557
2023-06-13,CAMP026,2764,14612,562
2023-06-14,CAMP026,2524,14494,520
2023-06-15,CAMP026,3127,14439,639
2023-06-16,CAMP026,2634,14666,540
2023-06-17,CAMP026,2925,14789,601
2023-06-18,CAMP026,2592,14736,534
2023-06-19,CAMP026,2758,14514,568
2023-06-20,CAMP026,2495,14525,514
2023-06-21,CAMP026,2617,14670,539
2023-06-22,CAMP026,2793,14666,569
2023-06-23,CAMP026,2520,14432,516
2023-06-24,CAMP026,2725,14557,559
2023-06-25,CAMP026,2691,14921,553
2023-06-26,CAMP026,2719,14688,560
2023-06-27,CAMP026,2520,14952,519
2023-06-28,CAMP026,2770,14598,570
2023-06-29,CAMP026,2645,14722,541
2023-06-30,CAMP026,2724,14647,561
2023-07-01,CAMP026,2821,14768,580
2023-07-02,CAMP026,2612,14435,538
2023-07-03,CAMP026,2866,14831,590
2023-07-04,CAMP026,2704,14567,557
2023-07-05,CAMP026,2585,14548,531
2023-07-06,CAMP026,2668,14659,549
2023-07-07,CAMP026,2622,14682,540
2023-07-08,CAMP026,2684,14671,549
2023-07-09,CAMP026,2704,14659,550
2023-07-10,CAMP026,2743,14752,565
2023-07-11,CAMP026,2849,14666,583
2023-07-12,CAMP026,2631,14752,542
2023-07-13,CAMP026,2704,14780,557
2023-07-14,CAMP026,2819,14668,575
2023-07-15,CAMP026,2879,14755,592
2023-07-16,CAMP026,2582,14486,527
2023-07-17,CAMP026,2836,14745,583
2023-07-18,CAMP026,2531,14477,518
2023-07-19,CAMP026,2879,14867,593
2023-07-20,CAMP026,2911,14701,595
2023-07-21,CAMP026,2848,14856,581
2023-07-22,CAMP026,2759,14580,566
2023-07-23,CAMP026,2772,14777,571
2023-07-24,CAMP026,2879,14663,593
2023-07-25,CAMP026,2724,14798,561
2023-07-26,CAMP026,2749,14419,564
2023-07-27,CAMP026,2699,14543,554
2023-07-28,CAMP026,2976,14616,613
2023-07-29,CAMP026,2787,14737,571
2023-07-30,CAMP026,2748,14592,566
2023-07-31,CAMP026,2728,14609,556
2023-08-01,CAMP026,2771,14727,568
2023-08-02,CAMP026,2773,14779,566
2023-08-03,CAMP026,2607,14590,537
2023-08-04,CAMP026,2685,14785,553
2023-08-05,CAMP026,2704,14653,557
2023-08-06,CAMP026,2783,14618,571
2023-08-07,CAMP026,2432,14923,501
2023-08-08,CAMP026,2658,14698,543
2023-01-10,CAMP027,1049,9960,115
2023-01-11,CAMP027,991,9907,107
2023-01-12,CAMP027,1041,9911,116
2023-01-13,CAMP027,808,9803,90
2023-01-14,CAMP027,1059,9918,118
2023-01-15,CAMP027,1041,9866,116
2023-01-16,CAMP027,1095,9846,122
2023-01-17,CAMP027,1198,9980,128
2023-01-18,CAMP027,951,9952,106
2023-01-19,CAMP027,1059,9907,118
2023-01-20,CAMP027,1065,10064,117
2023-01-21,CAMP027,1064,9977,118
2023-01-22,CAMP027,1014,9864,111
2023-01-23,CAMP027,1014,9838,113
2023-01-24,CAMP027,1068,9879,119
2023-01-25,CAMP027,921,9848,99
2023-01-26,CAMP027,1077,9916,120
2023-01-27,CAMP027,951,9818,106
2023-01-28,CAMP027,1099,10064,122
2023-01-29,CAMP027,978,9764,109
2023-01-30,CAMP027,1050,9827,117
2023-01-31,CAMP027,1050,9691,117
2023-02-01,CAMP027,1161,9892,128
2023-02-02,CAMP027,1068,9785,119
2023-02-03,CAMP027,996,9898,111
2023-02-04,CAMP027,1096,9670,120
2023-02-05,CAMP027,906,9914,101
2023-02-06,CAMP027,987,9882,110
2023-02-07,CAMP027,1149,10041,128
2023-02-08,CAMP027,1059,9945,118
2023-02-09,CAMP027,1041,9909,116
2023-02-10,CAMP027,1136,9772,124
2023-02-11,CAMP027,942,9870,105
2023-02-12,CAMP027,1023,9803,114
2023-02-13,CAMP027,1068,10026,117
2023-02-14,CAMP027,1080,9843,119
2023-02-15,CAMP027,941,9879,103
2023-02-16,CAMP027,1057,9836,117
2023-02-17,CAMP027,1167,9898,130
2023-02-18,CAMP027,1068,9828,119
2023-02-19,CAMP027,1041,9823,116
2023-02-20,CAMP027,1072,9826,117
2023-02-21,CAMP027,1140,9997,123
2023-02-22,CAMP027,1072,9786,114
2023-02-23,CAMP027,1113,9898,124
2023-02-24,CAMP027,1086,9761,121
2023-02-25,CAMP027,1158,9771,129
2023-02-26,CAMP027,1086,9919,121
2023-02-27,CAMP027,1005,9838,112
2023-02-28,CAMP027,1122,9648,119
2023-03-01,CAMP027,1240,9871,134
2023-03-02,CAMP027,1086,9915,121
2023-03-03,CAMP027,915,9734,102
2023-03-04,CAMP027,1167,9641,130
2023-03-05,CAMP027,1301,10007,145
2023-03-06,CAMP027,1256,10071,140
2023-03-07,CAMP027,1149,9935,126
2023-03-08,CAMP027,1100,9850,118
2023-03-09,CAMP027,1089,9815,119
2023-03-10,CAMP027,1109,9932,120
2023-03-11,CAMP027,1059,9897,118
2023-03-12,CAMP027,1095,9916,122
2023-03-13,CAMP027,1183,9904,128
2023-03-14,CAMP027,1080,9793,120
2023-03-15,CAMP027,1184,9757,132
2023-03-16,CAMP027,1199,9966,129
2023-03-17,CAMP027,1131,9791,126
2023-03-18,CAMP027,1023,9745,114
2023-03-19,CAMP027,1005,10107,112
2023-03-20,CAMP027,1126,9681,121
2023-03-21,CAMP027,1225,9771,134
2023-03-22,CAMP027,1077,9815,120
2023-03-23,CAMP027,1001,9884,107
2023-03-24,CAMP027,1283,9703,143
2023-03-25,CAMP027,1105,10082,122
2023-03-26,CAMP027,969,9780,108
2023-03-27,CAMP027,1142,9697,122
2023-03-28,CAMP027,970,9810,107
2023-03-29,CAMP027,1118,9888,121
2023-03-30,CAMP027,996,10023,111
2023-03-31,CAMP027,1049,9959,115
2023-04-01,CAMP027,970,9964,108
2023-04-02,CAMP027,1095,9814,122
2023-04-03,CAMP027,1184,9846,132
2023-04-04,CAMP027,1050,9835,117
2023-04-05,CAMP027,1050,9785,117
2023-04-06,CAMP027,1095,9813,122
2023-04-07,CAMP027,1113,10012,124
2023-04-08,CAMP027,992,9943,109
2023-04-09,CAMP027,969,9820,108
2023-04-10,CAMP027,1158,9814,129
2023-04-11,CAMP027,924,9727,103
2023-04-12,CAMP027,1167,9842,130
2023-04-13,CAMP027,1274,9838,142
2023-04-14,CAMP027,1220,9938,136
2023-04-15,CAMP027,1140,9863,127
2023-04-16,CAMP027,1212,9963,134
2023-04-17,CAMP027,1046,9824,114
2023-04-18,CAMP027,935,9816,102
2023-04-19,CAMP027,1164,9792,129
2023-04-20,CAMP027,1199,9685,132
2023-04-21,CAMP027,870,9802,97
2023-04-22,CAMP027,1077,9792,120
2023-04-23,CAMP027,1101,9827,121
2023-04-24,CAMP027,1234,10033,136
2023-04-25,CAMP027,1024,9957,108
2023-04-26,CAMP027,1086,9755,121
2023-04-27,CAMP027,1122,9894,125
2023-04-28,CAMP027,958,9819,106
2023-04-29,CAMP027,987,9944,110
2023-04-30,CAMP027,1274,9833,142
2023-05-01,CAMP027,1308,10038,142
2023-05-02,CAMP027,1017,10047,108
2023-05-03,CAMP027,1130,9732,125
2023-05-04,CAMP027,1041,9963,116
2023-05-05,CAMP027,1190,9891,132
2023-05-06,CAMP027,1068,9993,119
2023-05-07,CAMP027,1041,9907,116
2023-05-08,CAMP027,1268,9871,139
2023-05-09,CAMP027,1147,9916,127
2023-05-10,CAMP027,1018,9857,110
2023-05-11,CAMP027,1104,9795,123
2023-05-12,CAMP027,978,9766,109
2023-05-13,CAMP027,987,9698,110
2023-05-14,CAMP027,1122,9799,125
2023-05-15,CAMP027,1104,9920,116
2023-05-16,CAMP027,1193,9831,133
2023-05-17,CAMP027,1050,9908,117
2023-05-18,CAMP027,1059,9981,118
2023-05-19,CAMP027,1149,9916,128
2023-05-20,CAMP027,1114,9870,123
2023-05-21,CAMP027,960,9897,107
2023-05-22,CAMP027,988,9844,110
2023-05-23,CAMP027,983,9843,109
2023-05-24,CAMP027,970,9826,108
2023-05-25,CAMP027,1079,9915,120
2023-05-26,CAMP027,1265,9965,141
2023-05-27,CAMP027,925,9839,102
2023-05-28,CAMP027,1213,9837,133
2023-05-29,CAMP027,1023,9884,114
2023-05-30,CAMP027,1068,9850,119
2023-05-31,CAMP027,1283,10010,143
2023-06-01,CAMP027,1129,9829,125
2023-06-02,CAMP027,1184,9798,132
2023-06-03,CAMP027,1265,9911,141
2023-06-04,CAMP027,1158,9742,129
2023-06-05,CAMP027,1251,9941,134
2023-06-06,CAMP027,1077,9719,120
2023-06-07,CAMP027,1093,10055,117
2023-06-08,CAMP027,1115,9783,122
2023-06-09,CAMP027,977,9991,106
2023-06-10,CAMP027,939,9845,104
2023-06-11,CAMP027,1260,9991,139
2023-06-12,CAMP027,1066,9838,118
2023-06-13,CAMP027,1047,9922,115
2023-06-14,CAMP027,1089,9841,119
2023-06-15,CAMP027,1196,9798,129
2023-06-16,CAMP027,1068,9656,119
2023-06-17,CAMP027,1044,9824,115
2023-06-18,CAMP027,1235,9891,133
2023-06-19,CAMP027,1130,9782,122
2023-06-20,CAMP027,1077,9722,120
2023-06-21,CAMP027,1031,9787,114
2023-06-22,CAMP027,1120,9769,124
2023-06-23,CAMP027,1038,9970,115
2023-06-24,CAMP027,1095,9878,122
2023-06-25,CAMP027,1000,9818,109
2023-06-26,CAMP027,1158,9858,129
2023-06-27,CAMP027,1080,9840,114
2023-06-28,CAMP027,1354,9773,149
2023-06-29,CAMP027,1041,9756,116
2023-06-30,CAMP027,986,10048,108
2023-07-01,CAMP027,1018,9803,113
2023-07-02,CAMP027,1140,9812,127
2023-12-26,CAMP028,9613,17198,740
2023-12-27,CAMP028,8858,17074,682
2023-12-28,CAMP028,9567,17129,739
2023-12-29,CAMP028,10024,17130,773
2023-12-30,CAMP028,9516,17171,736
2023-12-31,CAMP028,9632,17243,745
2024-01-01,CAMP028,8901,17015,688
2024-01-02,CAMP028,9688,17390,749
2024-01-03,CAMP028,9386,17144,726
2024-01-04,CAMP028,9279,17239,717
2024-01-05,CAMP028,9322,17103,721
2024-01-06,CAMP028,9063,17118,701
2024-01-07,CAMP028,9438,17470,730
2024-01-08,CAMP028,9495,17234,734
2024-01-09,CAMP028,9386,17175,726
2024-01-10,CAMP028,9981,17138,772
2024-01-11,CAMP028,9479,16981,729
2024-01-12,CAMP028,9451,17371,731
2024-01-13,CAMP028,9671,17239,748
2024-01-14,CAMP028,9490,17206,734
2024-01-15,CAMP028,9270,17244,717
2024-01-16,CAMP028,9877,17213,761
2024-01-17,CAMP028,9705,16966,749
2024-01-18,CAMP028,9453,16990,731
2024-01-19,CAMP028,9878,17368,764
2024-01-20,CAMP028,9738,17198,753
2024-01-21,CAMP028,9027,17168,697
2024-01-22,CAMP028,10110,17380,782
2024-01-23,CAMP028,9787,17109,757
2024-01-24,CAMP028,9075,17150,696
2024-01-25,CAMP028,9767,17158,752
2024-01-26,CAMP028,9503,17084,735
2024-01-27,CAMP028,9609,17223,739
2024-01-28,CAMP028,9244,17301,715
2024-01-29,CAMP028,8932,17232,687
2024-01-30,CAMP028,9381,17060,725
2024-01-31,CAMP028,9188,17259,708
2024-05-28,CAMP029,6045,13472,628
2024-05-29,CAMP029,5718,13494,594
2024-05-30,CAMP029,6139,13470,634
2024-05-31,CAMP029,5883,13493,610
2024-06-01,CAMP029,6109,13372,632
2024-06-02,CAMP029,5583,13152,580
2024-06-03,CAMP029,5824,13168,605
2024-06-04,CAMP029,5419,13326,563
2024-06-05,CAMP029,5582,13323,577
2024-06-06,CAMP029,6064,13342,630
2024-06-07,CAMP029,6045,13279,628
2024-06-08,CAMP029,5602,13359,582
2024-06-09,CAMP029,5446,13402,562
2024-06-10,CAMP029,6017,13620,625
2024-06-11,CAMP029,5888,13323,611
2024-06-12,CAMP029,5932,13347,616
2024-06-13,CAMP029,5756,13407,598
2024-06-14,CAMP029,5737,13401,596
2024-06-15,CAMP029,5987,13241,622
2024-06-16,CAMP029,6314,13361,651
2024-06-17,CAMP029,5910,13254,614
2024-06-18,CAMP029,6003,13235,620
2024-06-19,CAMP029,5554,13212,577
2024-06-20,CAMP029,5617,13341,582
2024-06-21,CAMP029,5487,13433,570
2024-06-22,CAMP029,6093,13389,633
2024-06-23,CAMP029,5937,13168,616
2024-06-24,CAMP029,6392,13514,661
2024-06-25,CAMP029,5834,13506,602
2024-06-26,CAMP029,5871,13090,606
2024-06-27,CAMP029,5699,13424,592
2024-06-28,CAMP029,5846,13235,605
2024-06-29,CAMP029,6084,13432,632
2024-06-30,CAMP029,5747,13298,597
2024-07-01,CAMP029,5782,13511,600
2024-07-02,CAMP029,5939,13580,617
2024-07-03,CAMP029,6310,13347,653
2024-07-04,CAMP029,5487,13265,570
2024-07-05,CAMP029,5875,13407,607
2024-07-06,CAMP029,5708,13223,593
2024-07-07,CAMP029,6222,13350,642
2024-07-08,CAMP029,6126,13375,633
2024-07-09,CAMP029,5747,13358,597
2024-07-10,CAMP029,5323,13296,553
2024-07-11,CAMP029,5824,13491,603
2024-07-12,CAMP029,5805,13554,603
2024-07-13,CAMP029,6113,13522,635
2024-07-14,CAMP029,6161,13362,640
2024-07-15,CAMP029,5989,13283,620
2024-07-16,CAMP029,5946,13450,615
2024-07-17,CAMP029,5920,13505,615
2024-07-18,CAMP029,6088,13336,630
2024-07-19,CAMP029,5635,13278,581
2024-07-20,CAMP029,5725,13294,592
2024-07-21,CAMP029,5766,13388,599
2024-07-22,CAMP029,5622,13199,584
2024-07-23,CAMP029,5937,13332,616
2024-07-24,CAMP029,5674,13302,587
2024-07-25,CAMP029,5662,13228,587
2024-07-26,CAMP029,5997,13102,623
2024-07-27,CAMP029,6132,13304,637
2024-07-28,CAMP029,5494,13212,567
2024-07-29,CAMP029,5959,13308,619
2024-07-30,CAMP029,6021,13360,620
2024-07-31,CAMP029,5987,13250,622
2024-08-01,CAMP029,5583,13372,580
2024-08-02,CAMP029,5622,13488,584
2024-08-03,CAMP029,5674,13356,584
2024-08-04,CAMP029,6196,13426,640
2024-08-05,CAMP029,5930,13396,616
2024-08-06,CAMP029,5959,13361,619
2024-08-07,CAMP029,5885,13628,608
2024-08-08,CAMP029,5904,13287,613
2024-08-09,CAMP029,5612,13403,583
2024-08-10,CAMP029,5419,13391,563
2024-08-11,CAMP029,5315,13404,551
2024-08-12,CAMP029,5910,13324,614
2024-08-13,CAMP029,6136,13403,637
2024-08-14,CAMP029,5960,13110,618
2024-08-15,CAMP029,5487,13367,570
2024-08-16,CAMP029,5862,13314,609
2024-08-17,CAMP029,5660,13147,586
2024-08-18,CAMP029,6161,13412,640
2024-08-19,CAMP029,6055,13367,629
2024-08-20,CAMP029,5726,13209,593
2024-08-21,CAMP029,6392,13311,664
2024-08-22,CAMP029,5676,13293,586
2024-08-23,CAMP029,5827,13473,604
2024-08-24,CAMP029,5419,13406,563
2024-08-25,CAMP029,5583,13195,580
2024-08-26,CAMP029,5522,13206,570
2024-08-27,CAMP029,5926,13380,614
2024-08-28,CAMP029,6170,13556,641
2024-08-29,CAMP029,5930,13282,616
2024-08-30,CAMP029,5993,13485,622
2024-08-31,CAMP029,6038,13186,622
2024-09-01,CAMP029,5557,13213,575
2024-09-02,CAMP029,5987,13534,622
2024-09-03,CAMP029,6110,13492,633
2024-09-04,CAMP029,5401,13291,561
2024-09-05,CAMP029,5987,13334,622
2024-09-06,CAMP029,6220,13422,645
2024-09-07,CAMP029,5660,13298,588
2024-09-08,CAMP029,6122,13307,633
2024-09-09,CAMP029,5974,13313,619
2024-09-10,CAMP029,5968,13348,620
2024-09-11,CAMP029,5882,13403,611
2024-09-12,CAMP029,5583,13244,580
2024-09-13,CAMP029,6294,13489,653
2024-09-14,CAMP029,5838,13420,606
2024-09-15,CAMP029,5829,13289,605
2024-09-16,CAMP029,5642,13348,581
2024-09-17,CAMP029,6141,13521,638
2024-09-18,CAMP029,6064,13390,630
2024-09-19,CAMP029,6093,13513,633
2024-09-20,CAMP029,5504,13182,569
2024-09-21,CAMP029,5997,13211,623
2024-09-22,CAMP029,6064,13577,630
2024-09-23,CAMP029,6147,13528,638
2024-09-24,CAMP029,5595,13369,580
2024-09-25,CAMP029,5764,13467,594
2024-09-26,CAMP029,5706,13359,592
2024-09-27,CAMP029,6190,13441,643
2024-09-28,CAMP029,6016,13442,625
2024-09-29,CAMP029,5987,13426,622
2024-09-30,CAMP029,5876,13331,609
2024-10-01,CAMP029,5886,13325,609
2024-10-02,CAMP029,5833,13479,606
2024-10-03,CAMP029,5573,13245,579
2024-10-04,CAMP029,6402,13435,661
2024-10-05,CAMP029,6279,13394,652
2024-10-06,CAMP029,5588,13240,579
2024-10-07,CAMP029,6055,13465,629
2024-10-08,CAMP029,5833,13289,606
2024-10-09,CAMP029,5400,13339,561
2024-10-10,CAMP029,5862,13369,609
2024-10-11,CAMP029,5979,13497,620
2024-10-12,CAMP029,5532,13366,571
2024-10-13,CAMP029,5670,13485,589
2024-10-14,CAMP029,5573,13410,579
2024-10-15,CAMP029,6086,13201,632
2024-10-16,CAMP029,5943,13362,614
2024-10-17,CAMP029,5978,13423,621
2024-10-18,CAMP029,5860,13245,606
2024-10-19,CAMP029,5785,13316,601
2024-10-20,CAMP029,5670,13299,589
2024-10-21,CAMP029,6170,13382,641
2024-10-22,CAMP029,5814,13386,604
2024-10-23,CAMP029,5485,13501,563
2024-10-24,CAMP029,5244,13271,543
2024-10-25,CAMP029,6161,13501,640
2024-10-26,CAMP029,5640,13512,585
2024-10-27,CAMP029,5637,13215,585
2024-10-28,CAMP029,6286,13638,653
2024-10-29,CAMP029,5525,13429,574
2024-10-30,CAMP029,6016,13337,625
2024-10-31,CAMP029,5855,13170,606
2024-11-01,CAMP029,5926,13294,611
2024-11-02,CAMP029,6228,13404,643
2024-11-03,CAMP029,5545,13319,576
2024-11-04,CAMP029,5782,13365,599
2024-11-05,CAMP029,5602,13541,582
2023-03-06,CAMP030,6624,17074,425
2023-03-07,CAMP030,6421,16783,412
2023-03-08,CAMP030,6468,17226,415
2023-03-09,CAMP030,6861,17065,439
2023-03-10,CAMP030,7071,17018,451
2023-03-11,CAMP030,6078,17227,390
2023-03-12,CAMP030,6427,17125,410
2023-03-13,CAMP030,6234,17189,400
2023-03-14,CAMP030,6432,17059,411
2023-03-15,CAMP030,6358,16937,408
2023-03-16,CAMP030,6102,17040,389
2023-03-17,CAMP030,6852,17201,434
2023-03-18,CAMP030,6758,17003,433
2023-03-19,CAMP030,6997,17038,449
2023-03-20,CAMP030,6031,17036,387
2023-03-21,CAMP030,7057,17088,451
2023-03-22,CAMP030,6296,17133,404
2023-03-23,CAMP030,6824,17133,435
2023-03-24,CAMP030,6902,17168,442
2023-03-25,CAMP030,6525,17314,416
2023-03-26,CAMP030,6561,17165,421
2023-03-27,CAMP030,7060,16958,453
2023-03-28,CAMP030,6483,17127,416
2023-03-29,CAMP030,6486,16938,415
2023-03-30,CAMP030,6686,16912,429
2023-03-31,CAMP030,6920,17108,442
2023-04-01,CAMP030,6888,16934,442
2023-04-02,CAMP030,6296,17057,404
2023-04-03,CAMP030,6935,17149,445
2023-04-04,CAMP030,6545,17084,420
2023-04-05,CAMP030,6655,17036,427
2023-06-07,CAMP031,913,3109,75
2023-06-08,CAMP031,1049,3114,90
2023-06-09,CAMP031,1165,3059,100
2023-06-10,CAMP031,845,3153,71
2023-06-11,CAMP031,1054,3111,88
2023-06-12,CAMP031,1026,3145,83
2023-06-13,CAMP031,967,3118,83
2023-06-14,CAMP031,1082,3117,88
2023-06-15,CAMP031,909,3232,78
2023-06-16,CAMP031,1363,3267,117
2023-06-17,CAMP031,920,3201,79
2023-06-18,CAMP031,1100,3134,92
2023-06-19,CAMP031,1086,3083,89
2023-06-20,CAMP031,781,3102,67
2023-06-21,CAMP031,885,3127,76
2023-06-22,CAMP031,990,3171,85
2023-06-23,CAMP031,1060,3240,91
2023-06-24,CAMP031,980,3161,84
2023-06-25,CAMP031,1058,3175,90
2023-06-26,CAMP031,979,3169,84
2023-06-27,CAMP031,1107,3197,95
2023-06-28,CAMP031,1017,3217,87
2023-06-29,CAMP031,1138,3109,96
2023-06-30,CAMP031,1107,3153,95
2023-07-01,CAMP031,885,3145,76
2023-07-02,CAMP031,857,3199,72
2023-07-03,CAMP031,1095,3119,94
2023-07-04,CAMP031,1024,3135,87
2023-07-05,CAMP031,1013,3178,82
2023-07-06,CAMP031,1083,3182,93
2023-07-07,CAMP031,1011,3176,83
2023-07-08,CAMP031,1130,3138,97
2023-07-09,CAMP031,1010,3092,85
2023-07-10,CAMP031,920,3115,79
2023-07-11,CAMP031,967,3108,83
2023-07-12,CAMP031,1305,3113,112
2023-07-13,CAMP031,931,3217,73
2023-07-14,CAMP031,897,3122,77
2023-07-15,CAMP031,1142,3070,98
2023-07-16,CAMP031,1143,3215,94
2023-07-17,CAMP031,1000,3107,85
2023-07-18,CAMP031,867,3165,74
2023-07-19,CAMP031,1177,3232,101
2023-07-20,CAMP031,955,3152,82
2023-07-21,CAMP031,990,3112,85
2023-07-22,CAMP031,955,3166,82
2023-07-23,CAMP031,1014,3241,86
2023-07-24,CAMP031,1135,3172,95
2023-07-25,CAMP031,874,3095,75
2023-07-26,CAMP031,920,3208,79
2023-07-27,CAMP031,1051,3102,89
2023-07-28,CAMP031,903,3142,75
2023-07-29,CAMP031,967,3208,83
2023-07-30,CAMP031,1146,3103,95
2023-07-31,CAMP031,975,3120,81
2023-08-01,CAMP031,967,3160,83
2023-08-02,CAMP031,944,3118,81
2023-08-03,CAMP031,1137,3101,96
2023-08-04,CAMP031,804,3120,67
2023-08-05,CAMP031,1062,3125,86
2023-08-06,CAMP031,1072,3204,92
2023-08-07,CAMP031,927,3071,75
2023-08-08,CAMP031,955,3209,82
2023-08-09,CAMP031,1136,3150,96
2023-08-10,CAMP031,1118,3152,96
2023-08-11,CAMP031,993,3247,85
2023-08-12,CAMP031,877,3190,71
2023-08-13,CAMP031,885,3252,76
2023-08-14,CAMP031,1007,3185,84
2023-08-15,CAMP031,1258,3254,108
2023-08-16,CAMP031,979,3009,84
2023-08-17,CAMP031,1049,3185,90
2023-08-18,CAMP031,1043,3193,89
2023-08-19,CAMP031,944,3103,81
2023-08-20,CAMP031,967,3226,83
2023-08-21,CAMP031,815,3103,67
2023-08-22,CAMP031,960,3144,80
2023-08-23,CAMP031,1153,3184,99
2023-08-24,CAMP031,1037,3182,89
2023-08-25,CAMP031,897,3064,77
2023-08-26,CAMP031,1042,3191,84
2023-08-27,CAMP031,1037,3158,89
2023-08-28,CAMP031,1060,3049,91
2023-08-29,CAMP031,990,3161,85
2023-08-30,CAMP031,989,3054,84
2023-08-31,CAMP031,1025,3085,88
2023-09-01,CAMP031,906,3179,77
2023-09-02,CAMP031,983,3232,83
2023-09-03,CAMP031,1014,3234,84
2023-09-04,CAMP031,1072,3158,92
2023-09-05,CAMP031,904,3220,75
2023-09-06,CAMP031,1079,3302,87
2023-09-07,CAMP031,889,3065,74
2023-09-08,CAMP031,909,3214,76
2023-09-09,CAMP031,967,3146,83
2023-09-10,CAMP031,1164,3099,96
2023-09-11,CAMP031,1161,3168,94
2023-09-26,CAMP032,2549,19700,413
2023-09-27,CAMP032,2272,19568,369
2023-09-28,CAMP032,2482,19582,403
2023-09-29,CAMP032,2297,19336,373
2023-09-30,CAMP032,2174,19687,353
2023-10-01,CAMP032,2340,19602,380
2023-10-02,CAMP032,2155,19476,350
2023-10-03,CAMP032,2075,19391,337
2023-10-04,CAMP032,2167,19363,352
2023-10-05,CAMP032,2416,19721,391
2023-10-06,CAMP032,2557,19454,413
2023-10-07,CAMP032,2325,19491,375
2023-10-08,CAMP032,2198,19585,357
2023-10-09,CAMP032,2309,19675,375
2023-10-10,CAMP032,2160,19498,350
2023-10-11,CAMP032,2167,19416,352
2023-10-12,CAMP032,2254,19659,366
2023-10-13,CAMP032,2063,19359,335
2023-10-14,CAMP032,2321,19453,377
2023-10-15,CAMP032,2117,19566,340
2023-10-16,CAMP032,2346,19746,381
2023-10-17,CAMP032,2457,19653,399
2023-10-18,CAMP032,2207,19688,356
2023-10-19,CAMP032,2112,19550,343
2023-10-20,CAMP032,2162,19751,348
2023-10-21,CAMP032,2260,19362,366
2023-10-22,CAMP032,2131,19357,345
2023-10-23,CAMP032,2143,19212,348
2023-10-24,CAMP032,2180,19239,354
2023-10-25,CAMP032,2291,19628,372
2023-10-26,CAMP032,2286,19529,371
2023-10-27,CAMP032,2291,19627,372
2023-10-28,CAMP032,2198,19565,357
2023-10-29,CAMP032,2155,19455,350
2023-10-30,CAMP032,2260,19463,367
2023-10-31,CAMP032,2488,19464,404
2023-11-01,CAMP032,2440,19781,395
2023-11-02,CAMP032,2233,19756,360
2023-11-03,CAMP032,2328,19607,378
2023-11-04,CAMP032,2415,19482,388
2023-11-05,CAMP032,2334,19532,377
2023-11-06,CAMP032,2256,19575,362
2023-11-07,CAMP032,2260,19565,367
2023-11-08,CAMP032,2381,19423,385
2023-11-09,CAMP032,2298,19486,370
2023-11-10,CAMP032,2303,19657,374
2023-11-11,CAMP032,2344,19529,378
2023-11-12,CAMP032,2039,19478,330
2023-11-13,CAMP032,2276,19587,367
2023-11-14,CAMP032,2398,19894,389
2023-11-15,CAMP032,2404,19646,387
2023-11-16,CAMP032,2284,19555,371
2023-11-17,CAMP032,2254,19666,366
2023-11-18,CAMP032,2137,19546,345
2023-11-19,CAMP032,2402,19410,388
2023-11-20,CAMP032,2297,19513,373
2023-11-21,CAMP032,2454,19720,395
2023-11-22,CAMP032,2318,19702,373
2023-11-23,CAMP032,2254,19465,363
2023-11-24,CAMP032,2131,19558,346
2023-11-25,CAMP032,2135,19709,343
2023-11-26,CAMP032,2275,19346,368
2023-11-27,CAMP032,2135,19566,344
2023-11-28,CAMP032,2235,19708,363
2023-11-29,CAMP032,2118,19443,344
2023-11-30,CAMP032,2094,19779,340
2023-12-01,CAMP032,2414,19735,392
2023-12-02,CAMP032,2054,19735,331
2023-12-03,CAMP032,2204,19749,358
2023-12-04,CAMP032,2161,19497,351
2023-12-05,CAMP032,2044,19617,331
2023-12-06,CAMP032,2180,19380,354
2023-12-07,CAMP032,2260,19577,367
2023-12-08,CAMP032,2211,19708,359
2023-12-09,CAMP032,2235,19806,363
2023-12-10,CAMP032,2627,19459,422
2023-12-11,CAMP032,1995,19471,322
2023-12-12,CAMP032,2371,19619,385
2023-12-13,CAMP032,2186,19790,355
2023-12-14,CAMP032,2106,19559,342
2023-12-15,CAMP032,2264,19735,367
2023-12-16,CAMP032,2248,19503,365
2023-12-17,CAMP032,2225,19471,360
2023-12-18,CAMP032,2389,19428,388
2023-12-19,CAMP032,2223,19694,360
2023-12-20,CAMP032,2589,19360,417
2023-12-21,CAMP032,2235,19589,363
2023-12-22,CAMP032,2395,19845,389
2023-12-23,CAMP032,2178,19617,353
2023-12-24,CAMP032,2256,19554,365
2023-12-25,CAMP032,2336,19688,379
2023-12-26,CAMP032,2155,19388,350
2023-12-27,CAMP032,2480,19523,402
2023-12-28,CAMP032,2157,19640,350
2023-12-29,CAMP032,1960,19476,318
2023-12-30,CAMP032,2294,19494,368
2023-12-31,CAMP032,2278,19417,367
2024-01-01,CAMP032,2264,19399,365
2024-01-02,CAMP032,2211,19588,359
2024-01-03,CAMP032,2038,19220,331
2024-01-04,CAMP032,2236,19431,360
2024-01-05,CAMP032,2297,19585,373
2024-01-06,CAMP032,2235,19370,360
2024-01-07,CAMP032,2599,19428,422
2024-01-08,CAMP032,2113,19556,337
2024-01-09,CAMP032,2066,19527,332
2024-01-10,CAMP032,2365,19384,384
2024-01-11,CAMP032,2463,19476,400
2024-01-12,CAMP032,2254,19559,366
2024-01-13,CAMP032,2149,19443,349
2024-01-14,CAMP032,2398,19497,386
2024-01-15,CAMP032,2129,19459,344
2024-01-16,CAMP032,2167,19419,352
2024-01-17,CAMP032,2272,19490,363
2024-01-18,CAMP032,2196,19416,355
2024-01-19,CAMP032,2292,19685,371
2024-05-06,CAMP033,4125,17830,192
2024-05-07,CAMP033,4133,17768,193
2024-05-08,CAMP033,4589,17966,215
2024-05-09,CAMP033,4141,18035,194
2024-05-10,CAMP033,4098,17845,192
2024-05-11,CAMP033,3603,17716,168
2024-05-12,CAMP033,4098,17777,192
2024-05-13,CAMP033,4055,17846,190
2024-05-14,CAMP033,4256,17799,198
2024-05-15,CAMP033,4077,17865,191
2024-05-16,CAMP033,4118,17849,190
2024-05-17,CAMP033,4331,17996,200
2024-05-18,CAMP033,3842,17823,180
2024-05-19,CAMP033,4581,18073,211
2024-05-20,CAMP033,4247,17604,199
2024-05-21,CAMP033,4141,17870,194
2024-05-22,CAMP033,4077,18131,191
2024-05-23,CAMP033,4269,17670,200
2024-05-24,CAMP033,4458,17828,208
2024-05-25,CAMP033,3764,17853,173
2024-05-26,CAMP033,4162,17820,195
2024-05-27,CAMP033,4207,17980,196
2024-05-28,CAMP033,4515,17961,210
2024-05-29,CAMP033,4627,17907,215
2024-05-30,CAMP033,4412,17939,205
2024-05-31,CAMP033,3802,17702,177
2024-06-01,CAMP033,3991,17993,187
2024-06-02,CAMP033,4214,17794,195
2024-06-03,CAMP033,4244,17888,198
2024-06-04,CAMP033,4016,17795,186
2024-06-05,CAMP033,4093,17858,191
2024-06-06,CAMP033,4375,17759,205
2024-06-07,CAMP033,4397,17737,206
2024-06-08,CAMP033,3983,17657,185
2024-06-09,CAMP033,3946,17763,182
2024-06-10,CAMP033,3885,17991,182
2024-06-11,CAMP033,4077,17913,191
2024-06-12,CAMP033,4034,17788,189
2024-06-13,CAMP033,4546,18222,213
2024-06-14,CAMP033,4632,17945,217
2024-06-15,CAMP033,4407,17846,206
2024-06-16,CAMP033,3586,17814,168
2024-06-17,CAMP033,3942,17827,181
2024-06-18,CAMP033,4269,17899,200
2024-06-19,CAMP033,3906,17534,183
2024-06-20,CAMP033,4866,17697,228
2024-06-21,CAMP033,4077,17908,191
2024-06-22,CAMP033,4319,18033,202
2024-06-23,CAMP033,4397,18053,206
2024-06-24,CAMP033,3650,17819,171
2024-06-25,CAMP033,4696,17666,220
2024-06-26,CAMP033,4149,18041,194
2024-06-27,CAMP033,3607,18004,169
2024-06-28,CAMP033,4696,17551,220
2024-06-29,CAMP033,4311,17873,202
2024-06-30,CAMP033,3881,17994,181
2024-07-01,CAMP033,4284,17672,195
2024-07-02,CAMP033,4237,17858,194
2024-07-03,CAMP033,3906,17814,183
2024-07-04,CAMP033,4375,17731,205
2024-07-05,CAMP033,3671,17838,172
2024-07-06,CAMP033,4632,17816,217
2024-07-07,CAMP033,3927,17941,184
2024-07-08,CAMP033,4193,17849,194
2024-07-09,CAMP033,3628,18017,170
2024-07-10,CAMP033,3821,17990,179
2024-07-11,CAMP033,4098,17592,192
2024-07-12,CAMP033,4461,17577,209
2024-07-13,CAMP033,4653,18019,218
2024-07-14,CAMP033,4077,17674,187
2024-07-15,CAMP033,4034,17864,189
2024-07-16,CAMP033,3714,18152,174
2024-07-17,CAMP033,3896,17793,182
2024-07-18,CAMP033,4081,17890,190
2024-07-19,CAMP033,3757,17816,176
2024-07-20,CAMP033,4490,17892,210
2024-07-21,CAMP033,3821,17876,179
2024-07-22,CAMP033,4098,17820,192
2024-01-03,CAMP034,3887,14039,275
2024-01-04,CAMP034,4455,13936,310
2024-01-05,CAMP034,4204,14005,294
2024-01-06,CAMP034,4439,13984,314
2024-01-07,CAMP034,4312,13873,301
2024-01-08,CAMP034,4371,14125,307
2024-01-09,CAMP034,4366,14056,305
2024-01-10,CAMP034,4245,13986,299
2024-01-11,CAMP034,4622,13882,327
2024-01-12,CAMP034,3859,13923,273
2024-01-13,CAMP034,4283,14240,303
2024-01-14,CAMP034,4622,13973,327
2024-01-15,CAMP034,4326,13993,306
2024-01-16,CAMP034,4604,13866,322
2024-01-17,CAMP034,4313,13920,305
2024-01-18,CAMP034,4207,13760,297
2024-01-19,CAMP034,4568,13882,321
2024-01-20,CAMP034,4311,13803,305
2024-01-21,CAMP034,3947,13840,276
2024-01-22,CAMP034,4320,13874,305
2024-01-23,CAMP034,4368,14027,309
2024-01-24,CAMP034,4340,14052,307
2024-01-25,CAMP034,4283,13846,303
2024-01-26,CAMP034,4266,14036,300
2024-01-27,CAMP034,4384,14009,306
2024-01-28,CAMP034,4750,13953,336
2024-01-29,CAMP034,3916,13949,277
2024-01-30,CAMP034,4145,13744,288
2024-01-31,CAMP034,4217,13703,289
2024-02-01,CAMP034,3834,13871,266
2024-02-02,CAMP034,4630,13940,327
2024-02-03,CAMP034,4382,13868,310
2024-02-04,CAMP034,4679,13936,329
2024-02-05,CAMP034,4592,13845,324
2024-02-06,CAMP034,4255,13947,301
2024-02-07,CAMP034,4042,13834,282
2024-02-08,CAMP034,4628,14050,320
2024-02-09,CAMP034,3958,13977,280
2024-02-10,CAMP034,4721,13828,334
2024-02-11,CAMP034,4029,13941,285
2024-02-12,CAMP034,4608,14041,326
2024-02-13,CAMP034,4119,13982,289
2024-02-14,CAMP034,3873,13828,274
2024-02-15,CAMP034,4410,13984,310
2024-02-11,CAMP035,6875,9290,352
2024-02-12,CAMP035,6348,9375,325
2024-02-13,CAMP035,6621,9371,339
2024-02-14,CAMP035,5879,9227,301
2024-02-15,CAMP035,6367,9155,326
2024-02-16,CAMP035,6895,9449,353
2024-02-17,CAMP035,6803,9241,347
2024-02-18,CAMP035,6270,9403,321
2024-02-19,CAMP035,6508,9163,332
2024-02-20,CAMP035,6684,9236,338
2024-02-21,CAMP035,7327,9301,372
2024-02-22,CAMP035,7246,9316,371
2024-02-23,CAMP035,7109,9266,364
2024-02-24,CAMP035,6055,9242,310
2024-02-25,CAMP035,6339,9250,324
2024-02-26,CAMP035,6803,9239,345
2024-02-27,CAMP035,6538,9314,334
2024-02-28,CAMP035,6810,9288,340
2024-02-29,CAMP035,6094,9174,312
2024-03-01,CAMP035,6939,9194,353
2024-03-02,CAMP035,6914,9599,354
2024-03-03,CAMP035,6289,9285,322
2024-03-04,CAMP035,6348,9120,325
2024-03-05,CAMP035,6541,9272,334
2024-03-06,CAMP035,6999,9348,356
2024-03-07,CAMP035,6895,9304,353
2024-03-08,CAMP035,6068,9088,307
2024-03-09,CAMP035,7066,9305,357
2024-03-10,CAMP035,6569,9320,332
2024-03-11,CAMP035,6833,9374,347
2024-03-12,CAMP035,6953,9209,356
2024-03-13,CAMP035,6405,9320,326
2024-03-14,CAMP035,6370,9347,322
2024-03-15,CAMP035,6875,9129,352
2024-03-16,CAMP035,6392,9316,325
2024-03-17,CAMP035,6363,9290,324
2024-03-18,CAMP035,6582,9283,337
2024-03-19,CAMP035,6536,9252,329
2024-03-20,CAMP035,6641,9303,340
2024-03-21,CAMP035,6484,9058,332
2024-03-22,CAMP035,7014,9345,359
2024-03-23,CAMP035,7520,9284,385
2024-03-24,CAMP035,6451,9192,326
2024-03-25,CAMP035,6953,9191,356
2024-03-26,CAMP035,6719,9344,344
2024-03-27,CAMP035,6703,9141,342
2024-03-28,CAMP035,6299,9174,320
2024-03-29,CAMP035,6719,9427,344
2024-03-30,CAMP035,7522,9283,381
2024-03-31,CAMP035,6895,9165,353
2024-04-01,CAMP035,6178,9113,313
2023-11-04,CAMP036,2174,3822,89
2023-11-05,CAMP036,2442,3728,100
2023-11-06,CAMP036,2638,3714,108
2023-11-07,CAMP036,2591,3752,106
2023-11-08,CAMP036,2441,3752,98
2023-11-09,CAMP036,2712,3845,103
2023-11-10,CAMP036,2638,3822,108
2023-11-11,CAMP036,2296,3708,94
2023-11-12,CAMP036,2833,3786,116
2023-11-13,CAMP036,2638,3754,108
2023-11-14,CAMP036,2418,3771,99
2023-11-15,CAMP036,2560,3822,101
2023-11-16,CAMP036,3102,3876,127
2023-11-17,CAMP036,2711,3840,111
2023-11-18,CAMP036,2474,3841,98
2023-11-19,CAMP036,2174,3699,89
2023-11-20,CAMP036,2476,3771,101
2023-11-21,CAMP036,2442,3826,100
2023-11-22,CAMP036,2999,3816,122
2023-11-23,CAMP036,2858,3864,117
2023-11-24,CAMP036,2882,3847,118
2023-11-25,CAMP036,2418,3850,99
2023-11-26,CAMP036,2935,3848,118
2023-11-27,CAMP036,2394,3702,98
2023-11-28,CAMP036,2389,3854,96
2023-11-29,CAMP036,2931,3864,120
2023-11-30,CAMP036,2546,3717,103
2023-12-01,CAMP036,2425,3782,97
2023-12-02,CAMP036,2272,3757,93
2023-12-03,CAMP036,2638,3847,108
2023-12-04,CAMP036,2418,3847,99
2023-12-05,CAMP036,2927,3812,119
2023-12-06,CAMP036,3164,3860,126
2023-12-07,CAMP036,2310,3850,94
2023-12-08,CAMP036,2272,3768,93
2023-12-09,CAMP036,2540,3763,104
2023-12-10,CAMP036,2584,3874,105
2023-12-11,CAMP036,2743,3923,110
2023-12-12,CAMP036,2827,3892,115
2023-12-13,CAMP036,2247,3785,92
2023-12-14,CAMP036,2784,3876,114
2023-12-15,CAMP036,2662,3798,109
2023-12-16,CAMP036,2662,3750,109
2023-12-17,CAMP036,2736,3784,112
2023-12-18,CAMP036,2076,3954,85
2023-12-19,CAMP036,2400,3774,96
2023-12-20,CAMP036,2882,3759,118
2023-12-21,CAMP036,2985,3806,122
2023-12-22,CAMP036,2760,3770,113
2023-12-23,CAMP036,2670,3829,107
2023-12-24,CAMP036,2440,3695,99
2023-12-25,CAMP036,2508,3657,99
2023-12-26,CAMP036,2237,3825,90
2023-12-27,CAMP036,2760,3839,113
2023-12-28,CAMP036,2689,3854,110
2023-12-29,CAMP036,2491,3743,102
2023-12-30,CAMP036,2565,3773,105
2023-12-31,CAMP036,2565,3803,105
2024-01-01,CAMP036,2784,3778,114
2024-01-02,CAMP036,2303,3796,94
2024-01-03,CAMP036,2897,3804,118
2024-01-04,CAMP036,3181,3892,123
2024-01-05,CAMP036,3053,3773,125
2024-01-06,CAMP036,2424,3822,99
2024-01-07,CAMP036,2760,3725,113
2024-01-08,CAMP036,2711,3898,111
2024-01-09,CAMP036,3029,3810,124
2024-01-10,CAMP036,2300,3819,94
2024-01-11,CAMP036,2247,3670,92
2024-01-12,CAMP036,2373,3820,95
2024-01-13,CAMP036,2693,3811,109
2024-01-14,CAMP036,2247,3806,92
2024-01-15,CAMP036,2125,3867,87
2024-01-16,CAMP036,2489,3771,101
2024-01-17,CAMP036,2491,3780,102
2024-01-18,CAMP036,2638,3805,108
2024-01-19,CAMP036,2052,3891,84
2024-01-20,CAMP036,2828,3776,114
2024-01-21,CAMP036,2480,3861,101
2024-01-22,CAMP036,2345,3828,96
2024-01-23,CAMP036,2784,3794,114
2024-01-24,CAMP036,2579,3738,102
2024-01-25,CAMP036,2296,3802,94
2024-01-26,CAMP036,2171,3836,87
2024-01-27,CAMP036,2858,3784,117
2024-01-28,CAMP036,2949,3855,110
2024-01-29,CAMP036,3098,3764,125
2024-01-30,CAMP036,2715,3848,111
2024-01-31,CAMP036,2907,3792,119
2024-02-01,CAMP036,2491,3904,102
2024-02-02,CAMP036,2711,3858,111
2024-02-03,CAMP036,2633,3782,102
2024-02-04,CAMP036,2859,3795,116
2024-02-05,CAMP036,2394,3860,98
2024-02-06,CAMP036,2760,3733,113
2024-02-07,CAMP036,2275,3839,93
2024-02-08,CAMP036,2638,3733,108
2024-02-09,CAMP036,2865,3760,117
2024-02-10,CAMP036,2479,3767,100
2024-02-11,CAMP036,2809,3904,115
2024-02-12,CAMP036,2638,3897,108
2024-02-13,CAMP036,2540,3770,104
2024-02-14,CAMP036,2736,3842,112
2024-02-15,CAMP036,2721,3884,109
2024-02-16,CAMP036,2895,3831,115
2024-02-17,CAMP036,3257,3878,128
2024-02-18,CAMP036,2760,3857,113
2024-02-19,CAMP036,2345,3805,96
2024-02-20,CAMP036,3151,3791,129
2024-02-21,CAMP036,2884,3789,115
2024-02-22,CAMP036,2685,3792,109
2024-02-23,CAMP036,2693,3732,110
2024-02-24,CAMP036,3169,3789,128
2024-02-25,CAMP036,2907,3889,119
2024-02-26,CAMP036,2951,3890,118
2024-02-27,CAMP036,2565,3841,105
2024-02-28,CAMP036,2642,3781,105
2024-02-29,CAMP036,2602,3697,106
2024-03-01,CAMP036,2508,3882,102
2024-03-02,CAMP036,2272,3871,93
2024-03-03,CAMP036,2662,3761,109
2024-03-04,CAMP036,2833,3913,116
2024-03-05,CAMP036,2624,3819,106
2024-03-06,CAMP036,2784,3847,114
2024-03-07,CAMP036,2587,3708,102
2024-03-08,CAMP036,2394,3750,98
2024-03-09,CAMP036,2418,3804,99
2024-03-10,CAMP036,3053,3923,124
2024-03-11,CAMP036,2736,3867,112
2024-03-12,CAMP036,2861,3854,117
2024-03-13,CAMP036,2638,3862,108
2024-03-14,CAMP036,2429,3712,96
2024-03-15,CAMP036,2457,3787,98
2024-03-16,CAMP036,2826,3850,113
2024-03-17,CAMP036,2589,3764,106
2024-03-18,CAMP036,2799,3841,111
2024-03-19,CAMP036,3151,3903,129
2024-03-20,CAMP036,2720,3822,111
2024-03-21,CAMP036,2645,3845,107
2024-03-22,CAMP036,2755,3868,112
2024-03-23,CAMP036,2809,3737,115
2024-03-24,CAMP036,1999,3708,80
2024-03-25,CAMP036,2711,3854,111
2024-03-26,CAMP036,2769,3852,112
2024-03-27,CAMP036,2442,3870,100
2024-03-28,CAMP036,2497,3801,102
2024-03-29,CAMP036,2980,3808,122
2024-03-30,CAMP036,2634,3783,105
2024-03-31,CAMP036,2296,3858,94
2024-04-01,CAMP036,3283,3832,132
2024-04-02,CAMP036,2491,3857,102
2024-04-03,CAMP036,2467,3726,101
2023-08-10,CAMP037,5980,18892,263
2023-08-11,CAMP037,6595,18757,287
2023-08-12,CAMP037,6353,18491,274
2023-08-13,CAMP037,6218,18696,272
2023-08-14,CAMP037,5980,18872,263
2023-08-15,CAMP037,5970,18719,262
2023-08-16,CAMP037,6384,18983,280
2023-08-17,CAMP037,6617,18836,291
2023-08-18,CAMP037,6571,18669,289
2023-08-19,CAMP037,6092,18958,267
2023-08-20,CAMP037,6617,18959,291
2023-08-21,CAMP037,6708,19055,295
2023-08-22,CAMP037,6298,18779,277
2023-08-23,CAMP037,5957,18733,262
2023-08-24,CAMP037,6177,18937,270
2023-08-25,CAMP037,6821,18812,294
2023-08-26,CAMP037,5821,18841,256
2023-08-27,CAMP037,5889,18816,259
2023-08-28,CAMP037,6743,18651,294
2023-08-29,CAMP037,6389,19111,281
2023-08-30,CAMP037,5730,19145,252
2023-08-31,CAMP037,6358,18775,279
2023-09-01,CAMP037,5935,18591,261
2023-09-02,CAMP037,6207,18792,273
2023-09-03,CAMP037,6435,18743,283
2023-09-04,CAMP037,5821,18929,256
2023-09-05,CAMP037,5817,18866,254
2023-09-06,CAMP037,6116,18687,269
2023-09-07,CAMP037,5503,18843,242
2023-09-08,CAMP037,6958,18772,306
2023-09-09,CAMP037,6284,18871,275
2023-09-10,CAMP037,5707,18959,251
2023-09-11,CAMP037,6526,18696,287
2023-09-12,CAMP037,5932,18600,260
2023-09-13,CAMP037,6685,19072,294
2023-09-14,CAMP037,6116,18817,269
2023-09-15,CAMP037,5702,18968,250
2023-09-16,CAMP037,6349,18848,274
2023-09-17,CAMP037,5480,18654,241
2023-09-18,CAMP037,6341,18680,278
2023-09-19,CAMP037,6503,18757,286
2023-09-20,CAMP037,6464,18899,284
2023-09-21,CAMP037,6378,18991,280
2023-09-22,CAMP037,6561,18957,287
2023-09-23,CAMP037,5957,18854,262
2023-09-24,CAMP037,5808,18860,250
2023-09-25,CAMP037,6344,18914,279
2023-09-26,CAMP037,6577,18873,285
2023-09-27,CAMP037,6458,18834,284
2023-09-28,CAMP037,6234,18811,272
2023-09-29,CAMP037,6111,19049,265
2023-09-30,CAMP037,6460,18877,278
2023-10-01,CAMP037,5821,18946,256
2023-10-02,CAMP037,5935,18844,261
2023-10-03,CAMP037,5715,18943,249
2023-10-04,CAMP037,7117,18873,313
2023-10-05,CAMP037,5662,18887,249
2023-10-06,CAMP037,6367,18840,280
2023-10-07,CAMP037,6321,18835,278
2023-10-08,CAMP037,5892,18827,257
2023-10-09,CAMP037,5536,18639,243
2023-10-10,CAMP037,6205,18825,271
2023-10-11,CAMP037,6057,18412,264
2023-10-12,CAMP037,6389,18895,281
2023-10-13,CAMP037,6479,18765,283
2023-10-14,CAMP037,5853,18738,254
2023-10-15,CAMP037,6076,18655,262
2023-10-16,CAMP037,6081,18914,267
2023-10-17,CAMP037,6367,18728,280
2023-10-18,CAMP037,6571,18976,289
2023-10-19,CAMP037,6276,18726,276
2023-04-16,CAMP038,8407,18067,337
2023-04-17,CAMP038,7824,17954,311
2023-04-18,CAMP038,7484,18006,300
2023-04-19,CAMP038,7409,17816,297
2023-04-20,CAMP038,8008,18085,321
2023-04-21,CAMP038,8856,18095,355
2023-04-22,CAMP038,8107,17925,325
2023-04-23,CAMP038,8332,17900,334
2023-04-24,CAMP038,8814,17846,350
2023-04-25,CAMP038,8162,17948,325
2023-04-26,CAMP038,8139,17778,326
2023-04-27,CAMP038,8107,18025,325
2023-04-28,CAMP038,7633,18138,306
2023-04-29,CAMP038,8556,17920,343
2023-04-30,CAMP038,8138,18078,325
2023-05-01,CAMP038,7633,17741,306
2023-05-02,CAMP038,7958,17813,319
2023-05-03,CAMP038,7859,17787,314
2023-05-04,CAMP038,8532,17772,342
2023-05-05,CAMP038,8357,17927,335
2023-05-06,CAMP038,8234,17838,327
2023-05-07,CAMP038,7983,17991,320
2023-05-08,CAMP038,8008,17694,321
2023-05-09,CAMP038,7983,17876,320
2023-05-10,CAMP038,6810,17814,273
2023-05-11,CAMP038,8282,18118,332
2023-05-12,CAMP038,8058,18057,323
2023-05-13,CAMP038,8182,18126,328
2023-05-14,CAMP038,8238,18119,326
2023-05-15,CAMP038,7573,17831,300
2023-05-16,CAMP038,8323,17917,331
2023-05-17,CAMP038,7808,17915,313
2023-05-18,CAMP038,9147,18156,366
2023-05-19,CAMP038,7958,18161,319
2023-05-20,CAMP038,8656,18139,347
2023-05-21,CAMP038,8035,17825,321
2023-05-22,CAMP038,8338,18089,331
2023-05-23,CAMP038,8080,18167,323
2023-05-24,CAMP038,7708,17962,309
2023-05-25,CAMP038,8372,17964,333
2023-05-26,CAMP038,8506,18015,340
2023-05-27,CAMP038,7768,18137,308
2023-05-28,CAMP038,8307,17985,333
2023-05-29,CAMP038,8008,17996,321
2023-05-30,CAMP038,7371,17658,294
2023-05-31,CAMP038,8374,18097,333
2023-06-01,CAMP038,8781,18113,352
2023-06-02,CAMP038,8499,17986,340
2023-06-03,CAMP038,7738,18001,308
2023-06-04,CAMP038,7808,17853,313
2023-06-05,CAMP038,8043,17864,315
2023-06-06,CAMP038,8865,18188,353
2023-06-07,CAMP038,8232,17890,330
2023-06-08,CAMP038,7908,18061,317
2023-06-09,CAMP038,7833,17971,314
2023-06-10,CAMP038,8335,17865,324
2023-06-11,CAMP038,7933,17908,318
2023-06-12,CAMP038,8534,17933,340
2023-06-13,CAMP038,8207,18021,329
2023-06-14,CAMP038,8083,17957,324
2023-06-15,CAMP038,8082,17977,322
2023-06-16,CAMP038,7160,17933,287
2023-06-17,CAMP038,7708,17725,309
2023-06-18,CAMP038,8282,18035,332
2023-06-19,CAMP038,9067,17904,362
2023-06-20,CAMP038,8322,18229,331
2023-06-21,CAMP038,8157,17913,327
2023-06-22,CAMP038,8737,18258,346
2023-06-23,CAMP038,9380,18143,376
2023-06-24,CAMP038,8806,18068,353
2024-04-03,CAMP039,1756,3718,143
2024-04-04,CAMP039,1081,3611,88
2024-04-05,CAMP039,1443,3540,116
2024-04-06,CAMP039,1497,3695,121
2024-04-07,CAMP039,1489,3635,121
2024-04-08,CAMP039,1439,3759,115
2024-04-09,CAMP039,1633,3643,133
2024-04-10,CAMP039,1510,3716,123
2024-04-11,CAMP039,1423,3637,111
2024-04-12,CAMP039,1375,3666,112
2024-04-13,CAMP039,1619,3664,128
2024-04-14,CAMP039,1621,3616,132
2024-04-15,CAMP039,1591,3608,128
2024-04-16,CAMP039,1556,3638,126
2024-04-17,CAMP039,1523,3641,124
2024-04-18,CAMP039,1416,3537,115
2024-04-19,CAMP039,1656,3707,132
2024-04-20,CAMP039,1498,3539,122
2024-04-21,CAMP039,1363,3601,111
2024-04-22,CAMP039,1603,3572,128
2024-04-23,CAMP039,1461,3619,119
2024-04-24,CAMP039,1670,3750,136
2024-04-25,CAMP039,1437,3612,117
2024-04-26,CAMP039,1523,3676,124
2024-04-27,CAMP039,1363,3679,111
2024-04-28,CAMP039,1510,3576,123
2024-04-29,CAMP039,1658,3620,135
2024-04-30,CAMP039,1658,3646,135
2024-05-01,CAMP039,1486,3590,121
2024-05-02,CAMP039,1433,3617,116
2024-05-03,CAMP039,1341,3662,104
2024-05-04,CAMP039,1486,3729,121
2024-05-05,CAMP039,1511,3489,119
2024-05-06,CAMP039,1424,3541,116
2024-05-07,CAMP039,1528,3569,123
2024-05-08,CAMP039,1547,3745,126
2024-05-09,CAMP039,1575,3601,126
2024-05-10,CAMP039,1209,3658,98
2024-05-11,CAMP039,1412,3601,115
2024-05-12,CAMP039,1400,3611,114
2024-05-13,CAMP039,1350,3642,107
2024-05-14,CAMP039,1670,3711,136
2024-05-15,CAMP039,1412,3605,115
2024-05-16,CAMP039,1502,3565,117
2024-05-17,CAMP039,1507,3653,122
2024-05-18,CAMP039,1747,3721,142
2024-05-19,CAMP039,1577,3572,128
2024-05-20,CAMP039,1679,3650,136
2024-05-21,CAMP039,1510,3491,123
2024-05-22,CAMP039,1302,3621,105
2024-05-23,CAMP039,1707,3648,139
2024-05-24,CAMP039,1535,3670,125
2024-05-25,CAMP039,1368,3556,110
2024-05-26,CAMP039,1546,3731,124
2024-05-27,CAMP039,1524,3759,123
2024-05-28,CAMP039,1767,3537,141
2024-05-29,CAMP039,1481,3590,115
2024-05-30,CAMP039,1696,3572,133
2024-05-31,CAMP039,1404,3676,114
2024-06-01,CAMP039,1474,3633,120
2024-06-02,CAMP039,1479,3656,117
2024-06-03,CAMP039,1503,3606,122
2024-06-04,CAMP039,1539,3588,123
2024-06-05,CAMP039,1400,3566,114
2024-06-06,CAMP039,1518,3725,121
2024-06-07,CAMP039,1314,3565,107
2024-06-08,CAMP039,1603,3646,130
2024-06-09,CAMP039,1400,3650,114
2024-06-10,CAMP039,1474,3610,114
2024-06-11,CAMP039,1523,3715,124
2024-06-12,CAMP039,1486,3594,121
2024-06-13,CAMP039,1275,3592,100
2024-06-14,CAMP039,1633,3687,130
2024-06-15,CAMP039,1426,3603,112
2024-06-16,CAMP039,1535,3636,125
2024-06-17,CAMP039,1402,3657,113
2024-06-18,CAMP039,1707,3572,135
2024-06-19,CAMP039,1474,3619,120
2024-06-20,CAMP039,1563,3694,126
2024-06-21,CAMP039,1474,3516,120
2024-06-22,CAMP039,1658,3676,135
2024-06-23,CAMP039,1574,3657,124
2024-06-24,CAMP039,1535,3639,125
2024-06-25,CAMP039,1292,3575,105
2024-06-26,CAMP039,1496,3560,120
2024-06-27,CAMP039,1673,3595,136
2024-06-28,CAMP039,1506,3645,120
2024-06-29,CAMP039,1584,3603,129
2024-06-30,CAMP039,1676,3667,133
2024-07-01,CAMP039,1756,3712,143
2024-07-02,CAMP039,1645,3670,134
2024-07-03,CAMP039,1461,3768,119
2024-07-04,CAMP039,1382,3700,111
2024-07-05,CAMP039,1621,3677,132
2024-07-06,CAMP039,1461,3675,119
2024-07-07,CAMP039,1672,3453,134
2024-07-08,CAMP039,1722,3584,134
2024-07-09,CAMP039,1289,3716,105
2024-07-10,CAMP039,1560,3684,127
2024-07-11,CAMP039,1670,3745,136
2024-07-12,CAMP039,1486,3632,121
2024-07-13,CAMP039,1400,3612,114
2024-07-14,CAMP039,1265,3609,103
2024-07-15,CAMP039,1636,3557,131
2024-07-16,CAMP039,1510,3715,123
2024-07-17,CAMP039,1486,3608,121
2024-07-18,CAMP039,1388,3674,113
2024-07-19,CAMP039,1437,3662,117
2024-07-20,CAMP039,1413,3704,107
2024-07-21,CAMP039,1273,3532,99
2024-07-22,CAMP039,1279,3699,104
2024-07-23,CAMP039,1510,3585,123
2024-07-24,CAMP039,1584,3680,129
2024-07-25,CAMP039,1535,3576,125
2024-07-26,CAMP039,1461,3661,119
2024-07-27,CAMP039,1498,3546,122
2024-07-28,CAMP039,1584,3648,129
2024-07-29,CAMP039,1400,3658,114
2024-07-30,CAMP039,1670,3783,136
2024-07-31,CAMP039,1363,3667,111
2024-08-01,CAMP039,1377,3582,111
2024-08-02,CAMP039,1437,3724,117
2024-08-03,CAMP039,1609,3683,131
2024-08-04,CAMP039,1338,3573,109
2024-08-05,CAMP039,1798,3636,144
2024-08-06,CAMP039,1604,3739,127
2024-08-07,CAMP039,1375,3686,112
2024-08-08,CAMP039,1289,3628,105
2024-08-09,CAMP039,1531,3621,123
2024-08-10,CAMP039,1397,3726,111
2024-08-11,CAMP039,1461,3607,119
2024-08-12,CAMP039,1558,3549,126
2024-08-13,CAMP039,1351,3604,110
2024-08-14,CAMP039,1412,3549,115
2024-08-15,CAMP039,1630,3659,130
2024-08-16,CAMP039,1314,3605,107
2024-08-17,CAMP039,1514,3582,122
2024-08-18,CAMP039,1461,3603,119
2024-08-19,CAMP039,1793,3632,146
2024-08-20,CAMP039,1412,3560,115
2024-08-21,CAMP039,1339,3732,108
2024-08-22,CAMP039,1302,3543,106
2024-08-23,CAMP039,1603,3700,126
2024-08-24,CAMP039,1568,3631,121
2024-08-25,CAMP039,1658,3592,135
2024-08-26,CAMP039,1470,3617,117
2024-08-27,CAMP039,1572,3654,128
2024-08-28,CAMP039,1668,3661,134
2024-08-29,CAMP039,1591,3572,129
2024-08-30,CAMP039,1707,3637,139
2024-08-31,CAMP039,1629,3625,130
2024-09-01,CAMP039,1342,3513,109
2024-09-02,CAMP039,1528,3703,120
2024-09-03,CAMP039,1387,3673,112
2024-09-04,CAMP039,1535,3578,125
2024-09-05,CAMP039,1609,3686,131
2024-09-06,CAMP039,1400,3610,114
2024-09-07,CAMP039,1498,3746,122
2024-09-08,CAMP039,1523,3616,124
2024-09-09,CAMP039,1410,3572,109
2024-09-10,CAMP039,1510,3672,123
2024-09-11,CAMP039,1474,3693,120
2024-09-12,CAMP039,1388,3648,113
2024-09-13,CAMP039,1421,3577,114
2024-09-14,CAMP039,1486,3616,121
2024-09-15,CAMP039,1624,3627,129
2024-09-16,CAMP039,1634,3663,128
2024-09-17,CAMP039,1461,3571,119
2024-03-02,CAMP040,892,3265,119
2024-03-03,CAMP040,1164,3142,151
2024-03-04,CAMP040,1014,3205,133
2024-03-05,CAMP040,900,3198,120
2024-03-06,CAMP040,1012,3174,135
2024-03-07,CAMP040,1034,3132,137
2024-03-08,CAMP040,1095,3132,146
2024-03-09,CAMP040,884,3095,115
2024-03-10,CAMP040,922,3246,123
2024-03-11,CAMP040,1050,3233,140
2024-03-12,CAMP040,912,3143,120
2024-03-13,CAMP040,1020,3182,136
2024-03-14,CAMP040,1017,3199,134
2024-03-15,CAMP040,1005,3087,134
2024-03-16,CAMP040,1005,3189,134
2024-03-17,CAMP040,963,3162,128
2024-03-18,CAMP040,847,3151,113
2024-03-19,CAMP040,982,3171,128
2024-03-20,CAMP040,990,3024,132
2024-03-21,CAMP040,1039,3099,138
2024-03-22,CAMP040,1042,3255,139
2024-03-23,CAMP040,1032,3176,136
2024-03-24,CAMP040,1036,3105,138
2024-03-25,CAMP040,1005,3252,134
2024-03-26,CAMP040,1017,3184,135
2024-03-27,CAMP040,1057,3246,140
2024-03-28,CAMP040,1027,3156,137
2024-03-29,CAMP040,960,3204,128
2024-03-30,CAMP040,1027,3174,137
2024-03-31,CAMP040,975,3182,130
2024-04-01,CAMP040,780,3110,104
2024-04-02,CAMP040,1140,3160,152
2024-04-03,CAMP040,1050,3168,134
2024-04-04,CAMP040,1042,3187,139
2024-04-05,CAMP040,1060,3231,141
2024-04-06,CAMP040,967,3087,129
2024-04-07,CAMP040,1049,3196,139
2024-04-08,CAMP040,1235,3249,162
2024-04-09,CAMP040,990,3131,132
2024-04-10,CAMP040,1022,3150,130
2024-04-11,CAMP040,1020,3120,136
2024-04-12,CAMP040,1150,3191,153
2024-04-13,CAMP040,900,3046,120
2024-04-14,CAMP040,930,3104,124
2023-01-14,CAMP041,3009,16536,676
2023-01-15,CAMP041,2830,16533,638
2023-01-16,CAMP041,2847,16366,642
2023-01-17,CAMP041,2852,16553,641
2023-01-18,CAMP041,2803,16386,630
2023-01-19,CAMP041,3168,16410,714
2023-01-20,CAMP041,2855,16291,643
2023-01-21,CAMP041,2746,16518,618
2023-01-22,CAMP041,2586,16391,582
2023-01-23,CAMP041,2679,16438,604
2023-01-24,CAMP041,2792,16329,627
2023-01-25,CAMP041,2852,16182,637
2023-01-26,CAMP041,3012,16478,678
2023-01-27,CAMP041,2825,16391,637
2023-01-28,CAMP041,2969,16443,666
2023-01-29,CAMP041,2767,16304,622
2023-01-30,CAMP041,2870,16139,647
2023-01-31,CAMP041,2834,16127,639
2023-02-01,CAMP041,2883,16169,650
2023-02-02,CAMP041,2959,16378,664
2023-02-03,CAMP041,2856,16500,644
2023-02-04,CAMP041,2962,16366,664
2023-02-05,CAMP041,2759,16332,622
2023-02-06,CAMP041,2940,16555,662
2023-02-07,CAMP041,2679,16443,604
2023-02-08,CAMP041,2959,16222,666
2023-02-09,CAMP041,2663,16292,597
2023-02-10,CAMP041,2665,16432,599
2023-02-11,CAMP041,2989,16505,674
2023-02-12,CAMP041,2883,16359,650
2023-02-13,CAMP041,2854,16132,643
2023-02-14,CAMP041,2833,16491,633
2023-02-15,CAMP041,2790,16417,629
2023-02-16,CAMP041,2856,16518,644
2023-02-17,CAMP041,2874,16303,648
2023-02-18,CAMP041,2754,16213,621
2023-02-19,CAMP041,2812,16362,632
2023-02-20,CAMP041,2723,16436,614
2023-02-21,CAMP041,2937,16348,658
2023-02-22,CAMP041,2851,16626,639
2023-02-23,CAMP041,2965,16298,666
2023-02-24,CAMP041,2940,16407,661
2023-02-25,CAMP041,2955,16397,659
2023-02-26,CAMP041,2870,16382,647
2023-02-27,CAMP041,3171,16392,715
2023-02-28,CAMP041,2872,16490,641
2023-03-01,CAMP041,2932,16470,661
2023-03-02,CAMP041,2807,16331,632
2023-03-03,CAMP041,2812,16425,634
2023-03-04,CAMP041,2705,16469,610
2023-03-05,CAMP041,2803,16299,632
2023-03-06,CAMP041,2976,16444,671
2023-03-07,CAMP041,2736,16412,616
2023-03-08,CAMP041,2588,16251,582
2023-03-09,CAMP041,2846,16568,640
2023-03-10,CAMP041,2839,16545,640
2023-03-11,CAMP041,2857,16437,644
2023-03-12,CAMP041,3037,16705,683
2023-03-13,CAMP041,2719,16376,613
2023-03-14,CAMP041,2692,16477,607
2023-03-15,CAMP041,2801,16333,629
2023-03-16,CAMP041,2954,16530,666
2023-03-17,CAMP041,2828,16283,636
2023-03-18,CAMP041,2829,16408,634
2023-03-19,CAMP041,2816,16700,635
2023-03-20,CAMP041,2728,16282,615
2023-03-21,CAMP041,2905,16487,655
2023-03-22,CAMP041,2998,16346,675
2023-03-23,CAMP041,2972,16540,670
2023-03-24,CAMP041,2781,16339,624
2023-03-25,CAMP041,2679,16391,602
2023-03-26,CAMP041,2883,16469,650
2023-03-27,CAMP041,2725,16259,612
2023-03-28,CAMP041,2781,16470,627
2023-03-29,CAMP041,2705,16254,610
2023-03-30,CAMP041,2850,16491,642
2023-03-31,CAMP041,2719,16208,609
2023-04-01,CAMP041,2805,16336,630
2023-04-02,CAMP041,2801,16253,627
2023-04-03,CAMP041,2679,16248,604
2023-04-04,CAMP041,2842,16308,631
2023-04-05,CAMP041,2901,16373,654
2023-04-06,CAMP041,2926,16214,659
2023-04-07,CAMP041,2859,16368,640
2023-04-08,CAMP041,2788,16341,627
2023-04-09,CAMP041,2895,16135,649
2023-04-10,CAMP041,3051,16596,688
2023-04-11,CAMP041,2878,16375,649
2023-04-12,CAMP041,2976,16324,671
2023-04-13,CAMP041,2980,16469,672
2023-04-14,CAMP041,2707,16390,610
2023-04-15,CAMP041,2754,16353,621
2023-04-16,CAMP041,2803,16559,632
2023-04-17,CAMP041,2682,16567,604
2023-04-18,CAMP041,2945,16312,664
2023-04-19,CAMP041,2737,16601,617
2023-04-20,CAMP041,2790,16297,628
2023-04-21,CAMP041,2674,16302,603
2023-04-22,CAMP041,3074,16468,693
2023-04-23,CAMP041,2874,16363,646
2023-04-24,CAMP041,3036,16359,680
2023-04-25,CAMP041,2819,16529,632
2023-04-26,CAMP041,2841,16372,638
2023-04-27,CAMP041,2632,16080,592
2023-04-28,CAMP041,2945,16547,664
2023-04-29,CAMP041,2705,16319,610
2023-04-30,CAMP041,2776,16187,626
2023-05-01,CAMP041,3060,16522,690
2023-05-02,CAMP041,2737,16200,617
2023-05-03,CAMP041,2874,16384,648
2023-05-04,CAMP041,2923,16519,659
2023-05-05,CAMP041,2920,16583,655
2023-05-06,CAMP041,2887,16664,651
2023-05-07,CAMP041,2803,16506,632
2023-05-08,CAMP041,2905,16302,655
2023-05-09,CAMP041,2812,16256,634
2023-05-10,CAMP041,3078,16595,694
2023-05-11,CAMP041,2934,16612,655
2023-05-12,CAMP041,2784,16592,625
2023-05-13,CAMP041,2923,16445,654
2023-05-14,CAMP041,2874,16428,648
2023-05-15,CAMP041,2920,16421,656
2023-05-16,CAMP041,2895,16536,652
2023-05-17,CAMP041,2830,16439,638
2023-05-18,CAMP041,2874,16207,648
2023-05-19,CAMP041,2797,16478,630
2023-05-20,CAMP041,2772,16479,625
2023-05-21,CAMP041,2554,16184,573
2023-05-22,CAMP041,2836,16470,631
2023-05-23,CAMP041,2969,16542,665
2023-05-24,CAMP041,2927,16541,660
2023-05-25,CAMP041,3014,16484,679
2023-05-26,CAMP041,2936,16304,662
2023-05-27,CAMP041,2847,16308,642
2023-05-28,CAMP041,2816,16160,635
2023-05-29,CAMP041,2841,16618,637
2023-05-30,CAMP041,2782,16542,625
2023-05-31,CAMP041,2603,16287,587
2023-06-01,CAMP041,2655,16458,597
2023-06-02,CAMP041,2956,16380,666
2023-06-03,CAMP041,3110,16554,695
2023-06-04,CAMP041,2799,16225,631
2023-06-05,CAMP041,2759,16357,622
2023-06-06,CAMP041,3038,16393,685
2023-06-07,CAMP041,3016,16434,680
2023-06-08,CAMP041,2799,16280,631
2023-06-09,CAMP041,2856,16198,644
2023-06-10,CAMP041,2750,16412,620
2023-06-11,CAMP041,2834,16047,639
2023-06-12,CAMP041,2812,16293,634
2023-06-13,CAMP041,2577,16390,581
2023-06-14,CAMP041,2861,16403,645
2023-06-15,CAMP041,2745,16145,619
2023-06-16,CAMP041,2883,16625,650
2023-06-17,CAMP041,2852,16656,643
2023-06-18,CAMP041,2851,16372,642
2023-06-19,CAMP041,2839,16256,640
2023-06-20,CAMP041,2674,16415,603
2023-06-21,CAMP041,2880,16533,646
2023-06-22,CAMP041,3047,16609,687
2023-06-23,CAMP041,2662,16297,600
2023-06-24,CAMP041,2759,16125,622
2023-06-25,CAMP041,2950,16260,662
2023-06-26,CAMP041,2894,16258,649
2023-06-27,CAMP041,2868,16433,646
2023-06-28,CAMP041,2666,16435,601
2023-06-29,CAMP041,2807,16475,633
2024-01-15,CAMP042,2209,7205,127
2024-01-16,CAMP042,2629,7231,152
2024-01-17,CAMP042,2630,7136,155
2024-01-18,CAMP042,2315,7058,130
2024-01-19,CAMP042,2646,7083,156
2024-01-20,CAMP042,2426,7058,143
2024-01-21,CAMP042,2294,7210,135
2024-01-22,CAMP042,2460,7198,145
2024-01-23,CAMP042,2578,7111,152
2024-01-24,CAMP042,1866,7028,110
2024-01-25,CAMP042,2137,7150,126
2024-01-26,CAMP042,2662,7345,155
2024-01-27,CAMP042,2460,7225,145
2024-01-28,CAMP042,2839,7208,164
2024-01-29,CAMP042,2157,7155,125
2024-01-30,CAMP042,2086,7190,123
2024-01-31,CAMP042,2409,7188,142
2024-02-01,CAMP042,2544,7230,150
2024-02-02,CAMP042,2479,7260,146
2024-02-03,CAMP042,2701,7103,154
2024-02-04,CAMP042,2495,7259,146
2024-02-05,CAMP042,2595,7133,153
2024-02-06,CAMP042,2837,7097,162
2024-02-07,CAMP042,2103,7253,124
2024-02-08,CAMP042,2324,6946,137
2024-02-09,CAMP042,2551,7223,144
2024-02-10,CAMP042,2580,7169,150
2024-02-11,CAMP042,2572,7109,148
2024-02-12,CAMP042,2731,7079,159
2024-02-13,CAMP042,2794,7211,163
2024-02-14,CAMP042,2394,7242,139
2024-02-15,CAMP042,2534,7160,147
2024-02-16,CAMP042,2673,7086,151
2024-02-17,CAMP042,2578,7200,152
2024-02-18,CAMP042,2528,7217,149
2024-02-19,CAMP042,2782,7109,164
2024-02-20,CAMP042,2307,7104,136
2024-02-21,CAMP042,2012,7184,118
2024-02-22,CAMP042,2154,7216,127
2024-02-23,CAMP042,2651,7235,156
2024-02-24,CAMP042,2008,7111,115
2024-02-25,CAMP042,2578,7215,152
2024-02-26,CAMP042,2290,7048,135
2024-02-27,CAMP042,2162,7243,125
2024-02-28,CAMP042,2154,7103,127
2024-02-29,CAMP042,2477,7183,146
2024-03-01,CAMP042,2256,7087,133
2024-03-02,CAMP042,2595,7147,153
2024-03-03,CAMP042,2356,7041,136
2024-03-04,CAMP042,2714,7132,160
2024-03-05,CAMP042,2626,7122,152
2024-03-06,CAMP042,2549,7127,149
2024-03-07,CAMP042,2256,7137,133
2024-03-08,CAMP042,2680,7157,158
2024-03-09,CAMP042,2878,7139,167
2024-03-10,CAMP042,2443,7169,144
2024-03-11,CAMP042,2520,7194,142
2024-03-12,CAMP042,2409,7205,142
2024-03-13,CAMP042,2996,7199,173
2024-03-14,CAMP042,2069,7085,122
2024-03-15,CAMP042,2765,7175,163
2024-03-16,CAMP042,2681,7124,155
2024-03-17,CAMP042,2629,7044,155
2024-03-18,CAMP042,2510,7147,147
2024-03-19,CAMP042,2697,7225,159
2024-03-20,CAMP042,2392,7250,141
2024-03-21,CAMP042,2069,7125,122
2024-03-22,CAMP042,2629,7038,155
2024-03-23,CAMP042,2222,7261,131
2024-03-24,CAMP042,2188,7263,129
2024-03-25,CAMP042,2477,7111,146
2024-03-26,CAMP042,2528,7159,149
2024-03-27,CAMP042,2732,7221,157
2024-03-28,CAMP042,2481,7077,140
2024-03-29,CAMP042,2179,7290,127
2024-03-30,CAMP042,2409,7036,142
2024-03-31,CAMP042,2188,7129,129
2024-04-01,CAMP042,2543,7146,149
2024-04-02,CAMP042,2306,7304,135
2024-04-03,CAMP042,2697,7240,159
2024-04-04,CAMP042,2748,7186,162
2024-04-05,CAMP042,2753,7238,160
2024-04-06,CAMP042,2612,7136,153
2024-04-07,CAMP042,2392,7072,141
2024-04-08,CAMP042,2485,7155,146
2024-04-09,CAMP042,2494,7175,147
2024-04-10,CAMP042,2307,7112,136
2024-04-11,CAMP042,2482,7021,146
2024-04-12,CAMP042,2341,7073,138
2024-04-13,CAMP042,2375,7240,140
2024-04-14,CAMP042,2371,7221,137
2024-04-15,CAMP042,2954,7149,171
2024-04-16,CAMP042,2833,7007,167
2024-04-17,CAMP042,2307,7282,136
2024-04-18,CAMP042,2324,7209,134
2024-04-19,CAMP042,2890,7300,169
2024-04-20,CAMP042,2161,7119,126
2024-04-21,CAMP042,2663,7217,157
2024-04-22,CAMP042,2482,7190,146
2024-04-23,CAMP042,2643,7113,154
2024-04-24,CAMP042,2449,7266,143
2024-04-25,CAMP042,2561,7262,151
2024-04-26,CAMP042,2375,7154,140
2024-04-27,CAMP042,1951,6987,114
2024-04-28,CAMP042,2131,7126,125
2024-04-29,CAMP042,2729,7149,157
2024-04-30,CAMP042,2528,7061,149
2024-05-01,CAMP042,2460,6998,145
2024-05-02,CAMP042,2387,7173,137
2024-05-03,CAMP042,2477,7133,146
2024-05-04,CAMP042,2246,7279,132
2024-05-05,CAMP042,2617,7305,150
2024-05-06,CAMP042,2561,7191,151
2024-05-07,CAMP042,2580,7177,151
2024-05-08,CAMP042,2608,7133,148
2024-05-09,CAMP042,2290,7225,135
2024-05-10,CAMP042,2443,7136,144
2024-05-11,CAMP042,2870,7351,166
2024-05-12,CAMP042,2595,7110,153
2024-05-13,CAMP042,2053,7109,121
2024-05-14,CAMP042,2516,7104,148
2024-05-15,CAMP042,2404,7249,138
2024-05-16,CAMP042,2952,7309,174
2024-05-17,CAMP042,2426,7153,140
2024-05-18,CAMP042,2754,7143,160
2024-05-19,CAMP042,2325,7196,137
2024-05-20,CAMP042,2378,7172,137
2024-05-21,CAMP042,2391,7207,140
2024-05-22,CAMP042,2612,7262,154
2024-05-23,CAMP042,2442,7139,135
2024-05-24,CAMP042,2680,7190,158
2024-05-25,CAMP042,2629,7314,155
2024-05-26,CAMP042,2120,7183,125
2024-05-27,CAMP042,2222,7126,131
2024-05-28,CAMP042,2639,7196,155
2024-05-29,CAMP042,2816,7122,166
2024-05-30,CAMP042,2455,7136,138
2024-05-31,CAMP042,2222,7038,131
2024-06-01,CAMP042,2222,6969,131
2024-06-02,CAMP042,2360,7142,139
2024-06-03,CAMP042,2494,7232,147
2024-06-04,CAMP042,2426,7040,143
2024-06-05,CAMP042,2490,7256,144
2024-06-06,CAMP042,2544,7193,149
2024-06-07,CAMP042,2721,7278,157
2024-06-08,CAMP042,2239,7175,132
2024-06-09,CAMP042,2457,7242,143
2024-06-10,CAMP042,2326,7133,137
2024-06-11,CAMP042,2256,7193,133
2024-06-12,CAMP042,2409,7285,142
2024-06-13,CAMP042,2511,7089,148
2024-06-14,CAMP042,2511,7113,148
2024-06-15,CAMP042,2276,6917,132
2024-06-16,CAMP042,2229,7030,130
2024-06-17,CAMP042,2400,7074,140
2024-06-18,CAMP042,2600,7169,145
2024-06-19,CAMP042,2626,7326,151
2024-06-20,CAMP042,2341,7228,138
2024-06-21,CAMP042,2490,7195,145
2024-06-22,CAMP042,2488,7274,146
2024-06-23,CAMP042,2505,6942,147
2024-06-24,CAMP042,2341,7180,138
2024-06-25,CAMP042,2625,7103,152
2024-06-26,CAMP042,2307,7145,136
2024-06-27,CAMP042,2816,7086,166
2024-06-28,CAMP042,2457,7242,143
2024-06-29,CAMP042,2368,7152,139
2024-06-30,CAMP042,2167,7058,125
2023-02-14,CAMP043,15365,19133,861
2023-02-15,CAMP043,16587,19051,929
2023-02-16,CAMP043,17079,19156,957
2023-02-17,CAMP043,16240,19176,910
2023-02-18,CAMP043,15776,19020,884
2023-02-19,CAMP043,16326,19071,912
2023-02-20,CAMP043,15530,18970,869
2023-02-21,CAMP043,16190,18924,907
2023-02-22,CAMP043,16768,19211,938
2023-02-23,CAMP043,15329,19032,859
2023-02-24,CAMP043,14651,19006,821
2023-02-25,CAMP043,16673,19294,933
2023-02-26,CAMP043,15793,19243,885
2023-02-27,CAMP043,16311,19098,914
2023-02-28,CAMP043,16846,18943,944
2023-03-01,CAMP043,15829,18941,887
2023-03-02,CAMP043,16275,19096,912
2023-03-03,CAMP043,15276,19054,856
2023-03-04,CAMP043,16570,19003,928
2023-03-05,CAMP043,16491,19002,922
2023-03-06,CAMP043,16795,19210,940
2023-03-07,CAMP043,15415,18974,861
2023-03-08,CAMP043,15656,18974,876
2023-03-09,CAMP043,16099,18983,898
2023-03-10,CAMP043,16622,19118,927
2023-03-11,CAMP043,16329,19179,915
2023-03-12,CAMP043,16025,19023,898
2023-03-13,CAMP043,15347,19031,860
2023-03-14,CAMP043,16793,19026,941
2023-03-15,CAMP043,16060,18967,898
2023-03-16,CAMP043,15960,19257,893
2023-03-17,CAMP043,16034,19279,898
2023-03-18,CAMP043,16579,19194,929
2023-03-19,CAMP043,15811,19079,886
2023-03-20,CAMP043,17132,18998,960
2023-03-21,CAMP043,16391,18954,918
2023-03-22,CAMP043,16579,19174,929
2023-03-23,CAMP043,15643,19006,876
2023-03-24,CAMP043,16173,19309,905
2023-03-25,CAMP043,16364,18955,917
2023-03-26,CAMP043,16632,19294,928
2023-03-27,CAMP043,15830,19175,885
2023-03-28,CAMP043,15541,19283,869
2023-03-29,CAMP043,16257,18877,911
2023-03-30,CAMP043,16028,19210,896
2023-03-31,CAMP043,15995,19320,896
2023-04-01,CAMP043,16122,19122,903
2023-04-02,CAMP043,16900,19081,947
2023-04-03,CAMP043,16400,18848,919
2023-04-04,CAMP043,15526,19058,870
2023-04-05,CAMP043,16043,18865,899
2023-04-06,CAMP043,16144,18868,901
2023-04-07,CAMP043,15865,18970,889
2023-04-08,CAMP043,15365,18937,859
2023-04-09,CAMP043,15595,19082,873
2023-04-10,CAMP043,17044,19113,947
2023-04-11,CAMP043,16596,19128,930
2023-04-12,CAMP043,15725,19078,877
2023-04-13,CAMP043,16918,19180,948
2023-04-14,CAMP043,17025,19247,954
2023-04-15,CAMP043,16130,19146,903
2023-04-16,CAMP043,15590,19249,870
2023-04-17,CAMP043,17025,18945,954
2023-04-18,CAMP043,16256,19000,908
2023-04-19,CAMP043,15928,18980,891
2023-04-20,CAMP043,16347,19077,916
2023-04-21,CAMP043,15606,18981,874
2023-04-22,CAMP043,15834,19296,887
2023-04-23,CAMP043,16828,19232,943
2023-04-24,CAMP043,15888,18997,890
2023-04-25,CAMP043,17009,19191,952
2023-04-26,CAMP043,15633,19143,876
2023-04-27,CAMP043,16043,19087,899
2023-04-28,CAMP043,16057,19106,898
2023-04-29,CAMP043,15900,19101,891
2023-04-30,CAMP043,16338,19121,914
2023-05-01,CAMP043,16650,19004,933
2023-05-02,CAMP043,16418,19087,919
2023-05-03,CAMP043,16364,18965,917
2023-05-04,CAMP043,15936,18989,893
2023-05-05,CAMP043,16347,19170,916
2023-05-06,CAMP043,16488,18978,923
2023-05-07,CAMP043,16347,19112,916
2023-05-08,CAMP043,15945,18875,890
2023-05-09,CAMP043,15898,19112,888
2023-05-10,CAMP043,16772,18871,939
2023-05-11,CAMP043,16400,19123,919
2023-05-12,CAMP043,16228,19188,907
2023-05-13,CAMP043,15972,19028,895
2023-05-14,CAMP043,15931,18895,888
2023-05-15,CAMP043,15954,19172,894
2023-05-16,CAMP043,14758,19179,827
2023-05-17,CAMP043,16592,19160,927
2023-05-18,CAMP043,15918,19156,892
2023-05-19,CAMP043,16097,19044,902
2023-05-20,CAMP043,16793,19154,941
2023-05-21,CAMP043,16400,19297,919
2023-05-22,CAMP043,15115,18892,847
2023-05-23,CAMP043,14965,19016,838
2023-05-24,CAMP043,15309,18745,857
2023-05-25,CAMP043,16931,19062,944
2023-05-26,CAMP043,16537,19139,924
2023-05-27,CAMP043,16489,19283,924
2023-05-28,CAMP043,15369,19040,859
2023-05-29,CAMP043,16204,19155,907
2023-05-30,CAMP043,16672,19117,934
2023-05-31,CAMP043,16489,19061,924
2023-06-01,CAMP043,15586,18752,868
2023-06-02,CAMP043,16597,19183,925
2023-06-03,CAMP043,15861,19145,888
2023-06-04,CAMP043,16257,18908,911
2023-06-05,CAMP043,16543,19046,927
2023-06-06,CAMP043,16186,19303,907
2023-06-07,CAMP043,15499,19216,866
2023-06-08,CAMP043,16293,19353,913
2023-06-09,CAMP043,16191,19222,904
2024-01-27,CAMP044,1177,5536,190
2024-01-28,CAMP044,1068,5673,173
2024-01-29,CAMP044,1116,5421,182
2024-01-30,CAMP044,1233,5636,201
2024-01-31,CAMP044,981,5603,159
2024-02-01,CAMP044,1139,5663,185
2024-02-02,CAMP044,962,5588,155
2024-02-03,CAMP044,1175,5618,186
2024-02-04,CAMP044,1149,5585,187
2024-02-05,CAMP044,1045,5605,167
2024-02-06,CAMP044,1145,5471,185
2024-02-07,CAMP044,1101,5647,171
2024-02-08,CAMP044,1219,5603,197
2024-02-09,CAMP044,1191,5450,186
2024-02-10,CAMP044,1159,5629,189
2024-02-11,CAMP044,1030,5568,168
2024-02-12,CAMP044,1090,5608,176
2024-02-13,CAMP044,1165,5557,190
2024-02-14,CAMP044,1129,5598,180
2024-02-15,CAMP044,991,5603,159
2024-02-16,CAMP044,1121,5537,180
2024-02-17,CAMP044,1055,5635,172
2024-02-18,CAMP044,1191,5477,194
2024-02-19,CAMP044,1109,5606,178
2024-02-20,CAMP044,1129,5517,184
2024-02-21,CAMP044,1069,5508,174
2024-02-22,CAMP044,975,5463,155
2024-02-23,CAMP044,1129,5504,184
2024-02-24,CAMP044,1178,5502,191
2024-02-25,CAMP044,1122,5633,179
2024-02-26,CAMP044,955,5553,154
2024-02-27,CAMP044,1276,5629,208
2024-02-28,CAMP044,1231,5707,200
2024-02-29,CAMP044,1088,5592,177
2024-03-01,CAMP044,1167,5511,189
2024-03-02,CAMP044,1123,5545,176
2024-03-03,CAMP044,1084,5516,173
2024-03-04,CAMP044,1139,5528,185
2024-03-05,CAMP044,1049,5677,171
2024-03-06,CAMP044,1299,5492,209
2024-03-07,CAMP044,1250,5636,203
2024-03-08,CAMP044,1271,5546,203
2024-03-09,CAMP044,1069,5506,173
2024-03-10,CAMP044,1032,5548,165
2024-03-11,CAMP044,1030,5520,168
2024-03-12,CAMP044,1276,5591,208
2024-03-13,CAMP044,1015,5631,165
2024-03-13,CAMP045,16850,16102,779
2024-03-14,CAMP045,17282,16335,799
2024-03-15,CAMP045,16266,16022,752
2024-03-16,CAMP045,16785,16302,772
2024-03-17,CAMP045,16801,16230,775
2024-03-18,CAMP045,16828,16283,778
2024-03-19,CAMP045,16936,16208,783
2024-03-20,CAMP045,17338,16207,798
2024-03-21,CAMP045,17628,16106,815
2024-03-22,CAMP045,16633,16395,769
2024-03-23,CAMP045,17823,16148,824
2024-03-24,CAMP045,17001,16064,786
2024-03-25,CAMP045,17508,16318,808
2024-03-26,CAMP045,16972,16206,782
2024-03-27,CAMP045,16958,16302,783
2024-03-28,CAMP045,17001,15965,786
2024-03-29,CAMP045,16676,16386,767
2024-03-30,CAMP045,17448,16381,803
2024-03-31,CAMP045,17573,16391,810
2024-04-01,CAMP045,17720,15892,812
2024-04-02,CAMP045,17563,16317,812
2024-04-03,CAMP045,16331,16049,755
2024-04-04,CAMP045,17845,16253,825
2024-04-05,CAMP045,16568,16038,766
2024-04-06,CAMP045,18169,16114,838
2024-04-07,CAMP045,17362,16216,802
2024-04-08,CAMP045,17715,16339,819
2024-04-09,CAMP045,17878,16312,823
2024-04-10,CAMP045,17736,16077,820
2024-04-11,CAMP045,17261,16126,798
2024-04-12,CAMP045,17866,16115,826
2024-04-13,CAMP045,18602,16536,860
2024-04-14,CAMP045,18321,16200,847
2024-04-15,CAMP045,16893,16321,781
2024-04-16,CAMP045,17953,16120,830
2024-04-17,CAMP045,17675,16076,816
2024-04-18,CAMP045,17680,16077,816
2024-04-19,CAMP045,18169,16294,840
2024-04-20,CAMP045,16671,16240,765
2024-04-21,CAMP045,17758,15930,821
2024-04-22,CAMP045,16961,16238,782
2024-04-23,CAMP045,17392,16175,804
2024-04-24,CAMP045,18058,16331,834
2024-04-25,CAMP045,17239,16241,797
2024-04-26,CAMP045,17261,16134,798
2023-03-11,CAMP046,3282,19342,245
2023-03-12,CAMP046,3000,19317,224
2023-03-13,CAMP046,3282,19443,245
2023-03-14,CAMP046,2880,19455,215
2023-03-15,CAMP046,3176,19328,237
2023-03-16,CAMP046,3094,19576,231
2023-03-17,CAMP046,3308,19512,247
2023-03-18,CAMP046,2719,19456,203
2023-03-19,CAMP046,3210,19464,236
2023-03-20,CAMP046,3014,19259,219
2023-03-21,CAMP046,3242,19415,242
2023-03-22,CAMP046,3295,19589,246
2023-03-23,CAMP046,3121,19666,233
2023-03-24,CAMP046,2757,19470,203
2023-03-25,CAMP046,3149,19496,233
2023-03-26,CAMP046,3353,19546,250
2023-03-27,CAMP046,3509,19498,262
2023-03-28,CAMP046,3023,19161,224
2023-03-29,CAMP046,3056,19442,225
2023-03-30,CAMP046,2933,19416,219
2023-03-31,CAMP046,3486,19736,259
2023-04-01,CAMP046,2786,19327,208
2023-04-02,CAMP046,3201,19333,239
2023-04-03,CAMP046,3153,19520,234
2023-04-04,CAMP046,3241,19400,242
2023-04-05,CAMP046,2813,19306,210
2023-04-06,CAMP046,3050,19568,227
2023-04-07,CAMP046,3402,19322,254
2023-04-08,CAMP046,2960,19549,221
2023-04-09,CAMP046,3017,19342,219
2023-04-10,CAMP046,2880,19309,214
2023-04-11,CAMP046,3004,19607,219
2023-04-12,CAMP046,3478,19631,255
2023-04-13,CAMP046,3268,19403,244
2023-04-14,CAMP046,3255,19473,243
2023-04-15,CAMP046,3457,19471,257
2023-04-16,CAMP046,3098,19184,228
2023-04-17,CAMP046,2910,19563,213
2023-04-18,CAMP046,3139,19495,232
2023-04-19,CAMP046,3456,19594,257
2023-04-20,CAMP046,3402,19252,254
2023-04-21,CAMP046,3418,19802,252
2023-04-22,CAMP046,3174,19394,237
2023-04-23,CAMP046,3442,19517,254
2023-04-24,CAMP046,3121,19605,229
2023-04-25,CAMP046,2893,19605,216
2023-04-26,CAMP046,3148,19493,229
2023-04-27,CAMP046,3308,19428,247
2023-04-28,CAMP046,3298,19319,243
2023-04-29,CAMP046,3025,19285,223
2023-04-30,CAMP046,3330,19514,243
2023-05-01,CAMP046,3008,19483,221
2023-05-02,CAMP046,2798,19263,204
2023-05-03,CAMP046,2901,19456,214
2023-05-04,CAMP046,3148,19485,235
2023-05-05,CAMP046,3094,19584,231
2023-05-06,CAMP046,3484,19741,258
2023-05-07,CAMP046,2959,19343,218
2023-05-08,CAMP046,3194,19503,238
2023-05-09,CAMP046,3094,19571,231
2023-05-10,CAMP046,3308,19435,247
2023-05-11,CAMP046,3232,19510,241
2023-05-12,CAMP046,3068,19586,220
2023-05-13,CAMP046,2732,19594,204
2023-05-14,CAMP046,3188,19565,238
2023-05-15,CAMP046,3240,19352,240
2023-08-18,CAMP047,4014,10018,174
2023-08-19,CAMP047,3569,10076,157
2023-08-20,CAMP047,3751,10309,165
2023-08-21,CAMP047,3433,9966,151
2023-08-22,CAMP047,3565,10055,152
2023-08-23,CAMP047,3774,10201,166
2023-08-24,CAMP047,4478,10335,193
2023-08-25,CAMP047,3569,10148,157
2023-08-26,CAMP047,3808,10146,164
2023-08-27,CAMP047,3687,10328,157
2023-08-28,CAMP047,3365,10143,148
2023-08-29,CAMP047,4224,10182,184
2023-08-30,CAMP047,3870,10182,168
2023-08-31,CAMP047,4292,10134,185
2023-09-01,CAMP047,3729,10088,164
2023-09-02,CAMP047,3200,10077,137
2023-09-03,CAMP047,3372,9967,148
2023-09-04,CAMP047,3956,10123,174
2023-09-05,CAMP047,3912,10002,169
2023-09-06,CAMP047,3588,10296,154
2023-09-07,CAMP047,4070,10200,179
2023-09-08,CAMP047,3638,10166,160
2023-09-09,CAMP047,3623,10022,157
2023-09-10,CAMP047,3913,10089,167
2023-09-11,CAMP047,3979,10149,175
2023-09-12,CAMP047,3825,9993,165
2023-09-13,CAMP047,3982,10397,169
2023-09-14,CAMP047,3865,10078,170
2023-09-15,CAMP047,3473,10155,151
2023-09-16,CAMP047,3506,10180,154
2023-09-17,CAMP047,3572,10033,156
2023-09-18,CAMP047,3656,10266,157
2023-09-19,CAMP047,3706,10028,163
2023-09-20,CAMP047,3569,10394,157
2023-09-21,CAMP047,3478,10191,153
2023-09-22,CAMP047,4183,10067,184
2023-09-23,CAMP047,3721,10331,158
2023-09-24,CAMP047,3137,10173,138
2023-09-25,CAMP047,3228,9971,142
2023-09-26,CAMP047,4297,10277,189
2023-09-27,CAMP047,3256,10323,142
2023-09-28,CAMP047,4092,10088,180
2023-09-29,CAMP047,3660,10215,161
2023-09-30,CAMP047,3888,10395,171
2023-10-01,CAMP047,3228,10110,142
2023-10-02,CAMP047,3569,10369,157
2023-10-03,CAMP047,3615,10133,159
2023-10-04,CAMP047,3877,10147,167
2023-10-05,CAMP047,3328,10172,146
2023-10-06,CAMP047,3660,10243,161
2023-10-07,CAMP047,4411,10014,194
2023-10-08,CAMP047,4143,9929,180
2023-10-09,CAMP047,3342,10130,147
2023-10-10,CAMP047,3662,10171,161
2023-10-11,CAMP047,2978,10124,131
2023-10-12,CAMP047,3699,10133,159
2023-10-13,CAMP047,3569,10064,157
2023-10-14,CAMP047,4274,9972,188
2023-10-15,CAMP047,3598,10180,154
2023-10-16,CAMP047,3547,10217,156
2023-10-17,CAMP047,3615,10202,159
2023-10-18,CAMP047,4001,10285,176
2023-10-19,CAMP047,2933,10055,129
2023-10-20,CAMP047,3933,10160,173
2023-10-21,CAMP047,3911,10094,170
2023-10-22,CAMP047,3772,10298,165
2023-10-23,CAMP047,3638,10099,160
2023-10-24,CAMP047,3228,10050,142
2023-10-25,CAMP047,3773,10150,161
2023-10-26,CAMP047,4342,10306,191
2023-10-27,CAMP047,3410,10336,150
2023-10-28,CAMP047,3835,10290,166
2023-10-29,CAMP047,3024,10066,133
2023-10-30,CAMP047,3865,10113,170
2023-10-31,CAMP047,3774,10071,166
2023-11-01,CAMP047,3950,10052,171
2023-11-02,CAMP047,3729,10071,164
2023-11-03,CAMP047,3319,10113,146
2023-11-04,CAMP047,3363,10038,146
2023-11-05,CAMP047,3456,10054,152
2023-11-06,CAMP047,3842,10052,169
2023-11-07,CAMP047,3660,10188,161
2023-11-08,CAMP047,4092,10060,180
2023-11-09,CAMP047,3842,10250,169
2023-11-10,CAMP047,3910,10110,172
2023-11-11,CAMP047,3524,10274,155
2023-11-12,CAMP047,3615,10162,159
2023-11-13,CAMP047,3702,10349,162
2023-11-14,CAMP047,4043,10103,172
2023-11-15,CAMP047,3501,10133,154
2023-11-16,CAMP047,3944,9925,170
2023-11-17,CAMP047,3911,10209,170
2023-11-18,CAMP047,4092,10127,180
2023-11-19,CAMP047,3842,10081,169
2023-11-20,CAMP047,3538,10225,154
2023-11-21,CAMP047,3979,10237,175
2023-11-22,CAMP047,3592,10141,158
2023-11-23,CAMP047,3228,10078,142
2023-11-24,CAMP047,3405,10093,144
2023-11-25,CAMP047,3592,10093,158
2023-11-26,CAMP047,4008,10323,175
2023-11-27,CAMP047,3858,10017,164
2023-11-28,CAMP047,4172,10167,183
2023-11-29,CAMP047,4058,10178,172
2023-11-30,CAMP047,3911,10198,172
2023-12-01,CAMP047,3581,10235,157
2023-12-02,CAMP047,3964,9994,172
2023-12-03,CAMP047,3979,10198,175
2023-12-04,CAMP047,3936,10283,173
2023-12-05,CAMP047,3860,10156,168
2023-12-06,CAMP047,3933,10050,173
2023-12-07,CAMP047,3647,10173,159
2023-12-08,CAMP047,3941,10114,170
2023-03-07,CAMP048,3793,8318,351
2023-03-08,CAMP048,4020,8234,372
2023-03-09,CAMP048,4312,8436,399
2023-03-10,CAMP048,4171,8154,386
2023-03-11,CAMP048,3944,8312,365
2023-03-12,CAMP048,4182,8281,387
2023-03-13,CAMP048,4344,8474,402
2023-03-14,CAMP048,3652,8168,338
2023-03-15,CAMP048,4106,8242,380
2023-03-16,CAMP048,4009,8444,371
2023-03-17,CAMP048,4149,8313,384
2023-03-18,CAMP048,3906,8403,359
2023-03-19,CAMP048,3892,8236,357
2023-03-20,CAMP048,4180,8473,382
2023-03-21,CAMP048,4236,8383,392
2023-03-22,CAMP048,3479,8241,322
2023-03-23,CAMP048,3938,8331,362
2023-03-24,CAMP048,4066,8378,375
2023-03-25,CAMP048,4009,8331,371
2023-03-26,CAMP048,4209,8103,387
2023-03-27,CAMP048,4204,8244,383
2023-03-28,CAMP048,3957,8408,365
2023-03-29,CAMP048,4257,8363,394
2023-03-30,CAMP048,3995,8237,369
2023-03-31,CAMP048,4128,8471,382
2023-04-01,CAMP048,4108,8153,374
2023-04-02,CAMP048,3858,8317,357
2023-04-03,CAMP048,4074,8384,377
2023-04-04,CAMP048,4065,8307,373
2023-04-05,CAMP048,4182,8211,387
2023-04-06,CAMP048,4052,8378,375
2023-04-07,CAMP048,4278,8394,393
2023-04-08,CAMP048,4318,8342,396
2023-04-09,CAMP048,4074,8427,377
2023-04-10,CAMP048,4496,8329,414
2023-04-11,CAMP048,4118,8431,378
2023-04-12,CAMP048,3693,8293,336
2023-04-13,CAMP048,3961,8311,365
2023-04-14,CAMP048,4132,8143,380
2023-04-15,CAMP048,3862,8207,357
2023-04-16,CAMP048,4001,8249,368
2023-04-17,CAMP048,4326,8480,395
2023-04-18,CAMP048,4185,8386,385
2023-04-19,CAMP048,3696,8320,342
2023-04-20,CAMP048,3955,8403,366
2023-10-28,CAMP049,6920,14266,601
2023-10-29,CAMP049,7531,14172,654
2023-10-30,CAMP049,7346,14139,638
2023-10-31,CAMP049,6851,14198,595
2023-11-01,CAMP049,7346,14406,638
2023-11-02,CAMP049,7406,14341,642
2023-11-03,CAMP049,6644,14159,577
2023-11-04,CAMP049,7231,14267,628
2023-11-05,CAMP049,7185,13965,624
2023-11-06,CAMP049,6978,14179,606
2023-11-07,CAMP049,7323,14254,636
2023-11-08,CAMP049,6989,14244,607
2023-11-09,CAMP049,6748,14114,586
2023-11-10,CAMP049,7254,14225,630
2023-11-11,CAMP049,6466,14081,560
2023-11-12,CAMP049,7715,14367,670
2023-11-13,CAMP049,6909,14061,600
2023-11-14,CAMP049,7029,14044,609
2023-11-15,CAMP049,7519,14250,653
2023-11-16,CAMP049,7062,14183,607
2023-11-17,CAMP049,7220,14279,627
2023-11-18,CAMP049,6918,13923,595
2023-11-19,CAMP049,7332,14176,636
2023-11-20,CAMP049,7415,14123,643
2023-11-21,CAMP049,7354,14351,636
2023-11-22,CAMP049,6728,14145,583
2023-11-23,CAMP049,7439,14283,646
2023-11-24,CAMP049,7116,14351,618
2023-11-25,CAMP049,7220,14337,627
2023-11-26,CAMP049,7012,14307,609
2023-11-27,CAMP049,7410,14208,641
2023-11-28,CAMP049,6794,14168,590
2023-11-29,CAMP049,7105,14043,612
2023-11-30,CAMP049,7171,14254,620
2023-12-01,CAMP049,7139,14056,620
2023-12-02,CAMP049,7083,14027,610
2023-12-03,CAMP049,6972,14151,600
2023-12-04,CAMP049,7350,14179,635
2023-12-05,CAMP049,6759,14200,587
2023-12-06,CAMP049,7082,14075,615
2023-12-07,CAMP049,7034,14212,609
2023-12-08,CAMP049,6840,14310,594
2023-12-09,CAMP049,6692,14129,580
2023-12-10,CAMP049,7485,14261,650
2023-12-11,CAMP049,7313,14250,634
2023-12-12,CAMP049,7151,14206,621
2023-12-13,CAMP049,7116,14154,618
2023-12-14,CAMP049,6955,14153,604
2023-12-15,CAMP049,7151,14113,621
2023-12-16,CAMP049,6966,14044,605
2023-12-17,CAMP049,6932,14233,599
2023-12-18,CAMP049,7519,14312,653
2023-12-19,CAMP049,6969,14087,604
2023-12-20,CAMP049,7238,14162,627
2023-12-21,CAMP049,7335,14209,637
2023-12-22,CAMP049,6644,14055,577
2023-12-23,CAMP049,7327,14231,636
2023-12-24,CAMP049,6943,14221,603
2023-12-25,CAMP049,7244,14187,627
2023-12-26,CAMP049,7600,13899,660
2023-12-27,CAMP049,7059,14061,613
2023-12-28,CAMP049,6896,14313,597
2023-12-29,CAMP049,7318,14057,635
2023-12-30,CAMP049,7741,14226,669
2023-12-31,CAMP049,6976,14217,602
2024-01-01,CAMP049,7485,14142,650
2024-01-02,CAMP049,7042,14123,611
2024-01-03,CAMP049,7453,14288,647
2024-01-04,CAMP049,7427,14153,645
2024-01-05,CAMP049,7295,14118,631
2024-01-06,CAMP049,7548,14139,650
2024-01-07,CAMP049,7577,13937,658
2024-01-08,CAMP049,7289,14321,633
2024-01-09,CAMP049,7458,14101,646
2024-01-10,CAMP049,7266,14132,629
2024-01-11,CAMP049,7519,14307,653
2024-01-12,CAMP049,6579,14216,569
2024-01-13,CAMP049,7240,14099,625
2024-01-14,CAMP049,7036,14216,611
2024-01-15,CAMP049,7018,14307,606
2024-01-16,CAMP049,6851,14172,595
2024-01-17,CAMP049,7514,14236,649
2024-01-18,CAMP049,7473,14001,649
2024-01-19,CAMP049,7012,14114,609
2024-01-20,CAMP049,7485,14249,650
2024-01-21,CAMP049,7116,14187,618
2024-01-22,CAMP049,7070,14220,614
2024-01-23,CAMP049,6621,14056,575
2024-01-24,CAMP049,6644,14188,577
2024-01-25,CAMP049,7289,14204,633
2024-01-26,CAMP049,6978,14213,606
2024-01-27,CAMP049,7151,14085,621
2024-01-28,CAMP049,7002,14215,608
2024-05-06,CAMP050,2364,13056,203
2024-05-07,CAMP050,2306,13240,198
2024-05-08,CAMP050,2015,13196,173
2024-05-09,CAMP050,2210,13259,189
2024-05-10,CAMP050,2337,13296,193
2024-05-11,CAMP050,2236,13190,192
2024-05-12,CAMP050,2418,13429,203
2024-05-13,CAMP050,2236,13149,192
2024-05-14,CAMP050,2422,13237,208
2024-05-15,CAMP050,2303,13373,195
2024-05-16,CAMP050,2379,13321,203
2024-05-17,CAMP050,2204,13286,186
2024-05-18,CAMP050,2140,13547,180
2024-05-19,CAMP050,2399,13171,206
2024-05-20,CAMP050,2248,13107,193
2024-05-21,CAMP050,2441,13154,208
2024-05-22,CAMP050,2111,13128,180
2024-05-23,CAMP050,2094,13014,175
2024-05-24,CAMP050,2201,13025,189
2024-05-25,CAMP050,2012,13266,170
2024-05-26,CAMP050,2367,13254,202
2024-05-27,CAMP050,2224,13434,191
2024-05-28,CAMP050,2108,13425,181
2024-05-29,CAMP050,2084,13249,179
2024-05-30,CAMP050,2259,13290,194
2024-05-31,CAMP050,2079,13258,174
2024-06-01,CAMP050,1991,13293,171
2024-06-02,CAMP050,2282,13435,196
2024-06-03,CAMP050,2119,13285,182
2024-06-04,CAMP050,2230,13186,190
2024-06-05,CAMP050,2224,13302,189
2024-06-06,CAMP050,2376,13007,204
2024-06-07,CAMP050,1863,13318,160
2024-06-08,CAMP050,2131,13062,183
2024-06-09,CAMP050,2259,13171,194
2024-06-10,CAMP050,2178,13134,187
2024-06-11,CAMP050,2061,13076,177
2024-06-12,CAMP050,2096,13264,180
2024-06-13,CAMP050,2230,13347,188
2023-02-12,CAMP051,2720,10972,263
2023-02-13,CAMP051,2783,11075,269
2023-02-14,CAMP051,2607,11038,252
2023-02-15,CAMP051,2514,11066,243
2023-02-16,CAMP051,2638,10937,255
2023-02-17,CAMP051,2808,11025,271
2023-02-18,CAMP051,2526,11061,241
2023-02-19,CAMP051,3145,11055,304
2023-02-20,CAMP051,2845,10943,274
2023-02-21,CAMP051,2799,11172,269
2023-02-22,CAMP051,2874,10905,275
2023-02-23,CAMP051,2543,11141,244
2023-02-24,CAMP051,2812,10908,269
2023-02-25,CAMP051,2743,10919,265
2023-02-26,CAMP051,3000,11109,290
2023-02-27,CAMP051,2545,11073,246
2023-02-28,CAMP051,2503,11047,242
2023-03-01,CAMP051,2669,11271,258
2023-03-02,CAMP051,2907,11220,281
2023-03-03,CAMP051,2834,10976,274
2023-03-04,CAMP051,2565,11169,248
2023-03-05,CAMP051,2431,11095,235
2023-03-06,CAMP051,2492,11080,240
2023-03-07,CAMP051,2954,11016,280
2023-03-08,CAMP051,2534,10921,245
2023-03-09,CAMP051,2638,11097,255
2023-03-10,CAMP051,2452,11064,237
2023-03-11,CAMP051,2929,11008,280
2023-03-12,CAMP051,2818,11027,270
2023-03-13,CAMP051,2596,11041,251
2023-03-14,CAMP051,2806,11012,270
2023-03-15,CAMP051,2369,11144,229
2023-03-16,CAMP051,2649,11112,255
2023-03-17,CAMP051,2307,10950,223
2023-03-18,CAMP051,2660,10972,257
2023-03-19,CAMP051,2648,11113,256
2023-03-20,CAMP051,2726,10998,263
2023-03-21,CAMP051,2539,11000,245
2023-03-22,CAMP051,2832,11127,270
2023-03-23,CAMP051,2538,10971,245
2023-03-24,CAMP051,2596,11005,251
2023-03-25,CAMP051,2814,11207,272
2023-03-26,CAMP051,2571,10948,247
2023-03-27,CAMP051,2724,11189,261
2023-03-28,CAMP051,2588,10928,248
2023-03-29,CAMP051,2685,10822,257
2023-03-30,CAMP051,2555,10978,247
2023-03-31,CAMP051,2348,11114,227
2023-04-01,CAMP051,2630,11083,254
2023-04-02,CAMP051,2495,10953,237
2023-04-03,CAMP051,2820,10978,269
2023-04-04,CAMP051,2886,11098,279
2023-04-05,CAMP051,2596,10956,245
2023-04-06,CAMP051,2669,10944,254
2023-04-07,CAMP051,2880,11081,276
2023-04-08,CAMP051,2700,11073,261
2023-04-09,CAMP051,2700,11006,259
2023-04-10,CAMP051,2759,11041,264
2023-04-11,CAMP051,2632,11125,248
2023-04-12,CAMP051,2648,11067,256
2023-04-13,CAMP051,2638,11176,255
2023-04-14,CAMP051,2684,11077,256
2023-04-15,CAMP051,2497,11013,238
2023-04-16,CAMP051,2582,11147,247
2023-04-17,CAMP051,2679,11032,259
2023-04-18,CAMP051,2689,10930,260
2023-04-19,CAMP051,2284,10867,220
2023-04-20,CAMP051,2601,10876,250
2023-04-21,CAMP051,2469,10915,236
2023-04-22,CAMP051,2793,10948,270
2023-04-23,CAMP051,2876,11070,278
2023-04-24,CAMP051,2599,11061,248
2023-04-25,CAMP051,2514,11107,243
2023-04-26,CAMP051,2648,11060,256
2023-04-27,CAMP051,2440,11002,233
2023-04-28,CAMP051,2586,11039,250
2023-04-29,CAMP051,2431,11073,235
2023-04-30,CAMP051,2824,10890,273
2023-05-01,CAMP051,2414,10988,232
2023-05-02,CAMP051,2669,11254,258
2023-05-03,CAMP051,2524,11089,242
2023-05-04,CAMP051,2400,11041,232
2023-05-05,CAMP051,2689,11061,260
2023-05-06,CAMP051,2420,11009,234
2023-05-07,CAMP051,2743,11015,262
2023-05-08,CAMP051,2697,11025,257
2023-05-09,CAMP051,2320,10952,224
2023-05-10,CAMP051,2287,11001,219
2023-05-11,CAMP051,2658,10988,257
2023-05-12,CAMP051,2720,11121,263
2023-05-13,CAMP051,2638,11040,251
2023-05-14,CAMP051,2441,11057,236
2023-05-15,CAMP051,2617,11112,249
2023-05-16,CAMP051,2535,11189,238
2023-05-17,CAMP051,2741,11103,265
2023-05-18,CAMP051,2770,11130,266
2023-05-19,CAMP051,2307,11260,223
2023-05-20,CAMP051,2558,11201,246
2023-05-21,CAMP051,2420,10969,234
2023-05-22,CAMP051,2491,11243,239
2023-05-23,CAMP051,2576,11242,249
2023-05-24,CAMP051,2596,10960,250
2023-05-25,CAMP051,2755,11168,265
2023-05-26,CAMP051,2819,10990,270
2023-05-27,CAMP051,2774,11238,268
2023-05-28,CAMP051,2514,11105,242
2023-05-29,CAMP051,2534,11025,245
2023-07-30,CAMP052,6187,19497,256
2023-07-31,CAMP052,5767,19254,239
2023-08-01,CAMP052,6231,19299,257
2023-08-02,CAMP052,4781,19342,195
2023-08-03,CAMP052,5091,19202,211
2023-08-04,CAMP052,5529,19258,227
2023-08-05,CAMP052,5198,19001,213
2023-08-06,CAMP052,5449,19046,224
2023-08-07,CAMP052,5247,19239,213
2023-08-08,CAMP052,5915,19316,245
2023-08-09,CAMP052,5598,19414,232
2023-08-10,CAMP052,5224,19257,214
2023-08-11,CAMP052,5205,19339,214
2023-08-12,CAMP052,5863,19462,243
2023-08-13,CAMP052,5341,19407,221
2023-08-14,CAMP052,5501,19470,228
2023-08-15,CAMP052,5622,19524,233
2023-08-16,CAMP052,5077,19543,210
2023-08-17,CAMP052,5856,19462,238
2023-08-18,CAMP052,5413,19491,223
2023-08-19,CAMP052,5815,19242,241
2023-08-20,CAMP052,6925,19569,287
2023-08-21,CAMP052,5519,19447,228
2023-08-22,CAMP052,4689,19365,193
2024-05-30,CAMP053,3617,8044,402
2024-05-31,CAMP053,3520,8029,390
2024-06-01,CAMP053,3563,8158,396
2024-06-02,CAMP053,3574,8245,393
2024-06-03,CAMP053,3785,8064,418
2024-06-04,CAMP053,3710,7957,406
2024-06-05,CAMP053,3563,8053,396
2024-06-06,CAMP053,3949,8025,436
2024-06-07,CAMP053,3544,8111,392
2024-06-08,CAMP053,3608,8159,401
2024-06-09,CAMP053,3488,8074,386
2024-06-10,CAMP053,3674,8074,408
2024-06-11,CAMP053,3501,7928,387
2024-06-12,CAMP053,3527,8033,392
2024-06-13,CAMP053,3656,8183,406
2024-06-14,CAMP053,3491,7897,388
2024-06-15,CAMP053,3689,8006,410
2024-06-16,CAMP053,3408,8119,378
2024-06-17,CAMP053,3464,8093,384
2024-06-18,CAMP053,3646,8302,404
2024-06-19,CAMP053,3759,8171,415
2024-06-20,CAMP053,3455,8031,384
2024-06-21,CAMP053,3698,8011,411
2024-06-22,CAMP053,3464,7959,385
2024-06-23,CAMP053,3806,7910,419
2024-06-24,CAMP053,3311,7884,362
2024-06-25,CAMP053,3745,8144,415
2024-06-26,CAMP053,3770,8183,417
2024-06-27,CAMP053,3356,7942,373
2024-06-28,CAMP053,3639,8106,404
2024-06-29,CAMP053,3396,7906,373
2024-06-30,CAMP053,3600,8029,399
2024-07-01,CAMP053,3824,7974,425
2024-07-02,CAMP053,3707,8116,411
2024-07-03,CAMP053,3366,8076,374
2024-07-04,CAMP053,3336,8003,368
2024-07-05,CAMP053,3438,8057,377
2024-07-06,CAMP053,3287,8146,365
2024-07-07,CAMP053,3623,8153,401
2024-07-08,CAMP053,3555,8011,392
2024-07-09,CAMP053,3572,8035,397
2024-07-10,CAMP053,3491,8072,388
2024-07-11,CAMP053,3536,8267,393
2024-07-12,CAMP053,3841,8155,426
2024-07-13,CAMP053,3602,7925,398
2024-07-14,CAMP053,3547,7975,393
2024-07-15,CAMP053,3559,8069,394
2024-07-16,CAMP053,3653,8055,406
2024-07-17,CAMP053,3671,8174,408
2024-07-18,CAMP053,3842,8158,423
2024-07-19,CAMP053,3187,8144,352
2024-07-20,CAMP053,3554,8138,395
2024-07-21,CAMP053,3968,8087,439
2024-07-22,CAMP053,3644,7942,405
2024-07-23,CAMP053,3464,8098,385
2024-07-24,CAMP053,3898,8296,432
2024-07-25,CAMP053,3545,7856,394
2024-07-26,CAMP053,3357,8126,372
2024-07-27,CAMP053,3431,7964,374
2024-07-28,CAMP053,3567,8089,395
2024-07-29,CAMP053,3767,7979,418
2024-07-30,CAMP053,3908,8120,428
2024-07-31,CAMP053,3374,8061,375
2024-08-01,CAMP053,3338,7947,371
2024-08-02,CAMP053,3536,8154,393
2024-08-03,CAMP053,3446,8156,383
2024-08-04,CAMP053,3438,8052,375
2024-08-05,CAMP053,3185,8166,354
2024-08-06,CAMP053,3581,7907,394
2024-08-07,CAMP053,3680,7983,409
2024-08-08,CAMP053,3446,8063,383
2024-08-09,CAMP053,3869,8101,430
2024-08-10,CAMP053,3401,7963,378
2024-08-11,CAMP053,3653,8083,406
2024-08-12,CAMP053,3671,8059,408
2024-08-13,CAMP053,3898,8133,431
2024-08-14,CAMP053,3599,8173,400
2024-08-15,CAMP053,3726,7985,412
2024-08-16,CAMP053,3642,7909,396
2024-08-17,CAMP053,3284,8023,365
2024-08-18,CAMP053,3536,8025,392
2024-08-19,CAMP053,3667,8064,407
2024-08-20,CAMP053,3671,8120,408
2024-08-21,CAMP053,3745,7838,416
2024-08-22,CAMP053,3700,8193,408
2024-08-23,CAMP053,3537,8128,390
2024-08-24,CAMP053,3674,8112,406
2024-08-25,CAMP053,3275,8158,364
2024-08-26,CAMP053,3338,8107,371
2024-08-27,CAMP053,3923,8104,436
2024-08-28,CAMP053,3435,8091,378
2024-08-29,CAMP053,3833,7990,426
2024-08-30,CAMP053,3671,8213,408
2024-08-31,CAMP053,3599,8247,400
2024-09-01,CAMP053,3638,7960,399
2024-09-02,CAMP053,3455,8098,384
2024-09-03,CAMP053,3706,8081,409
2024-09-04,CAMP053,3253,7974,359
2024-09-05,CAMP053,3815,8069,424
2024-09-06,CAMP053,3706,7924,411
2024-09-07,CAMP053,3572,8060,397
2024-09-08,CAMP053,3414,8015,378
2024-09-09,CAMP053,3641,7993,403
2024-09-10,CAMP053,3608,7992,401
2024-09-11,CAMP053,3498,8066,388
2024-09-12,CAMP053,3575,8211,397
2024-09-13,CAMP053,3491,8115,386
2024-09-14,CAMP053,3297,8102,364
2024-09-15,CAMP053,3586,8286,395
2024-09-16,CAMP053,3671,7988,408
2024-09-17,CAMP053,3726,8107,412
2024-09-18,CAMP053,3734,8165,412
2024-09-19,CAMP053,3404,8117,373
2024-09-20,CAMP053,3569,8009,396
2024-09-21,CAMP053,3401,8031,378
2024-09-22,CAMP053,3500,8135,389
2024-09-23,CAMP053,3455,7933,384
2024-09-24,CAMP053,3401,8062,378
2024-09-25,CAMP053,3644,8141,405
2024-09-26,CAMP053,3584,8132,396
2024-09-27,CAMP053,3648,7996,399
2024-09-28,CAMP053,3576,8048,393
2024-09-29,CAMP053,3887,8149,432
2024-09-30,CAMP053,3536,7941,389
2024-10-01,CAMP053,3710,8037,411
2024-10-02,CAMP053,3338,8136,371
2024-10-03,CAMP053,3629,8035,399
2024-10-04,CAMP053,3447,8021,380
2024-10-05,CAMP053,3915,8220,432
2024-10-06,CAMP053,3483,8148,385
2024-10-07,CAMP053,3899,8092,430
2024-10-08,CAMP053,3617,8000,402
2024-10-09,CAMP053,3473,7924,386
2024-10-10,CAMP053,3365,8090,374
2023-06-09,CAMP054,1712,6934,232
2023-06-10,CAMP054,1749,6973,237
2023-06-11,CAMP054,1705,6862,231
2023-06-12,CAMP054,1616,6858,219
2023-06-13,CAMP054,1705,6871,231
2023-06-14,CAMP054,1698,6938,230
2023-06-15,CAMP054,1616,6891,219
2023-06-16,CAMP054,1757,6856,238
2023-06-17,CAMP054,1605,6936,216
2023-06-18,CAMP054,1602,6849,217
2023-06-19,CAMP054,1735,6757,234
2023-06-20,CAMP054,1807,6863,241
2023-06-21,CAMP054,1820,6835,245
2023-06-22,CAMP054,1535,6958,208
2023-06-23,CAMP054,1613,6908,218
2023-06-24,CAMP054,1661,6838,225
2023-06-25,CAMP054,1823,6773,247
2023-06-26,CAMP054,1497,6769,198
2023-06-27,CAMP054,1543,7014,209
2023-06-28,CAMP054,1476,6930,200
2023-06-29,CAMP054,1611,6745,218
2023-06-30,CAMP054,1591,6801,215
2023-07-01,CAMP054,1607,6957,216
2023-07-02,CAMP054,1594,6928,216
2023-07-03,CAMP054,1565,6887,212
2023-07-04,CAMP054,1572,6850,213
2023-07-05,CAMP054,1671,6932,226
2023-07-06,CAMP054,1545,6845,208
2023-07-07,CAMP054,1496,6857,202
2023-03-12,CAMP055,3306,4559,174
2023-03-13,CAMP055,4028,4565,212
2023-03-14,CAMP055,3667,4632,193
2023-03-15,CAMP055,3895,4567,205
2023-03-16,CAMP055,3621,4572,183
2023-03-17,CAMP055,4028,4659,212
2023-03-18,CAMP055,4446,4599,234
2023-03-19,CAMP055,3916,4534,204
2023-03-20,CAMP055,4370,4596,230
2023-03-21,CAMP055,3838,4678,202
2023-03-22,CAMP055,3781,4651,199
2023-03-23,CAMP055,3857,4615,203
2023-03-24,CAMP055,3724,4623,196
2023-03-25,CAMP055,4313,4468,227
2023-03-26,CAMP055,3629,4488,191
2023-03-27,CAMP055,3776,4596,197
2023-03-28,CAMP055,3621,4549,188
2023-03-29,CAMP055,4218,4646,217
2023-03-30,CAMP055,4040,4675,211
2023-03-31,CAMP055,3795,4669,190
2023-04-01,CAMP055,3941,4775,207
2023-04-02,CAMP055,3363,4657,177
2023-04-03,CAMP055,3819,4627,201
2023-04-04,CAMP055,3946,4618,207
2023-04-05,CAMP055,4151,4680,216
2023-04-06,CAMP055,3662,4683,190
2023-04-07,CAMP055,3725,4594,196
2023-04-08,CAMP055,3609,4660,186
2023-04-09,CAMP055,3936,4587,207
2023-04-10,CAMP055,3610,4579,190
2023-04-11,CAMP055,4313,4620,227
2023-04-12,CAMP055,3311,4706,174
2023-04-13,CAMP055,3436,4508,179
2023-04-14,CAMP055,3344,4643,176
2023-04-15,CAMP055,3743,4592,197
2023-04-16,CAMP055,4076,4676,211
2023-04-17,CAMP055,3876,4609,204
2023-04-18,CAMP055,4095,4609,212
2023-04-19,CAMP055,3761,4599,196
2023-04-20,CAMP055,3457,4513,181
2023-04-21,CAMP055,3394,4525,175
2023-04-22,CAMP055,3192,4532,168
2023-04-23,CAMP055,3515,4688,183
2023-04-24,CAMP055,3144,4598,163
2023-04-25,CAMP055,3196,4554,165
2023-04-26,CAMP055,3762,4562,198
2023-04-27,CAMP055,3762,4513,198
2023-04-28,CAMP055,3811,4552,196
2023-04-29,CAMP055,3462,4566,180
2023-04-30,CAMP055,3423,4505,176
2023-05-01,CAMP055,3547,4370,182
2023-05-02,CAMP055,3572,4537,188
2023-09-16,CAMP056,3157,13933,263
2023-09-17,CAMP056,2844,13704,240
2023-09-18,CAMP056,2821,13883,236
2023-09-19,CAMP056,3069,13845,259
2023-09-20,CAMP056,2820,13874,238
2023-09-21,CAMP056,3009,13669,248
2023-09-22,CAMP056,2844,13877,240
2023-09-23,CAMP056,2996,13896,251
2023-09-24,CAMP056,2856,13668,241
2023-09-25,CAMP056,2736,13754,228
2023-09-26,CAMP056,2808,13738,237
2023-09-27,CAMP056,2731,13852,230
2023-09-28,CAMP056,2666,13980,225
2023-09-29,CAMP056,2753,13821,229
2023-09-30,CAMP056,2690,14008,227
2023-10-01,CAMP056,2927,13768,247
2023-10-02,CAMP056,3022,13707,255
2023-10-03,CAMP056,2725,13912,230
2023-10-04,CAMP056,2763,13723,231
2023-10-05,CAMP056,2773,13816,234
2023-10-06,CAMP056,2962,13872,250
2023-10-07,CAMP056,2880,13717,243
2023-10-08,CAMP056,2868,13811,242
2023-10-09,CAMP056,2954,13704,249
2023-10-10,CAMP056,3057,13794,258
2023-10-11,CAMP056,2887,13761,238
2023-10-12,CAMP056,2666,13611,225
2023-10-13,CAMP056,2524,13651,213
2023-10-14,CAMP056,2773,13773,234
2023-10-15,CAMP056,2792,13674,234
2023-10-16,CAMP056,2992,13779,248
2023-10-17,CAMP056,2891,13712,244
2023-10-18,CAMP056,2979,13747,249
2023-10-19,CAMP056,2716,13774,228
2023-10-20,CAMP056,2728,13923,221
2023-10-21,CAMP056,2808,13509,237
2023-10-22,CAMP056,2634,13725,218
2023-10-23,CAMP056,2773,13796,234
2023-10-24,CAMP056,2509,13889,211
2023-10-25,CAMP056,2715,13606,227
2023-10-26,CAMP056,2913,13572,242
2023-10-27,CAMP056,2880,13797,243
2023-10-28,CAMP056,2595,13847,219
2023-10-29,CAMP056,2725,13871,230
2023-10-30,CAMP056,2714,13605,229
2023-10-31,CAMP056,2649,13805,217
2023-11-01,CAMP056,2648,13893,223
2023-11-02,CAMP056,2631,13728,222
2023-09-27,CAMP057,6966,19156,647
2023-09-28,CAMP057,6234,19079,579
2023-09-29,CAMP057,6987,18926,649
2023-09-30,CAMP057,6470,18777,601
2023-10-01,CAMP057,6202,18971,572
2023-10-02,CAMP057,6513,18873,605
2023-10-03,CAMP057,6615,19089,612
2023-10-04,CAMP057,6406,18783,595
2023-10-05,CAMP057,6470,19079,601
2023-10-06,CAMP057,6449,18941,599
2023-10-07,CAMP057,6815,19011,633
2023-10-08,CAMP057,6287,19143,584
2023-10-09,CAMP057,6427,18978,597
2023-10-10,CAMP057,6589,18740,609
2023-10-11,CAMP057,6658,18880,618
2023-10-12,CAMP057,7073,18887,657
2023-10-13,CAMP057,6879,19025,639
2023-10-14,CAMP057,7108,19143,657
2023-10-15,CAMP057,6395,18968,594
2023-10-16,CAMP057,6731,19190,623
2023-10-17,CAMP057,6018,18933,559
2023-10-18,CAMP057,6655,18945,613
2023-10-19,CAMP057,6772,18967,629
2023-10-20,CAMP057,6847,18877,636
2023-10-21,CAMP057,6589,18813,612
2023-10-22,CAMP057,6650,19097,615
2023-10-23,CAMP057,6607,18774,609
2023-10-24,CAMP057,6750,18919,626
2023-10-25,CAMP057,6732,18650,619
2023-10-26,CAMP057,6621,18632,615
2023-10-27,CAMP057,6578,18764,611
2023-10-28,CAMP057,6546,18865,608
2023-10-29,CAMP057,6297,18968,581
2023-10-30,CAMP057,6804,19073,632
2023-10-31,CAMP057,6772,18890,629
2023-11-01,CAMP057,6438,19211,598
2023-11-02,CAMP057,6863,19032,637
2023-11-03,CAMP057,6287,18913,584
2023-11-04,CAMP057,6352,19020,581
2023-11-05,CAMP057,6979,19107,646
2023-11-06,CAMP057,6653,18965,618
2023-11-07,CAMP057,6755,18962,625
2023-11-08,CAMP057,6675,18904,620
2023-11-09,CAMP057,6417,18881,596
2023-11-10,CAMP057,6787,18618,629
2023-11-11,CAMP057,6373,18672,592
2023-11-12,CAMP057,6604,19048,609
2023-11-13,CAMP057,6800,18936,628
2023-11-14,CAMP057,6180,19100,574
2023-11-15,CAMP057,7202,18773,669
2023-11-16,CAMP057,6944,18960,645
2023-11-17,CAMP057,6401,18863,593
2023-11-18,CAMP057,6694,18922,621
2023-11-19,CAMP057,6563,18927,609
2023-11-20,CAMP057,6901,19079,641
2023-11-21,CAMP057,6879,18838,639
2023-11-22,CAMP057,6643,18903,617
2023-11-23,CAMP057,6696,18792,622
2023-11-24,CAMP057,6535,19007,607
2023-11-25,CAMP057,6621,18896,615
2023-11-26,CAMP057,6363,19041,591
2023-11-27,CAMP057,6686,19047,621
2023-11-28,CAMP057,6460,18835,600
2023-11-29,CAMP057,6400,18761,592
2023-11-30,CAMP057,6796,18968,627
2023-12-01,CAMP057,6793,19025,631
2023-12-02,CAMP057,6815,19323,633
2023-12-03,CAMP057,6252,18894,577
2023-12-04,CAMP057,6330,18967,588
2023-12-05,CAMP057,6008,18726,557
2023-12-06,CAMP057,6481,18954,602
2023-12-07,CAMP057,6665,19004,618
2023-12-08,CAMP057,6460,18746,600
2023-12-09,CAMP057,6772,18748,629
2023-12-10,CAMP057,6912,19075,642
2023-12-11,CAMP057,6252,18891,575
2023-12-12,CAMP057,6729,18866,625
2023-12-13,CAMP057,6546,18987,608
2023-12-14,CAMP057,6950,18727,645
2023-12-15,CAMP057,6520,19150,605
2023-12-16,CAMP057,6417,18905,596
2023-12-17,CAMP057,6448,18939,598
2023-12-18,CAMP057,6621,18749,615
2023-12-19,CAMP057,6967,18828,647
2023-12-20,CAMP057,6334,18921,585
2023-12-21,CAMP057,6653,18820,618
2023-12-22,CAMP057,6347,18957,589
2023-12-23,CAMP057,6617,18923,612
2023-12-24,CAMP057,6815,18888,633
2023-12-25,CAMP057,6994,18776,646
2023-12-26,CAMP057,6287,18893,584
2023-12-27,CAMP057,7063,18795,656
2023-12-28,CAMP057,6470,19181,601
2023-12-29,CAMP057,6827,18968,634
2023-12-30,CAMP057,6717,18866,621
2023-12-31,CAMP057,6793,19013,631
2024-01-01,CAMP057,7084,19076,658
2024-01-02,CAMP057,6567,18916,610
2024-01-03,CAMP057,6371,19036,590
2024-01-04,CAMP057,6718,18911,624
2024-01-05,CAMP057,6557,19166,609
2024-01-06,CAMP057,6653,18915,618
2024-01-07,CAMP057,6225,19099,577
2024-01-08,CAMP057,6291,18680,582
2024-01-09,CAMP057,6578,19053,611
2024-01-10,CAMP057,6378,18846,592
2024-01-11,CAMP057,6417,19039,596
2024-01-12,CAMP057,6987,19159,647
2024-01-13,CAMP057,6320,18968,587
2024-01-14,CAMP057,6115,18899,568
2024-01-15,CAMP057,6481,18632,602
2024-01-16,CAMP057,6893,19031,638
2024-01-17,CAMP057,6576,18985,604
2024-01-18,CAMP057,6746,19025,626
2024-01-19,CAMP057,6713,18714,619
2024-01-20,CAMP057,6347,18807,585
2024-01-21,CAMP057,6750,18769,627
2024-01-22,CAMP057,6633,19031,616
2024-01-23,CAMP057,7023,18912,652
2024-01-24,CAMP057,6514,18689,602
2024-01-25,CAMP057,6664,19024,619
2024-01-26,CAMP057,6342,18790,587
2024-01-27,CAMP057,6621,18713,615
2024-01-28,CAMP057,6889,18963,638
2024-01-29,CAMP057,6879,18816,639
2024-01-30,CAMP057,6578,18807,611
2024-01-31,CAMP057,6212,18997,577
2024-02-01,CAMP057,6399,19037,593
2024-02-02,CAMP057,6912,18895,642
2024-02-03,CAMP057,6595,18949,612
2024-02-04,CAMP057,5907,18710,542
2024-02-05,CAMP057,6406,18844,595
2024-02-06,CAMP057,6481,18847,602
2024-02-07,CAMP057,6567,18997,610
2024-02-08,CAMP057,6729,18956,625
2024-02-09,CAMP057,6653,18971,618
2024-02-10,CAMP057,6201,19123,576
2024-02-11,CAMP057,7063,19028,656
2024-02-12,CAMP057,6363,18704,591
2024-02-13,CAMP057,6499,18888,598
2024-02-14,CAMP057,6595,18980,605
2024-02-15,CAMP057,6826,18937,634
2024-02-16,CAMP057,6579,19120,611
2024-02-17,CAMP057,6600,18999,613
2024-02-18,CAMP057,6503,18818,604
2024-02-19,CAMP057,6849,19107,634
2024-02-20,CAMP057,6730,18994,624
2024-02-21,CAMP057,6287,18642,584
2024-02-22,CAMP057,6884,18846,634
2024-02-23,CAMP057,6588,18995,603
2024-02-24,CAMP057,7084,19066,658
2024-02-25,CAMP057,6923,18877,643
2024-02-26,CAMP057,6941,18705,643
2023-12-18,CAMP058,8261,12385,359
2023-12-19,CAMP058,7982,12636,341
2023-12-20,CAMP058,8694,12696,373
2023-12-21,CAMP058,8747,12714,378
2023-12-22,CAMP058,7812,12616,340
2023-12-23,CAMP058,8272,12580,354
2023-12-24,CAMP058,7833,12689,341
2023-12-25,CAMP058,7626,12589,332
2023-12-26,CAMP058,7764,12543,338
2023-12-27,CAMP058,7764,12770,338
2023-12-28,CAMP058,8246,12758,359
2023-12-29,CAMP058,8476,12513,369
2023-12-30,CAMP058,8086,12637,352
2023-12-31,CAMP058,7557,12462,329
2024-01-01,CAMP058,7879,12912,342
2024-01-02,CAMP058,8103,12617,351
2024-01-03,CAMP058,7918,12518,343
2024-01-04,CAMP058,8338,12472,363
2024-01-05,CAMP058,7835,12993,339
2024-01-06,CAMP058,7919,12607,340
2024-01-07,CAMP058,8155,12526,355
2024-01-08,CAMP058,8063,12755,351
2024-01-09,CAMP058,7932,12335,344
2024-01-10,CAMP058,8630,12656,374
2024-01-11,CAMP058,7718,12647,336
2024-01-12,CAMP058,7721,12630,335
2024-01-13,CAMP058,8086,12531,352
2024-01-14,CAMP058,8476,12567,369
2024-01-15,CAMP058,8178,12679,356
2023-06-16,CAMP059,8314,10922,529
2023-06-17,CAMP059,8576,10797,547
2023-06-18,CAMP059,8206,10660,517
2023-06-19,CAMP059,8461,10941,539
2023-06-20,CAMP059,7416,10536,473
2023-06-21,CAMP059,8458,10937,539
2023-06-22,CAMP059,7668,10770,489
2023-06-23,CAMP059,7964,10661,508
2023-06-24,CAMP059,8654,10821,552
2023-06-25,CAMP059,8450,10858,539
2023-06-26,CAMP059,8164,10734,516
2023-06-27,CAMP059,8105,10811,517
2023-06-28,CAMP059,8341,10814,527
2023-06-29,CAMP059,8529,10681,544
2023-06-30,CAMP059,8552,10783,543
2023-07-01,CAMP059,8028,10775,512
2023-07-02,CAMP059,8250,10778,522
2023-07-03,CAMP059,8535,10834,544
2023-07-04,CAMP059,7748,10856,494
2023-07-05,CAMP059,8215,10826,524
2023-07-06,CAMP059,8353,10844,532
2023-07-07,CAMP059,8151,10811,518
2023-07-08,CAMP059,8682,10886,551
2023-07-09,CAMP059,8811,10843,562
2023-07-10,CAMP059,7808,10683,498
2023-07-11,CAMP059,8325,11013,531
2023-07-12,CAMP059,8137,10829,519
2023-07-13,CAMP059,8509,10679,542
2023-07-14,CAMP059,8294,11067,529
2023-07-15,CAMP059,8986,10779,573
2023-07-16,CAMP059,8685,10743,554
2023-07-17,CAMP059,7745,10716,494
2023-07-18,CAMP059,8341,10812,532
2023-07-19,CAMP059,8043,10585,513
2023-07-20,CAMP059,7887,10797,503
2023-07-21,CAMP059,8604,10773,544
2023-07-22,CAMP059,8150,10744,515
2023-07-23,CAMP059,7627,10655,481
2023-07-24,CAMP059,8350,10816,529
2023-07-25,CAMP059,8002,10846,509
2023-07-26,CAMP059,8293,10683,523
2023-07-27,CAMP059,8498,10678,542
2023-07-28,CAMP059,8574,10629,544
2023-07-29,CAMP059,7947,10837,505
2023-07-30,CAMP059,8697,10713,554
2023-07-31,CAMP059,7933,10779,506
2023-08-01,CAMP059,8546,10713,544
2023-08-02,CAMP059,8855,10775,559
2023-08-03,CAMP059,8814,10853,561
2023-08-04,CAMP059,8732,10747,557
2023-08-05,CAMP059,7899,10758,503
2023-08-06,CAMP059,8576,10814,547
2023-08-07,CAMP059,7792,10862,497
2023-08-08,CAMP059,8215,10820,524
2023-08-09,CAMP059,7861,10728,499
2023-08-10,CAMP059,8450,10910,539
2023-08-11,CAMP059,8105,10945,517
2023-08-12,CAMP059,8058,10807,514
2023-08-13,CAMP059,8262,10663,527
2023-08-14,CAMP059,8474,10646,536
2023-08-15,CAMP059,8267,10701,522
2023-08-16,CAMP059,8638,10890,551
2023-08-17,CAMP059,8809,10775,554
2023-08-18,CAMP059,8174,10631,521
2023-08-19,CAMP059,9328,10904,595
2023-08-20,CAMP059,7526,10581,479
2023-08-21,CAMP059,8411,10757,535
2023-08-22,CAMP059,8701,10830,555
2023-08-23,CAMP059,8488,10994,540
2023-08-24,CAMP059,8450,10850,539
2023-08-25,CAMP059,8614,10796,547
2023-08-26,CAMP059,8403,10764,536
2023-08-27,CAMP059,7949,10799,507
2023-08-28,CAMP059,8544,10711,545
2023-08-29,CAMP059,8591,10925,548
2023-08-30,CAMP059,8433,10804,535
2023-08-31,CAMP059,8462,10795,535
2023-09-01,CAMP059,8874,10849,566
2023-09-02,CAMP059,8246,10877,526
2023-09-03,CAMP059,8576,10746,547
2023-09-04,CAMP059,8341,10753,532
2023-09-05,CAMP059,8764,10843,559
2023-09-06,CAMP059,8623,10794,550
2023-09-07,CAMP059,8717,10825,556
2023-09-08,CAMP059,9037,10850,574
2023-09-09,CAMP059,8447,10868,532
2023-09-10,CAMP059,8529,10877,544
2023-09-11,CAMP059,8123,10633,518
2023-09-12,CAMP059,7980,10832,509
2024-05-21,CAMP060,2354,5589,94
2024-05-22,CAMP060,2424,5687,98
2024-05-23,CAMP060,2541,5641,106
2024-05-24,CAMP060,1966,5691,82
2024-05-25,CAMP060,2073,5562,82
2024-05-26,CAMP060,2036,5655,83
2024-05-27,CAMP060,2277,5558,95
2024-05-28,CAMP060,2104,5513,84
2024-05-29,CAMP060,2254,5625,94
2024-05-30,CAMP060,2014,5631,84
2024-05-31,CAMP060,2685,5568,112
2024-06-01,CAMP060,2182,5449,91
2024-06-02,CAMP060,2210,5535,84
2024-06-03,CAMP060,2373,5753,99
2024-06-04,CAMP060,2014,5612,84
2024-06-05,CAMP060,2397,5558,97
2024-06-06,CAMP060,2014,5578,84
2024-06-07,CAMP060,2345,5606,95
2024-06-08,CAMP060,2090,5687,82
2024-06-09,CAMP060,2373,5613,99
2024-06-10,CAMP060,2158,5740,90
2024-06-11,CAMP060,2381,5590,96
2024-06-12,CAMP060,2057,5711,84
2024-06-13,CAMP060,2533,5622,101
2024-06-14,CAMP060,2613,5487,109
2024-06-15,CAMP060,2193,5426,90
2024-06-16,CAMP060,2014,5645,84
2024-06-17,CAMP060,2086,5628,87
2024-06-18,CAMP060,1966,5503,82
2024-06-19,CAMP060,1774,5584,74
2024-06-20,CAMP060,2635,5612,105
2024-06-21,CAMP060,2656,5695,108
2024-06-22,CAMP060,2215,5626,92
2024-06-23,CAMP060,1846,5580,77
2024-06-24,CAMP060,2230,5532,93
2024-06-25,CAMP060,2729,5603,110
2024-06-26,CAMP060,1966,5523,82
2024-06-27,CAMP060,2349,5691,98
2024-06-28,CAMP060,2757,5735,115
2024-06-29,CAMP060,2086,5676,87
2024-06-30,CAMP060,2230,5644,93
2024-07-01,CAMP060,2182,5619,91
2024-07-02,CAMP060,2254,5572,94
2024-07-03,CAMP060,2158,5665,90
2024-07-04,CAMP060,2014,5670,84
2024-07-05,CAMP060,2122,5487,87
2024-07-06,CAMP060,2311,5560,95
2024-07-07,CAMP060,1966,5560,82
2024-07-08,CAMP060,2110,5669,88
2024-07-09,CAMP060,2239,5623,93
2024-07-10,CAMP060,2202,5629,89
2024-07-11,CAMP060,2251,5560,91
2024-07-12,CAMP060,2282,5506,95
2024-07-13,CAMP060,2421,5647,101
2024-07-14,CAMP060,2469,5522,101
2024-07-15,CAMP060,2371,5529,98
2024-07-16,CAMP060,2014,5565,84
2024-07-17,CAMP060,2565,5632,107
2024-07-18,CAMP060,2541,5498,106
2024-07-19,CAMP060,2073,5540,83
2024-07-20,CAMP060,2515,5471,101
2024-07-21,CAMP060,1966,5454,82
2024-07-22,CAMP060,1931,5609,80
2024-07-23,CAMP060,2320,5595,92
2024-07-24,CAMP060,2206,5531,92
2024-07-25,CAMP060,1894,5564,79
2024-07-26,CAMP060,2493,5601,104
2024-07-27,CAMP060,2446,5633,101
2024-07-28,CAMP060,2517,5563,105
2024-07-29,CAMP060,2211,5664,91
2024-07-30,CAMP060,2254,5692,94
2024-07-31,CAMP060,2581,5758,105
2024-08-01,CAMP060,2014,5733,84
2024-08-02,CAMP060,2373,5542,99
2024-08-03,CAMP060,2362,5687,96
2024-08-04,CAMP060,1751,5581,73
2024-08-05,CAMP060,2062,5775,86
2024-08-06,CAMP060,2318,5470,94
2024-08-07,CAMP060,2206,5568,92
2024-08-08,CAMP060,1986,5610,82
2024-08-09,CAMP060,2467,5587,99
2024-08-10,CAMP060,2325,5507,97
2024-08-11,CAMP060,2207,5588,90
2024-08-12,CAMP060,2316,5712,94
2024-08-13,CAMP060,2388,5670,93
2024-08-14,CAMP060,2277,5522,95
2024-08-15,CAMP060,2262,5573,92
2024-08-16,CAMP060,1693,5541,64
2024-08-17,CAMP060,1848,5678,76
2024-08-18,CAMP060,2112,5544,88
2024-08-19,CAMP060,2301,5773,96
2024-08-20,CAMP060,2230,5615,93
2024-08-21,CAMP060,2444,5583,98
2024-08-22,CAMP060,1798,5635,75
2024-08-23,CAMP060,2134,5657,89
2024-08-24,CAMP060,2429,5521,99
2024-08-25,CAMP060,2255,5596,91
2024-08-26,CAMP060,2602,5518,106
2024-08-27,CAMP060,2265,5738,92
2024-08-28,CAMP060,1846,5517,77
2024-08-29,CAMP060,2565,5626,107
2024-08-30,CAMP060,2325,5579,97
2024-08-31,CAMP060,2134,5600,89
2024-09-01,CAMP060,2494,5684,103
2024-09-02,CAMP060,1678,5627,70
2024-09-03,CAMP060,2206,5551,92
2024-09-04,CAMP060,2189,5716,87
2024-09-05,CAMP060,2014,5644,84
2024-09-06,CAMP060,2062,5457,86
2024-09-07,CAMP060,2428,5589,99
2024-09-08,CAMP060,2541,5652,106
2024-09-09,CAMP060,2227,5567,92
2024-09-10,CAMP060,2312,5532,93
2024-09-11,CAMP060,2150,5808,88
2024-09-12,CAMP060,2110,5599,88
2023-10-04,CAMP061,4359,10102,296
2023-10-05,CAMP061,4977,10013,338
2023-10-06,CAMP061,4432,10265,301
2023-10-07,CAMP061,4918,9917,334
2023-10-08,CAMP061,4501,10074,305
2023-10-09,CAMP061,4270,9944,290
2023-10-10,CAMP061,4272,9931,287
2023-10-11,CAMP061,4609,10029,313
2023-10-12,CAMP061,4594,9942,311
2023-10-13,CAMP061,4634,9977,309
2023-10-14,CAMP061,4800,10054,326
2023-10-15,CAMP061,4879,9964,331
2023-10-16,CAMP061,4800,10016,326
2023-10-17,CAMP061,4226,10188,285
2023-10-18,CAMP061,4800,9996,326
2023-10-19,CAMP061,4786,10153,325
2023-10-20,CAMP061,4506,9898,306
2023-10-21,CAMP061,4638,10083,315
2023-10-22,CAMP061,4550,9975,309
2023-10-23,CAMP061,4710,9891,318
2023-10-24,CAMP061,4373,10082,297
2023-10-25,CAMP061,4528,9857,306
2023-10-26,CAMP061,4925,9858,333
2023-10-27,CAMP061,4582,9941,311
2023-10-28,CAMP061,4093,10069,278
2023-10-29,CAMP061,4620,10012,311
2023-10-30,CAMP061,5216,9988,352
2023-10-31,CAMP061,4820,9671,325
2023-11-01,CAMP061,4859,9977,330
2023-11-02,CAMP061,4642,10011,314
2023-11-03,CAMP061,4844,9961,329
2023-11-04,CAMP061,4771,10074,324
2023-11-05,CAMP061,4508,10070,303
2023-11-06,CAMP061,4756,10258,323
2023-11-07,CAMP061,4388,9826,298
2023-11-08,CAMP061,4844,9952,329
2023-11-09,CAMP061,4697,10098,319
2023-11-10,CAMP061,5016,10075,337
2023-11-11,CAMP061,5330,9936,360
2023-11-12,CAMP061,4444,9982,301
2023-11-13,CAMP061,4712,10007,320
2023-11-14,CAMP061,4550,10031,309
2023-11-15,CAMP061,4551,9989,307
2023-11-16,CAMP061,4432,10037,301
2023-11-17,CAMP061,4800,10126,324
2023-11-18,CAMP061,4596,10030,311
2023-11-19,CAMP061,4982,9964,333
2023-11-20,CAMP061,5198,10033,353
2023-11-21,CAMP061,4704,10095,314
2023-11-22,CAMP061,4523,10057,307
2023-11-23,CAMP061,4433,10082,300
2023-11-24,CAMP061,4469,9985,301
2023-11-25,CAMP061,4401,9960,292
2023-11-26,CAMP061,5006,9963,337
2023-11-27,CAMP061,4897,9965,327
2023-11-28,CAMP061,4862,10125,330
2023-11-29,CAMP061,4890,10039,330
2023-11-30,CAMP061,5016,9935,338
2023-12-01,CAMP061,4638,10075,315
2023-12-02,CAMP061,4443,9981,301
2023-12-03,CAMP061,4707,10026,319
2023-12-04,CAMP061,4620,9997,312
2023-12-05,CAMP061,4636,10016,310
2023-12-06,CAMP061,4580,9819,309
2023-12-07,CAMP061,4489,9847,304
2023-12-08,CAMP061,4820,10058,327
2023-12-09,CAMP061,5069,10085,344
2023-12-10,CAMP061,4535,9824,308
2023-12-11,CAMP061,4697,10024,319
2023-12-12,CAMP061,4417,10084,300
2023-12-13,CAMP061,4079,10016,277
2023-12-14,CAMP061,4374,9867,294
2023-12-15,CAMP061,4727,10002,321
2023-12-16,CAMP061,4815,9962,327
2023-12-17,CAMP061,4447,10046,302
2023-12-18,CAMP061,4615,10077,310
2023-12-19,CAMP061,4671,10124,313
2023-12-20,CAMP061,4317,9961,292
2023-12-21,CAMP061,4874,9956,331
2023-12-22,CAMP061,4528,10032,306
2023-12-23,CAMP061,4749,9948,321
2023-12-24,CAMP061,4642,10055,315
2023-12-25,CAMP061,4885,9947,331
2023-12-26,CAMP061,4285,10011,291
2023-12-27,CAMP061,4909,9908,333
2023-12-28,CAMP061,4668,10064,317
2023-12-29,CAMP061,4741,9923,322
2023-12-30,CAMP061,4859,9942,330
2023-12-31,CAMP061,4226,9933,287
2024-01-01,CAMP061,4487,9979,304
2024-01-02,CAMP061,4695,9938,317
2024-01-03,CAMP061,4521,9972,307
2024-01-04,CAMP061,4844,10219,329
2024-01-05,CAMP061,4893,9932,328
2024-01-06,CAMP061,4668,9934,317
2024-01-07,CAMP061,4272,9966,288
2024-01-08,CAMP061,4558,9968,307
2024-01-09,CAMP061,5073,10097,339
2024-01-10,CAMP061,4314,9904,293
2024-01-11,CAMP061,4962,10130,337
2024-01-12,CAMP061,4741,9915,322
2024-01-13,CAMP061,4049,9933,275
2024-01-14,CAMP061,4962,10183,337
2023-06-01,CAMP062,1059,8168,346
2023-06-02,CAMP062,1156,8383,379
2023-06-03,CAMP062,1214,8303,400
2023-06-04,CAMP062,1062,8085,350
2023-06-05,CAMP062,1094,8165,360
2023-06-06,CAMP062,1155,8091,380
2023-06-07,CAMP062,1079,8244,352
2023-06-08,CAMP062,1102,8388,363
2023-06-09,CAMP062,1020,8369,336
2023-06-10,CAMP062,1080,8163,355
2023-06-11,CAMP062,1126,8179,367
2023-06-12,CAMP062,1180,8312,386
2023-06-13,CAMP062,1101,8173,357
2023-06-14,CAMP062,1144,8335,377
2023-06-15,CAMP062,1068,8251,349
2023-06-16,CAMP062,1119,8129,368
2023-06-17,CAMP062,1146,8245,373
2023-06-18,CAMP062,977,8271,322
2023-06-19,CAMP062,1193,8296,391
2023-06-20,CAMP062,1111,8205,364
2023-06-21,CAMP062,1044,8149,344
2023-06-22,CAMP062,1011,8063,333
2023-06-23,CAMP062,1193,8204,393
2023-06-24,CAMP062,968,8331,319
2023-06-25,CAMP062,1105,8224,364
2023-06-26,CAMP062,1159,8351,382
2023-06-27,CAMP062,1060,8253,348
2023-06-28,CAMP062,1105,8307,364
2023-06-29,CAMP062,1276,8381,420
2023-06-30,CAMP062,1083,8198,357
2023-07-01,CAMP062,1095,8246,360
2023-07-02,CAMP062,1105,8240,364
2023-07-03,CAMP062,1023,8001,337
2023-07-04,CAMP062,1008,8154,331
2023-07-05,CAMP062,1117,8217,367
2023-07-06,CAMP062,1100,8188,361
2023-07-07,CAMP062,1066,8162,350
2023-07-08,CAMP062,1035,8086,341
2023-07-09,CAMP062,1132,8071,373
2023-07-10,CAMP062,1159,8222,382
2023-07-11,CAMP062,1057,8345,343
2023-07-12,CAMP062,1064,8248,349
2023-07-13,CAMP062,1099,8164,362
2023-07-14,CAMP062,1165,8210,381
2023-07-15,CAMP062,1148,8168,376
2023-07-16,CAMP062,1050,8226,346
2023-07-17,CAMP062,1123,8040,368
2023-07-18,CAMP062,1061,8354,349
2023-07-19,CAMP062,1074,8192,354
2023-07-20,CAMP062,1016,8008,334
2023-07-21,CAMP062,1112,8303,363
2023-07-22,CAMP062,1108,8302,363
2023-07-23,CAMP062,1074,8249,354
2023-07-24,CAMP062,1171,8163,386
2023-07-25,CAMP062,1132,8384,369
2023-07-26,CAMP062,1240,8317,402
2023-07-27,CAMP062,1132,8207,373
2023-07-28,CAMP062,1158,8320,378
2023-07-29,CAMP062,1090,8127,359
2023-07-30,CAMP062,1134,8431,370
2023-07-31,CAMP062,1008,8224,332
2023-08-01,CAMP062,1079,8229,352
2023-08-02,CAMP062,1119,8235,367
2023-08-03,CAMP062,1056,8157,348
2023-08-04,CAMP062,1005,8125,331
2023-08-05,CAMP062,1165,8281,384
2023-08-06,CAMP062,1068,8178,352
2023-08-07,CAMP062,1029,8136,339
2023-08-08,CAMP062,1071,8333,353
2023-08-09,CAMP062,996,8215,328
2023-08-10,CAMP062,1029,8058,339
2023-08-11,CAMP062,1049,8211,344
2023-08-12,CAMP062,1032,8150,340
2023-08-13,CAMP062,1065,8173,349
2023-08-14,CAMP062,1097,8050,360
2023-08-15,CAMP062,1090,8248,359
2023-08-16,CAMP062,1065,8345,351
2023-08-17,CAMP062,1123,8120,370
2023-08-18,CAMP062,1001,8164,328
2023-08-19,CAMP062,1162,8218,383
2023-08-20,CAMP062,1102,8105,363
2023-08-21,CAMP062,1126,8177,371
2023-08-22,CAMP062,1080,8364,356
2023-08-23,CAMP062,1025,8276,333
2023-08-24,CAMP062,1050,8327,343
2023-08-25,CAMP062,1114,8281,367
2023-08-26,CAMP062,1077,8243,353
2023-08-27,CAMP062,1062,8319,350
2023-08-28,CAMP062,950,8213,313
2023-08-29,CAMP062,1132,8328,373
2023-08-30,CAMP062,1156,8067,381
2023-08-31,CAMP062,1073,8254,350
2023-09-01,CAMP062,1150,8267,379
2023-09-02,CAMP062,1138,8263,371
2023-09-03,CAMP062,968,8211,319
2023-09-04,CAMP062,1128,8308,369
2023-09-05,CAMP062,1048,8097,343
2023-09-06,CAMP062,1175,8243,387
2023-09-07,CAMP062,1092,8143,359
2023-09-08,CAMP062,1010,8125,332
2023-09-09,CAMP062,1047,8173,343
2023-09-10,CAMP062,1059,8227,349
2023-09-11,CAMP062,1005,8246,331
2023-09-12,CAMP062,1126,8332,371
2023-09-13,CAMP062,1161,8218,382
2023-09-14,CAMP062,1108,8206,365
2023-09-15,CAMP062,1026,8115,338
2023-09-16,CAMP062,1008,8171,332
2023-09-17,CAMP062,995,8371,328
2023-09-18,CAMP062,1093,8013,360
2023-09-19,CAMP062,1118,8304,368
2023-09-20,CAMP062,1089,8128,355
2023-09-21,CAMP062,1114,8189,366
2023-09-22,CAMP062,1050,8261,346
2023-09-23,CAMP062,1076,8045,352
2023-09-24,CAMP062,932,8246,307
2023-09-25,CAMP062,1083,8181,357
2023-09-26,CAMP062,932,8140,304
2023-09-27,CAMP062,1029,8246,339
2023-09-28,CAMP062,1168,8300,385
2023-09-29,CAMP062,1114,8236,367
2023-09-30,CAMP062,1052,8186,345
2023-10-01,CAMP062,1091,8125,358
2023-10-02,CAMP062,988,8050,325
2023-10-03,CAMP062,1122,8321,367
2023-10-04,CAMP062,1136,8174,374
2023-10-05,CAMP062,1083,8307,356
2023-10-06,CAMP062,1123,8365,367
2023-10-07,CAMP062,1080,8281,356
2024-05-23,CAMP063,8434,17461,459
2024-05-24,CAMP063,7978,17233,435
2024-05-25,CAMP063,8015,17295,437
2024-05-26,CAMP063,7944,17364,430
2024-05-27,CAMP063,8217,17306,445
2024-05-28,CAMP063,7409,17472,404
2024-05-29,CAMP063,7813,17314,426
2024-05-30,CAMP063,7813,17250,426
2024-05-31,CAMP063,8235,17375,449
2024-06-01,CAMP063,8913,17432,486
2024-06-02,CAMP063,8088,17379,441
2024-06-03,CAMP063,7888,17304,429
2024-06-04,CAMP063,8370,17210,453
2024-06-05,CAMP063,7975,17218,430
2024-06-06,CAMP063,8510,17434,464
2024-06-07,CAMP063,8105,17423,440
2024-06-08,CAMP063,7776,17323,424
2024-06-09,CAMP063,8483,17333,461
2024-06-10,CAMP063,7908,17308,424
2024-06-11,CAMP063,8344,17311,453
2024-06-12,CAMP063,8115,17419,438
2024-06-13,CAMP063,8077,17215,438
2024-06-14,CAMP063,8061,17337,437
2024-06-15,CAMP063,8792,17443,476
2024-06-16,CAMP063,8987,17362,490
2024-06-17,CAMP063,7850,17309,428
2024-06-18,CAMP063,8769,17415,474
2024-06-19,CAMP063,8125,17280,443
2024-06-20,CAMP063,7789,17218,421
2024-06-21,CAMP063,8235,17463,449
2024-06-22,CAMP063,8070,17560,440
2024-06-23,CAMP063,8253,16980,450
2024-06-24,CAMP063,8012,17488,434
2024-06-25,CAMP063,7812,17404,425
2024-06-26,CAMP063,8602,17361,469
2024-06-27,CAMP063,8125,17530,443
2024-06-28,CAMP063,7520,17343,410
2024-06-29,CAMP063,8115,17696,441
2024-06-30,CAMP063,8327,17404,453
2024-07-01,CAMP063,8382,17410,457
2024-07-02,CAMP063,8501,17403,462
2024-07-03,CAMP063,8316,17261,450
2024-07-04,CAMP063,7837,17308,427
2024-07-05,CAMP063,8449,17326,459
2024-07-06,CAMP063,8292,17499,441
2024-07-07,CAMP063,8382,17367,457
2024-07-08,CAMP063,8070,17284,440
2024-07-09,CAMP063,8904,17366,484
2024-07-10,CAMP063,7721,17155,421
2024-07-11,CAMP063,7758,17097,423
2024-07-12,CAMP063,8345,17306,455
2024-07-13,CAMP063,7776,17239,424
2024-07-14,CAMP063,8051,17427,434
2024-07-15,CAMP063,8015,17109,437
2024-07-16,CAMP063,8423,17461,454
2024-07-17,CAMP063,8180,17486,446
2024-07-18,CAMP063,8712,17223,475
2024-07-19,CAMP063,8528,17524,465
2024-07-20,CAMP063,7425,17475,400
2024-07-21,CAMP063,7875,17189,429
2024-07-22,CAMP063,8652,17574,467
2024-07-23,CAMP063,8262,17405,448
2024-07-24,CAMP063,7684,17618,418
2024-07-25,CAMP063,8015,17405,437
2024-07-26,CAMP063,8538,17355,463
2024-07-27,CAMP063,7599,17442,414
2024-07-28,CAMP063,8455,17542,461
2024-07-29,CAMP063,8235,17423,449
2024-07-30,CAMP063,8291,17424,450
2024-07-31,CAMP063,8270,17340,450
2024-08-01,CAMP063,8652,17328,468
2024-08-02,CAMP063,7294,17363,391
2024-08-03,CAMP063,8564,17464,465
2024-08-04,CAMP063,8078,17227,438
2024-08-05,CAMP063,8605,17197,467
2024-08-06,CAMP063,8283,17363,450
2024-08-07,CAMP063,8492,17238,463
2024-08-08,CAMP063,8528,17173,465
2024-08-09,CAMP063,8015,17228,437
2024-08-10,CAMP063,9152,17289,499
2024-08-11,CAMP063,8567,17390,465
2024-08-12,CAMP063,8327,17481,454
2024-08-13,CAMP063,8345,17719,455
2024-08-14,CAMP063,8492,17320,463
2024-08-15,CAMP063,8235,17460,449
2024-08-16,CAMP063,7980,17346,433
2024-08-17,CAMP063,7566,17206,412
2024-08-18,CAMP063,8397,17363,455
2024-08-19,CAMP063,8327,17546,454
2024-08-20,CAMP063,8106,17417,442
2024-08-21,CAMP063,8534,17147,465
2024-08-22,CAMP063,8474,17430,460
2024-08-23,CAMP063,8008,17322,435
2024-08-24,CAMP063,8858,17342,479
2024-08-25,CAMP063,7703,17326,420
2024-08-26,CAMP063,7648,17074,417
2024-08-27,CAMP063,8987,17577,490
2024-08-28,CAMP063,8382,17083,452
2024-08-29,CAMP063,8400,17440,458
2024-08-30,CAMP063,7868,17397,429
2024-08-31,CAMP063,8181,17446,443
2024-09-01,CAMP063,7850,17400,428
2024-09-02,CAMP063,7740,17040,422
2024-09-03,CAMP063,8349,17508,451
2024-09-04,CAMP063,8663,17317,470
2024-09-05,CAMP063,7905,17145,431
2024-09-06,CAMP063,8748,17176,477
2024-09-07,CAMP063,8363,17510,456
2024-09-08,CAMP063,8437,17354,460
2024-09-09,CAMP063,8675,17251,473
2024-09-10,CAMP063,8531,17335,463
2024-09-11,CAMP063,8180,17290,446
2024-09-12,CAMP063,8363,17140,456
2024-09-13,CAMP063,8602,17429,469
2024-09-14,CAMP063,8495,17184,461
2024-09-15,CAMP063,7886,17335,430
2024-09-16,CAMP063,8405,17472,455
2024-09-17,CAMP063,8125,17265,443
2024-09-18,CAMP063,8125,17397,443
2024-09-19,CAMP063,8125,17007,443
2024-09-20,CAMP063,8421,17642,459
2024-09-21,CAMP063,7813,17285,426
2024-09-22,CAMP063,8603,17485,463
2024-09-23,CAMP063,7795,17413,425
2024-09-24,CAMP063,8070,17393,440
2024-09-25,CAMP063,8492,17376,463
2024-09-26,CAMP063,8198,17401,447
2024-09-27,CAMP063,8078,17279,434
2024-09-28,CAMP063,7717,17211,420
2024-09-29,CAMP063,8070,17533,440
2024-09-30,CAMP063,8122,17436,440
2024-10-01,CAMP063,7520,17367,410
2024-10-02,CAMP063,8630,17474,469
2024-10-03,CAMP063,8051,17458,439
2024-10-04,CAMP063,8528,17348,465
2024-10-05,CAMP063,8552,17403,462
2024-10-06,CAMP063,8292,17408,452
2024-10-07,CAMP063,8061,17437,439
2024-10-08,CAMP063,8735,17362,475
2024-10-09,CAMP063,8487,17314,460
2024-10-10,CAMP063,8675,17250,473
2024-10-11,CAMP063,8528,17363,465
2024-10-12,CAMP063,8235,17274,449
2024-10-13,CAMP063,7642,17455,414
2024-10-14,CAMP063,8253,17409,450
2024-10-15,CAMP063,8218,17249,445
2024-10-16,CAMP063,7996,17225,436
2024-10-17,CAMP063,7886,17252,430
2024-10-18,CAMP063,7868,17472,429
2024-05-05,CAMP064,1550,4778,177
2024-05-06,CAMP064,1209,4784,140
2024-05-07,CAMP064,1320,4720,151
2024-05-08,CAMP064,1321,4747,149
2024-05-09,CAMP064,1192,4803,138
2024-05-10,CAMP064,1057,4711,120
2024-05-11,CAMP064,1220,4761,142
2024-05-12,CAMP064,1118,4791,129
2024-05-13,CAMP064,1203,4702,140
2024-05-14,CAMP064,1366,4699,159
2024-05-15,CAMP064,1306,4712,152
2024-05-16,CAMP064,1272,4715,148
2024-05-17,CAMP064,1296,4891,149
2024-05-18,CAMP064,1306,4925,152
2024-05-19,CAMP064,1222,4737,141
2024-05-20,CAMP064,1040,4708,121
2024-05-21,CAMP064,1441,4764,167
2024-05-22,CAMP064,1463,4796,164
2024-05-23,CAMP064,1158,4760,133
2024-05-24,CAMP064,1229,4630,143
2024-05-25,CAMP064,1125,4730,129
2024-05-26,CAMP064,1429,4793,166
2024-05-27,CAMP064,1306,4787,152
2024-05-28,CAMP064,1203,4808,140
2024-05-29,CAMP064,1284,4843,149
2024-05-30,CAMP064,1366,4678,159
2024-05-31,CAMP064,1220,4751,139
2024-06-01,CAMP064,1177,4662,135
2024-06-02,CAMP064,1138,4728,131
2024-06-03,CAMP064,1135,4775,130
2024-06-04,CAMP064,1242,4763,141
2024-06-05,CAMP064,1108,4707,129
2024-06-06,CAMP064,1172,4691,136
2024-06-07,CAMP064,1148,4665,132
2024-06-08,CAMP064,1306,4716,150
2024-06-09,CAMP064,1194,4792,139
2024-06-10,CAMP064,1186,4846,138
2024-06-11,CAMP064,1297,4731,149
2024-06-12,CAMP064,1226,4855,141
2024-06-13,CAMP064,1214,4805,136
2024-06-14,CAMP064,1289,4742,150
2024-06-15,CAMP064,1117,4636,130
2024-06-16,CAMP064,1177,4697,137
2024-06-17,CAMP064,1201,4773,139
2024-06-18,CAMP064,1169,4679,136
2024-06-19,CAMP064,1169,4801,136
2024-06-20,CAMP064,1166,4860,135
2024-06-21,CAMP064,1108,4740,129
2024-06-22,CAMP064,1315,4783,153
2024-06-23,CAMP064,1272,4805,148
2024-06-24,CAMP064,1319,4745,153
2024-06-25,CAMP064,1101,4760,126
2024-06-26,CAMP064,1061,4680,120
2024-06-27,CAMP064,1392,4655,162
2024-06-28,CAMP064,1297,4787,151
2024-06-29,CAMP064,1128,4780,128
2024-06-30,CAMP064,1074,4719,125
2024-07-01,CAMP064,1340,4761,152
2024-07-02,CAMP064,1283,4842,145
2024-07-03,CAMP064,1177,4729,137
2024-07-04,CAMP064,1100,4680,128
2024-07-05,CAMP064,1222,4672,142
2024-07-06,CAMP064,1263,4744,147
2024-07-07,CAMP064,1169,4753,136
2024-07-08,CAMP064,1272,4714,148
2024-07-09,CAMP064,1283,4716,144
2024-07-10,CAMP064,1203,4760,140
2024-07-11,CAMP064,1160,4753,135
2024-07-12,CAMP064,1229,4796,143
2024-07-13,CAMP064,1182,4722,137
2024-07-14,CAMP064,1220,4806,142
2024-07-15,CAMP064,1237,4759,144
2024-07-16,CAMP064,1108,4773,129
2024-07-17,CAMP064,1194,4752,139
2024-07-18,CAMP064,1162,4801,134
2024-07-19,CAMP064,1169,4748,136
2024-07-20,CAMP064,1186,4658,138
2024-07-21,CAMP064,1210,4860,139
2024-07-22,CAMP064,1297,4716,151
2024-07-23,CAMP064,1315,4792,153
2024-07-24,CAMP064,1138,4749,131
2024-07-25,CAMP064,1208,4761,138
2024-07-26,CAMP064,1435,4743,167
2023-09-22,CAMP065,1146,12574,328
2023-09-23,CAMP065,1167,12557,334
2023-09-24,CAMP065,1161,12609,329
2023-09-25,CAMP065,1142,12634,327
2023-09-26,CAMP065,1185,12529,335
2023-09-27,CAMP065,1221,12666,343
2023-09-28,CAMP065,1146,12730,328
2023-09-29,CAMP065,1278,12767,365
2023-09-30,CAMP065,1204,12581,342
2023-10-01,CAMP065,1017,12506,291
2023-10-02,CAMP065,978,12430,280
2023-10-03,CAMP065,1189,12539,340
2023-10-04,CAMP065,1125,12507,322
2023-10-05,CAMP065,1067,12504,305
2023-10-06,CAMP065,1132,12573,324
2023-10-07,CAMP065,1153,12636,330
2023-10-08,CAMP065,1195,12607,342
2023-10-09,CAMP065,1148,12594,328
2023-10-10,CAMP065,1146,12572,325
2023-10-11,CAMP065,1043,12430,298
2023-10-12,CAMP065,1127,12580,321
2023-10-13,CAMP065,1135,12484,325
2023-10-14,CAMP065,1128,12584,318
2023-10-15,CAMP065,1179,12485,334
2023-10-16,CAMP065,1157,12592,326
2023-10-17,CAMP065,1234,12481,353
2023-10-18,CAMP065,1195,12573,342
2023-10-19,CAMP065,1096,12410,312
2023-10-20,CAMP065,1212,12753,347
2023-10-21,CAMP065,1247,12654,357
2023-10-22,CAMP065,1149,12614,329
2023-10-23,CAMP065,1139,12597,326
2023-10-24,CAMP065,1156,12661,331
2023-10-25,CAMP065,1253,12631,356
2023-10-26,CAMP065,1181,12501,338
2023-10-27,CAMP065,1140,12581,326
2023-10-28,CAMP065,1104,12436,316
2023-10-29,CAMP065,1093,12468,313
2023-10-30,CAMP065,1118,12487,318
2023-10-31,CAMP065,1283,12554,367
2023-11-01,CAMP065,1165,12720,328
2023-11-02,CAMP065,1130,12761,318
2023-11-03,CAMP065,1093,12440,313
2023-11-04,CAMP065,1198,12666,343
2023-11-05,CAMP065,1153,12526,330
2023-11-06,CAMP065,1149,12689,326
2023-11-07,CAMP065,1170,12607,335
2023-11-08,CAMP065,1231,12664,347
2023-11-09,CAMP065,1235,12490,353
2023-11-10,CAMP065,1177,12906,337
2023-11-11,CAMP065,1177,12623,337
2023-11-12,CAMP065,1131,12637,323
2023-11-13,CAMP065,1060,12633,300
2023-11-14,CAMP065,1125,12663,322
2023-11-15,CAMP065,1245,12418,356
2023-11-16,CAMP065,1150,12727,327
2023-11-17,CAMP065,1100,12470,315
2023-11-18,CAMP065,1231,12661,352
2023-11-19,CAMP065,1170,12578,332
2023-11-20,CAMP065,1288,12437,367
2023-11-21,CAMP065,1151,12441,327
2023-11-22,CAMP065,1188,12507,340
2023-11-23,CAMP065,1195,12664,342
2023-11-24,CAMP065,1072,12546,307
2023-11-25,CAMP065,1177,12668,337
2023-11-26,CAMP065,1134,12486,323
2023-11-27,CAMP065,1156,12382,331
2023-11-28,CAMP065,1184,12530,339
2023-11-29,CAMP065,1247,12406,357
2023-11-30,CAMP065,1062,12473,303
2023-12-01,CAMP065,1128,12492,323
2023-12-02,CAMP065,1217,12519,345
2023-12-03,CAMP065,1030,12530,293
2023-12-04,CAMP065,1167,12580,333
2023-12-05,CAMP065,1153,12447,330
2023-12-06,CAMP065,1167,12666,329
2023-12-07,CAMP065,1276,12555,364
2023-12-08,CAMP065,1174,12759,333
2023-12-09,CAMP065,1148,12843,327
2023-12-10,CAMP065,1153,12585,330
2023-12-11,CAMP065,1212,12585,347
2023-12-12,CAMP065,1097,12536,314
2023-12-13,CAMP065,1116,12473,317
2023-12-14,CAMP065,1221,12675,348
2023-12-15,CAMP065,1198,12690,343
2023-12-16,CAMP065,1163,12618,331
2023-12-17,CAMP065,1205,12545,345
2023-12-18,CAMP065,1066,12699,305
2023-12-19,CAMP065,1187,12714,336
2023-12-20,CAMP065,1223,12572,350
2023-12-21,CAMP065,1216,12544,348
2023-12-22,CAMP065,1146,12636,328
2023-12-23,CAMP065,1090,12787,310
2023-12-24,CAMP065,1163,12651,333
2023-12-25,CAMP065,1188,12387,340
2023-12-26,CAMP065,1160,12568,332
2023-12-27,CAMP065,1160,12551,332
2023-12-28,CAMP065,1205,12789,345
2023-12-29,CAMP065,1226,12573,351
2023-12-30,CAMP065,1125,12580,320
2023-12-31,CAMP065,1136,12550,323
2024-01-01,CAMP065,1146,12670,328
2024-01-02,CAMP065,1202,12575,344
2024-01-03,CAMP065,1251,12527,358
2024-01-04,CAMP065,1251,12405,358
2024-01-05,CAMP065,1307,12522,374
2024-01-06,CAMP065,1107,12497,317
2024-01-07,CAMP065,1121,12519,321
2024-01-08,CAMP065,1191,12514,341
2024-01-09,CAMP065,1248,12521,355
2024-01-10,CAMP065,1119,12590,319
2024-01-11,CAMP065,1202,12668,344
2024-01-12,CAMP065,1146,12728,328
2024-01-13,CAMP065,1056,12700,302
2024-01-14,CAMP065,1193,12675,337
2024-01-15,CAMP065,1222,12538,346
2024-01-16,CAMP065,1136,12407,321
2024-01-17,CAMP065,1128,12640,323
2024-01-18,CAMP065,1227,12610,348
2024-01-19,CAMP065,1202,12399,344
2024-01-20,CAMP065,1376,12828,394
2024-01-21,CAMP065,1099,12603,308
2024-01-22,CAMP065,1149,12447,329
2024-01-23,CAMP065,1348,12750,382
2024-01-24,CAMP065,1209,12698,346
2024-01-25,CAMP065,1223,12780,350
2024-01-26,CAMP065,1246,12558,351
2024-01-27,CAMP065,1184,12558,339
2024-01-28,CAMP065,1328,12763,380
2024-01-29,CAMP065,1172,12756,334
2024-01-30,CAMP065,1132,12556,324
2024-01-31,CAMP065,1104,12669,316
2024-02-01,CAMP065,1045,12558,299
2024-02-02,CAMP065,1249,12673,351
2024-02-03,CAMP065,1212,12611,347
2024-02-04,CAMP065,1191,12474,341
2024-02-05,CAMP065,1300,12580,372
2024-02-06,CAMP065,1156,12522,331
2024-02-07,CAMP065,1010,12385,287
2024-02-08,CAMP065,1184,12342,339
2024-02-09,CAMP065,1069,12411,306
2024-02-10,CAMP065,1212,12757,347
2024-02-11,CAMP065,1338,12809,383
2024-02-12,CAMP065,1296,12579,370
2024-02-13,CAMP065,1121,12708,321
2024-02-14,CAMP065,1111,12506,318
2024-02-15,CAMP065,1199,12484,341
2024-02-16,CAMP065,1170,12396,332
2024-02-17,CAMP065,1205,12509,345
2024-02-18,CAMP065,1258,12486,360
2024-02-19,CAMP065,1348,12571,380
2024-02-20,CAMP065,1197,12738,340
2024-02-21,CAMP065,1230,12648,352
2023-01-14,CAMP066,10998,13047,641
2023-01-15,CAMP066,10428,13277,610
2023-01-16,CAMP066,11239,13272,656
2023-01-17,CAMP066,10582,13281,619
2023-01-18,CAMP066,11020,13197,638
2023-01-19,CAMP066,11301,13387,658
2023-01-20,CAMP066,11365,13194,664
2023-01-21,CAMP066,10552,13213,616
2023-01-22,CAMP066,10527,13219,609
2023-01-23,CAMP066,10378,13246,606
2023-01-24,CAMP066,10371,13299,606
2023-01-25,CAMP066,10462,13383,612
2023-01-26,CAMP066,12256,13532,714
2023-01-27,CAMP066,10445,12996,611
2023-01-28,CAMP066,10599,13065,620
2023-01-29,CAMP066,11006,13233,637
2023-01-30,CAMP066,10702,13292,626
2023-01-31,CAMP066,10805,13344,629
2023-02-01,CAMP066,10719,13204,627
2023-02-02,CAMP066,10873,13184,636
2023-02-03,CAMP066,10377,13156,607
2023-02-04,CAMP066,10633,13351,622
2023-02-05,CAMP066,10668,13074,624
2023-02-06,CAMP066,10172,13239,595
2023-02-07,CAMP066,11027,13363,645
2023-02-08,CAMP066,10155,13127,594
2023-02-09,CAMP066,10585,13361,616
2023-02-10,CAMP066,9783,13219,570
2023-02-11,CAMP066,10497,13344,614
2023-02-12,CAMP066,10719,13278,627
2023-02-13,CAMP066,10599,13221,620
2023-02-14,CAMP066,11681,13313,680
2023-02-15,CAMP066,10103,13108,591
2023-02-16,CAMP066,10831,13296,632
2023-02-17,CAMP066,9848,13014,574
2023-02-18,CAMP066,11129,13167,651
2023-02-19,CAMP066,10668,13242,624
2023-02-20,CAMP066,10649,13078,622
2023-02-21,CAMP066,11027,13007,645
2023-02-22,CAMP066,11129,13018,651
2023-02-23,CAMP066,10890,13195,637
2023-02-24,CAMP066,11406,13144,666
2023-02-25,CAMP066,10343,13338,605
2023-02-26,CAMP066,11745,13259,687
2023-02-27,CAMP066,10394,13418,608
2023-02-28,CAMP066,10770,13148,630
2023-03-01,CAMP066,10888,13224,634
2023-03-02,CAMP066,11130,13211,650
2023-03-03,CAMP066,10511,13327,611
2023-03-04,CAMP066,11044,13428,646
2023-03-05,CAMP066,11180,13107,654
2023-03-06,CAMP066,10909,13184,633
2023-03-07,CAMP066,10687,13429,624
2023-03-08,CAMP066,11009,13179,644
2023-03-09,CAMP066,10966,13189,639
2023-03-10,CAMP066,11135,13286,650
2023-03-11,CAMP066,10875,13317,635
2023-03-12,CAMP066,11274,13237,658
2023-03-13,CAMP066,10575,13130,616
2023-03-14,CAMP066,10374,13226,605
2023-03-15,CAMP066,10510,13127,614
2023-03-16,CAMP066,9924,13253,579
2023-03-17,CAMP066,9980,12984,583
2023-03-18,CAMP066,10792,13186,631
2023-03-19,CAMP066,11045,13344,646
2023-03-20,CAMP066,10069,13125,589
2023-03-21,CAMP066,11463,13306,670
2023-03-22,CAMP066,10481,13269,611
2023-03-23,CAMP066,10206,13306,597
2023-03-24,CAMP066,10702,13228,626
2023-03-25,CAMP066,10908,13235,633
2023-11-13,CAMP067,3040,10218,455
2023-11-14,CAMP067,3182,10290,477
2023-11-15,CAMP067,3011,10232,451
2023-11-16,CAMP067,2796,10009,420
2023-11-17,CAMP067,2789,10113,419
2023-11-18,CAMP067,2975,10121,446
2023-11-19,CAMP067,2616,10181,393
2023-11-20,CAMP067,3116,10102,466
2023-11-21,CAMP067,3089,10120,463
2023-11-22,CAMP067,2904,10134,436
2023-11-23,CAMP067,3222,10186,484
2023-11-24,CAMP067,3134,10302,468
2023-11-25,CAMP067,3102,10321,466
2023-11-26,CAMP067,2962,10240,445
2023-11-27,CAMP067,2789,10206,416
2023-11-28,CAMP067,3106,10229,461
2023-11-29,CAMP067,2961,10218,442
2023-11-30,CAMP067,2943,10252,441
2023-12-01,CAMP067,2942,10346,442
2023-12-02,CAMP067,3109,10420,467
2023-12-03,CAMP067,3044,10164,455
2023-12-04,CAMP067,3079,10270,460
2023-12-05,CAMP067,2952,10079,443
2023-12-06,CAMP067,2743,10196,409
2023-12-07,CAMP067,2806,10115,416
2023-12-08,CAMP067,3018,10224,453
2023-12-09,CAMP067,2923,10230,437
2023-12-10,CAMP067,2841,10234,425
2023-12-11,CAMP067,2876,10181,430
2023-12-12,CAMP067,3102,10456,462
2023-12-13,CAMP067,2869,10240,431
2023-12-14,CAMP067,3248,10160,488
2023-12-15,CAMP067,2942,10175,442
2023-12-16,CAMP067,3002,10323,451
2023-12-17,CAMP067,3222,10274,484
2023-12-18,CAMP067,2898,10233,433
2023-12-19,CAMP067,2914,10126,435
2023-12-20,CAMP067,2896,10251,435
2023-12-21,CAMP067,2962,10297,445
2023-12-22,CAMP067,2696,10245,405
2023-12-23,CAMP067,2776,10230,417
2023-12-24,CAMP067,2942,10223,442
2023-12-25,CAMP067,3002,10137,451
2023-12-26,CAMP067,2997,10207,450
2023-12-27,CAMP067,2767,10430,413
2023-12-28,CAMP067,2776,10397,417
2023-12-29,CAMP067,3060,10181,458
2023-12-30,CAMP067,3009,10359,452
2023-12-31,CAMP067,3052,10235,457
2024-01-01,CAMP067,2829,10334,425
2024-01-02,CAMP067,2691,10135,404
2024-01-03,CAMP067,2656,10152,399
2024-01-04,CAMP067,2909,10173,437
2024-01-05,CAMP067,3262,10150,490
2024-01-06,CAMP067,2882,10165,433
2024-01-07,CAMP067,2865,10140,430
2024-01-08,CAMP067,2703,10201,406
2024-01-09,CAMP067,3022,10257,454
2024-01-10,CAMP067,3071,10187,458
2024-01-11,CAMP067,2699,10186,404
2024-01-12,CAMP067,2903,10173,435
2024-01-13,CAMP067,3081,10148,461
2024-01-14,CAMP067,2447,10143,367
2024-01-15,CAMP067,3004,10235,448
2024-01-16,CAMP067,2932,10219,439
2024-01-17,CAMP067,2995,10214,450
2024-01-18,CAMP067,2869,9960,431
2024-01-19,CAMP067,2782,10320,416
2024-01-20,CAMP067,2949,10290,443
2024-01-21,CAMP067,3016,10187,453
2024-01-22,CAMP067,2742,10102,412
2024-01-23,CAMP067,2842,10180,427
2024-01-24,CAMP067,3109,10248,467
2024-01-25,CAMP067,2898,10257,434
2024-01-26,CAMP067,2770,10126,413
2024-01-27,CAMP067,2885,10107,428
2024-01-28,CAMP067,2718,10153,407
2024-01-29,CAMP067,3009,10111,450
2024-01-30,CAMP067,2821,10032,421
2024-01-31,CAMP067,2856,10216,429
2024-02-01,CAMP067,2936,10151,441
2024-02-02,CAMP067,2938,10241,439
2024-02-03,CAMP067,2944,10117,441
2024-02-04,CAMP067,2723,10106,409
2024-02-05,CAMP067,3070,10091,459
2024-02-06,CAMP067,2949,10141,443
2024-02-07,CAMP067,3009,10279,452
2024-02-08,CAMP067,3142,10185,471
2024-02-09,CAMP067,2996,10304,449
2024-02-10,CAMP067,2863,10032,428
2024-02-11,CAMP067,2990,10177,441
2024-02-12,CAMP067,2676,10185,402
2024-02-13,CAMP067,3225,10254,482
2024-02-14,CAMP067,2709,10097,407
2024-02-15,CAMP067,3095,10155,465
2024-02-16,CAMP067,2643,10186,397
2024-02-17,CAMP067,2807,10235,417
2024-02-18,CAMP067,3002,10340,451
2024-02-19,CAMP067,2969,10154,446
2024-02-20,CAMP067,3242,10442,487
2024-02-21,CAMP067,3261,10129,486
2024-02-22,CAMP067,3025,10263,454
2024-02-23,CAMP067,2945,10209,439
2024-02-24,CAMP067,3095,10238,465
2024-02-25,CAMP067,2862,10122,430
2024-02-26,CAMP067,2829,10250,425
2024-02-27,CAMP067,3091,10463,461
2024-02-28,CAMP067,2962,10176,445
2024-02-29,CAMP067,2940,10009,440
2024-03-01,CAMP067,2931,10164,437
2024-03-02,CAMP067,3035,10248,456
2024-03-03,CAMP067,2731,10126,406
2024-03-04,CAMP067,3241,10407,486
2024-03-05,CAMP067,2954,10361,443
2024-03-06,CAMP067,2877,10111,432
2024-03-07,CAMP067,2822,10168,421
2024-03-08,CAMP067,2955,10143,444
2024-03-09,CAMP067,2841,10250,424
2024-03-10,CAMP067,2933,10294,440
2024-03-11,CAMP067,3113,10183,466
2024-03-12,CAMP067,2769,10121,416
2024-03-13,CAMP067,2934,10091,437
2024-03-14,CAMP067,3249,10287,486
2024-03-15,CAMP067,2982,10364,448
2024-03-16,CAMP067,2804,10267,421
2024-03-17,CAMP067,2789,10211,419
2024-03-18,CAMP067,2738,10193,410
2024-03-19,CAMP067,2786,10303,416
2024-03-20,CAMP067,2916,10253,438
2024-03-21,CAMP067,2819,10243,422
2024-03-22,CAMP067,2937,10257,438
2024-03-23,CAMP067,2826,10198,423
2024-03-24,CAMP067,2749,10345,413
2024-03-25,CAMP067,2971,10146,444
2024-03-26,CAMP067,2929,10047,440
2024-03-27,CAMP067,2969,10300,446
2024-03-28,CAMP067,2849,10208,428
2024-03-29,CAMP067,2955,10247,444
2024-03-30,CAMP067,3162,10369,474
2024-03-31,CAMP067,2981,10101,447
2024-04-01,CAMP067,3004,10235,450
2024-04-02,CAMP067,2633,10339,393
2024-04-03,CAMP067,2896,10197,435
2024-04-04,CAMP067,3043,10208,457
2024-04-05,CAMP067,2916,10024,438
2024-04-06,CAMP067,2982,10243,448
2024-04-07,CAMP067,3009,10208,452
2024-04-08,CAMP067,2695,10302,402
2024-04-09,CAMP067,2796,10269,419
2024-04-10,CAMP067,2842,10238,427
2024-04-11,CAMP067,3029,10336,455
2024-04-12,CAMP067,3002,10222,451
2024-04-13,CAMP067,2896,10284,435
2024-04-14,CAMP067,2569,10102,383
2024-04-15,CAMP067,2996,10284,449
2024-04-16,CAMP067,3026,10216,450
2024-04-17,CAMP067,2982,10281,448
2024-04-18,CAMP067,3055,10218,459
2024-04-19,CAMP067,3182,10122,478
2024-04-20,CAMP067,2836,10130,426
2024-04-21,CAMP067,2802,10330,421
2024-04-22,CAMP067,3208,10119,482
2024-04-23,CAMP067,2969,10189,446
2024-04-24,CAMP067,3133,10253,470
2024-04-25,CAMP067,2769,10012,416
2024-04-26,CAMP067,2957,10208,439
2024-04-27,CAMP067,3049,10327,458
2024-04-28,CAMP067,3171,10108,473
2024-04-29,CAMP067,3056,10336,454
2024-04-30,CAMP067,3129,9825,470
2024-05-01,CAMP067,3141,10243,468
2024-05-02,CAMP067,2867,10168,429
2024-05-03,CAMP067,3142,10211,472
2024-05-04,CAMP067,2776,10319,417
2024-05-05,CAMP067,2896,10030,435
2024-05-06,CAMP067,2822,10093,424
2024-05-07,CAMP067,3135,10228,470
2024-05-08,CAMP067,2836,10090,426
2023-10-22,CAMP068,1729,6731,121
2023-10-23,CAMP068,1800,6799,126
2023-10-24,CAMP068,1568,6886,109
2023-10-25,CAMP068,1872,6719,131
2023-10-26,CAMP068,1641,6780,113
2023-10-27,CAMP068,1643,6703,115
2023-10-28,CAMP068,1691,6773,115
2023-10-29,CAMP068,1605,6788,109
2023-10-30,CAMP068,1715,6667,120
2023-10-31,CAMP068,1600,6773,112
2023-11-01,CAMP068,1740,6665,116
2023-11-02,CAMP068,1648,6742,113
2023-11-03,CAMP068,1629,6808,114
2023-11-04,CAMP068,1515,6678,106
2023-11-05,CAMP068,1472,6737,103
2023-11-06,CAMP068,1647,6703,113
2023-11-07,CAMP068,1443,6803,101
2023-11-08,CAMP068,1491,6680,103
2023-11-09,CAMP068,1715,6785,120
2023-11-10,CAMP068,1557,6762,109
2023-11-11,CAMP068,1733,6770,121
2023-11-12,CAMP068,1615,6759,113
2023-11-13,CAMP068,1894,6706,129
2023-11-14,CAMP068,1841,6907,128
2023-11-15,CAMP068,1986,6740,137
2023-11-16,CAMP068,1900,6797,133
2023-11-17,CAMP068,1719,6703,118
2023-11-18,CAMP068,1729,6753,121
2023-11-19,CAMP068,1540,6961,105
2023-11-20,CAMP068,1751,6958,122
2023-11-21,CAMP068,1684,6765,115
2023-11-22,CAMP068,1624,6820,109
2023-11-23,CAMP068,1764,6731,120
2023-11-24,CAMP068,1700,6680,119
2023-11-25,CAMP068,1486,6736,104
2023-11-26,CAMP068,1655,6639,115
2023-11-27,CAMP068,1654,6808,115
2023-11-28,CAMP068,1615,6728,112
2023-11-29,CAMP068,1686,6887,118
2023-11-30,CAMP068,1643,6749,115
2023-12-01,CAMP068,1673,6860,117
2023-12-02,CAMP068,1651,6669,111
2023-12-03,CAMP068,1472,6711,103
2023-12-04,CAMP068,1845,6733,128
2023-12-05,CAMP068,1890,6816,131
2023-12-06,CAMP068,1729,6632,121
2023-12-07,CAMP068,1515,6760,106
2023-12-08,CAMP068,1838,6852,127
2023-12-09,CAMP068,1543,6721,108
2023-12-10,CAMP068,1715,6838,120
2023-12-11,CAMP068,1543,6650,108
2023-12-12,CAMP068,1615,6810,113
2023-12-13,CAMP068,1726,6732,118
2023-12-14,CAMP068,1400,6779,98
2023-12-15,CAMP068,1829,6819,128
2023-12-16,CAMP068,1586,6761,111
2023-12-17,CAMP068,1657,6772,116
2023-12-18,CAMP068,1672,6846,117
2023-12-19,CAMP068,1715,6636,120
2023-12-20,CAMP068,1548,6830,108
2023-12-21,CAMP068,1572,6887,110
2023-12-22,CAMP068,1700,6872,119
2023-12-23,CAMP068,1513,6750,101
2023-12-24,CAMP068,1600,6693,112
2023-12-25,CAMP068,1624,6724,113
2023-12-26,CAMP068,1515,6778,106
2023-12-27,CAMP068,1688,6782,116
2023-12-28,CAMP068,1829,6866,128
2023-12-29,CAMP068,1600,6801,112
2023-12-30,CAMP068,1858,6733,129
2023-12-31,CAMP068,1500,6747,105
2024-01-01,CAMP068,1752,6760,119
2024-01-02,CAMP068,1815,6886,127
2024-01-03,CAMP068,1613,6823,106
2024-01-04,CAMP068,2104,6849,146
2024-01-05,CAMP068,1672,6863,117
2024-01-06,CAMP068,1643,6646,115
2024-01-07,CAMP068,2057,6762,144
2024-01-08,CAMP068,1500,6680,105
2024-01-09,CAMP068,1586,6823,111
2024-01-10,CAMP068,1757,6786,123
2024-01-11,CAMP068,1601,6617,111
2024-01-12,CAMP068,1286,6665,90
2024-01-13,CAMP068,1553,6693,107
2024-01-14,CAMP068,1557,6803,109
2024-01-15,CAMP068,1776,6779,124
2024-01-16,CAMP068,1629,6649,114
2024-01-17,CAMP068,1618,6659,110
2024-01-18,CAMP068,1786,6758,125
2024-01-19,CAMP068,1625,6831,113
2024-01-20,CAMP068,1602,6613,107
2024-01-21,CAMP068,1451,6595,101
2024-01-22,CAMP068,1343,6654,94
2024-01-23,CAMP068,1757,6799,123
2024-01-24,CAMP068,1643,6709,115
2024-01-25,CAMP068,2071,6867,143
2024-01-26,CAMP068,1636,6787,109
2024-01-27,CAMP068,1876,6800,126
2024-01-28,CAMP068,1500,6804,105
2024-01-29,CAMP068,1630,6754,114
2024-01-30,CAMP068,1734,6719,118
2023-03-20,CAMP069,6747,7917,286
2023-03-21,CAMP069,7516,7992,315
2023-03-22,CAMP069,6920,7978,289
2023-03-23,CAMP069,6595,8010,280
2023-03-24,CAMP069,7302,8013,310
2023-03-25,CAMP069,6548,7896,278
2023-03-26,CAMP069,6858,7925,290
2023-03-27,CAMP069,7437,7978,308
2023-03-28,CAMP069,6690,8129,284
2023-03-29,CAMP069,6595,7954,280
2023-03-30,CAMP069,6768,8046,285
2023-03-31,CAMP069,7090,8104,301
2023-04-01,CAMP069,6430,8066,273
2023-04-02,CAMP069,6818,8100,286
2023-04-03,CAMP069,7147,7968,299
2023-04-04,CAMP069,7069,8042,295
2023-04-05,CAMP069,6961,8136,292
2023-04-06,CAMP069,7302,8130,310
2023-04-07,CAMP069,6949,8112,295
2023-04-08,CAMP069,6029,7961,252
2023-04-09,CAMP069,6713,7908,285
2023-04-10,CAMP069,6815,8015,287
2023-04-11,CAMP069,6666,8057,283
2023-04-12,CAMP069,6292,8033,264
2023-04-13,CAMP069,7334,7930,309
2023-04-14,CAMP069,6148,7897,261
2023-04-15,CAMP069,5936,7834,252
2023-04-16,CAMP069,7113,8110,302
2023-04-17,CAMP069,7647,8023,322
2023-04-18,CAMP069,6360,7970,270
2023-04-19,CAMP069,7561,8056,321
2023-04-20,CAMP069,7302,8164,310
2023-04-21,CAMP069,6518,8309,276
2023-04-22,CAMP069,6454,8124,274
2023-04-23,CAMP069,6337,8083,265
2023-04-24,CAMP069,6656,7816,279
2023-04-25,CAMP069,6996,8097,297
2023-04-26,CAMP069,6815,7987,289
2023-04-27,CAMP069,7231,8005,307
2023-04-28,CAMP069,6572,7933,279
2023-04-29,CAMP069,7043,8000,299
2023-04-30,CAMP069,7349,8027,312
2023-05-01,CAMP069,7409,7964,314
2023-05-02,CAMP069,7035,8059,298
2023-05-03,CAMP069,6642,8054,282
2023-05-04,CAMP069,6901,8091,293
2023-05-05,CAMP069,6277,7990,265
2023-05-06,CAMP069,6737,7986,286
2023-05-07,CAMP069,7550,7952,316
2023-05-08,CAMP069,6854,8059,291
2023-05-09,CAMP069,6666,8080,283
2023-05-10,CAMP069,6760,8092,285
2023-05-11,CAMP069,6690,8094,284
2023-05-12,CAMP069,6362,8157,267
2023-05-13,CAMP069,6399,8084,269
2023-05-14,CAMP069,7066,8014,299
2023-05-15,CAMP069,6713,8005,285
2023-05-16,CAMP069,6713,7982,285
2023-05-17,CAMP069,6784,8086,288
2023-05-18,CAMP069,6475,8012,274
2023-05-19,CAMP069,6801,8104,288
2023-05-20,CAMP069,6478,8064,275
2023-05-21,CAMP069,6595,8087,280
2023-05-22,CAMP069,6972,8040,296
2023-05-23,CAMP069,6313,8043,268
2023-05-24,CAMP069,5889,8135,250
2023-05-25,CAMP069,6383,7993,271
2023-05-26,CAMP069,6832,8108,290
2023-05-27,CAMP069,6737,8122,286
2023-05-28,CAMP069,7197,8001,300
2023-05-29,CAMP069,6721,7973,282
2023-05-30,CAMP069,6738,7995,285
2023-05-31,CAMP069,6784,8090,288
2023-06-01,CAMP069,6868,8134,290
2023-06-02,CAMP069,6713,7956,285
2023-06-03,CAMP069,6128,7825,257
2023-06-04,CAMP069,6369,7984,270
2023-06-05,CAMP069,7349,7972,312
2023-06-06,CAMP069,6548,8080,278
2023-06-07,CAMP069,6430,8064,273
2023-06-08,CAMP069,6874,8111,291
2023-06-09,CAMP069,6171,7997,262
2023-06-10,CAMP069,7019,7892,298
2023-06-11,CAMP069,7247,8087,305
2023-06-12,CAMP069,7335,7814,307
2023-06-13,CAMP069,6642,8109,282
2023-06-14,CAMP069,7043,8146,299
2023-06-15,CAMP069,6809,8075,289
2023-06-16,CAMP069,7321,7878,309
2023-06-17,CAMP069,6760,7971,287
2023-06-18,CAMP069,6331,7985,265
2023-06-19,CAMP069,7537,7958,320
2023-06-20,CAMP069,7627,8194,319
2023-06-21,CAMP069,7373,8015,313
2023-06-22,CAMP069,6820,8035,289
2023-06-23,CAMP069,6548,8082,278
2023-06-24,CAMP069,6435,8056,271
2023-06-25,CAMP069,6309,8036,267
2023-06-26,CAMP069,7349,8187,312
2023-06-27,CAMP069,6498,8256,274
2023-06-28,CAMP069,7255,8069,308
2023-06-29,CAMP069,6569,7910,274
2023-06-30,CAMP069,6682,8121,282
2023-07-01,CAMP069,7020,8150,298
2023-07-02,CAMP069,6619,8050,281
2023-07-03,CAMP069,8138,7886,340
2023-07-04,CAMP069,7215,8158,306
2023-07-05,CAMP069,6559,8112,277
2023-07-06,CAMP069,7278,8115,309
2023-07-07,CAMP069,6956,8056,293
2023-07-08,CAMP069,6768,8140,287
2023-07-09,CAMP069,7184,8225,305
2023-07-10,CAMP069,6501,7995,276
2023-07-11,CAMP069,6529,7983,274
2023-07-12,CAMP069,6573,8020,279
2023-07-13,CAMP069,6994,8123,295
2023-07-14,CAMP069,6907,8026,291
2023-07-15,CAMP069,7364,8182,308
2023-07-16,CAMP069,7116,8135,298
2023-07-17,CAMP069,6501,7990,276
2023-07-18,CAMP069,6807,8258,289
2023-07-19,CAMP069,6737,8004,286
2023-07-20,CAMP069,5725,8061,243
2023-07-21,CAMP069,6663,8040,282
2023-07-22,CAMP069,6854,7974,291
2023-07-23,CAMP069,6195,8000,263
2023-07-24,CAMP069,7704,8056,327
2023-07-25,CAMP069,6972,8016,296
2023-07-26,CAMP069,6676,7978,283
2023-07-27,CAMP069,6572,8091,279
2023-07-28,CAMP069,6713,7969,285
2023-07-29,CAMP069,6932,8107,288
2023-07-30,CAMP069,6572,8068,279
2023-07-31,CAMP069,6784,7937,288
2023-08-01,CAMP069,6195,8002,263
2023-08-02,CAMP069,7171,8113,300
2023-08-03,CAMP069,7184,8108,305
2023-08-04,CAMP069,6940,8174,289
2023-12-03,CAMP070,6751,10228,314
2023-12-04,CAMP070,7848,10301,365
2023-12-05,CAMP070,7080,10088,328
2023-12-06,CAMP070,7400,10188,344
2023-12-07,CAMP070,6902,10282,321
2023-12-08,CAMP070,6902,10139,321
2023-12-09,CAMP070,7353,10139,342
2023-12-10,CAMP070,7762,10236,361
2023-12-11,CAMP070,7547,10176,351
2023-12-12,CAMP070,6892,10137,320
2023-12-13,CAMP070,6450,10077,300
2023-12-14,CAMP070,7353,10211,342
2023-12-15,CAMP070,6514,10064,302
2023-12-16,CAMP070,7138,10430,332
2023-12-17,CAMP070,7310,10217,340
2023-12-18,CAMP070,7670,10226,355
2023-12-19,CAMP070,6923,9953,322
2023-12-20,CAMP070,6902,10223,321
2023-12-21,CAMP070,7396,10258,344
2023-12-22,CAMP070,6934,10204,322
2023-12-23,CAMP070,7590,10340,353
2023-12-24,CAMP070,6945,10460,322
2023-12-25,CAMP070,7289,10278,339
2023-12-26,CAMP070,7472,10146,342
2023-12-27,CAMP070,7396,10314,344
2023-12-28,CAMP070,6854,10144,315
2023-12-29,CAMP070,6966,10159,324
2023-12-30,CAMP070,7590,10146,353
2023-12-31,CAMP070,7578,9903,352
2024-01-01,CAMP070,7461,10234,347
2024-01-02,CAMP070,6988,10145,325
2024-01-03,CAMP070,7119,10140,330
2024-01-04,CAMP070,7582,10141,351
2024-01-05,CAMP070,7181,10302,334
2024-01-06,CAMP070,7270,10322,336
2024-01-07,CAMP070,6846,9974,318
2024-01-08,CAMP070,7478,10222,346
2024-01-09,CAMP070,7301,10165,338
2024-01-10,CAMP070,7533,10375,350
2024-01-11,CAMP070,7488,10239,343
2024-01-12,CAMP070,6923,10295,322
2024-01-13,CAMP070,7461,10253,347
2024-01-14,CAMP070,7254,10176,335
2024-01-15,CAMP070,7353,10123,342
2024-01-16,CAMP070,6368,10014,296
2024-01-17,CAMP070,7439,10323,346
2024-01-18,CAMP070,7568,10319,352
2024-01-19,CAMP070,8149,10234,379
2024-01-20,CAMP070,7616,10204,348
2024-01-21,CAMP070,6773,10377,315
2024-01-22,CAMP070,7439,10233,346
2024-01-23,CAMP070,7676,10221,357
2024-01-24,CAMP070,7590,10160,353
2024-01-25,CAMP070,7039,10313,325
2024-01-26,CAMP070,7912,10180,368
2024-01-27,CAMP070,7783,10232,362
2024-01-28,CAMP070,7482,10399,348
2024-01-29,CAMP070,7138,10205,332
2024-01-30,CAMP070,7027,10362,324
2024-01-31,CAMP070,6966,10244,324
2024-02-01,CAMP070,7633,10287,355
2024-02-02,CAMP070,6988,10027,325
2024-02-03,CAMP070,7762,10240,361
2024-02-04,CAMP070,6472,10276,301
2024-02-05,CAMP070,7246,10064,336
2024-02-06,CAMP070,7267,10346,338
2024-02-07,CAMP070,6902,10226,321
2024-02-08,CAMP070,7015,10107,326
2024-02-09,CAMP070,7095,10284,330
2024-02-10,CAMP070,7676,10430,357
2024-02-11,CAMP070,7557,10342,348
2024-02-12,CAMP070,7187,10256,332
2024-02-13,CAMP070,7332,10098,341
2024-02-14,CAMP070,6923,10211,322
2024-02-15,CAMP070,6902,10114,321
2024-02-16,CAMP070,6988,10207,325
2024-02-17,CAMP070,7074,10235,329
2024-02-18,CAMP070,7645,10381,354
2024-02-19,CAMP070,7830,10288,364
2024-02-20,CAMP070,7148,10168,330
2024-02-21,CAMP070,6773,10140,315
2024-02-22,CAMP070,6461,10101,296
2024-02-23,CAMP070,7525,10187,350
2024-02-24,CAMP070,6901,10451,319
2024-02-25,CAMP070,7455,10174,345
2024-02-26,CAMP070,6751,10066,314
2024-02-27,CAMP070,7699,10247,357
2024-02-28,CAMP070,7590,10202,353
2024-02-29,CAMP070,7074,10287,329
2024-03-01,CAMP070,7267,10283,338
2024-03-02,CAMP070,7084,10119,327
2024-03-03,CAMP070,7332,10317,341
2024-03-04,CAMP070,7239,10208,332
2024-03-05,CAMP070,7482,10297,348
2024-03-06,CAMP070,6685,10197,309
2024-03-07,CAMP070,7332,10280,341
2024-03-08,CAMP070,7651,10181,354
2024-03-09,CAMP070,6751,10270,314
2024-03-10,CAMP070,7923,10094,368
2024-03-11,CAMP070,6820,10270,317
2024-03-12,CAMP070,6817,10056,317
2024-03-13,CAMP070,7357,10036,341
2024-03-14,CAMP070,7396,10305,344
2024-03-15,CAMP070,6816,10254,317
2024-03-16,CAMP070,7453,10087,343
2024-03-17,CAMP070,7697,10275,358
2024-03-18,CAMP070,7418,10184,345
2024-03-19,CAMP070,7129,10318,330
2024-03-20,CAMP070,7246,10240,337
2024-03-21,CAMP070,7031,10105,327
2024-03-22,CAMP070,7314,10225,340
2024-03-23,CAMP070,7677,10159,357
2024-03-24,CAMP070,7353,10214,342
2024-03-25,CAMP070,7224,10248,336
2024-03-26,CAMP070,7432,10221,345
2024-03-27,CAMP070,7240,10345,335
2024-03-28,CAMP070,7676,10287,357
2024-03-29,CAMP070,7568,10387,352
2024-03-30,CAMP070,6816,10280,317
2024-03-31,CAMP070,7772,10171,361
2024-04-01,CAMP070,7271,10116,336
2024-04-02,CAMP070,6885,10277,319
2024-04-03,CAMP070,7590,10330,353
2024-04-04,CAMP070,7461,10195,347
2024-04-05,CAMP070,7609,10107,353
2024-04-06,CAMP070,7095,10131,330
2024-04-07,CAMP070,6515,10118,303
2024-04-08,CAMP070,7058,10202,326
2024-04-09,CAMP070,6945,10323,323
2024-04-10,CAMP070,7611,10212,354
2024-04-11,CAMP070,7212,10208,335
2024-04-12,CAMP070,7267,10271,338
2024-04-13,CAMP070,7299,10071,332
2024-04-14,CAMP070,7182,10048,330
2024-04-15,CAMP070,7301,10238,334
2024-04-16,CAMP070,6515,10243,303
2024-04-17,CAMP070,7100,10254,330
2024-04-18,CAMP070,7970,10539,368
2024-04-19,CAMP070,7293,10320,339
2024-04-20,CAMP070,7586,10269,352
2024-04-21,CAMP070,6945,10126,323
2024-04-22,CAMP070,7482,10166,348
2024-04-23,CAMP070,7001,10218,322
2024-04-24,CAMP070,7624,10337,353
2024-04-25,CAMP070,7231,10239,336
2024-04-26,CAMP070,7461,10347,347
2024-04-27,CAMP070,6891,10295,314
2024-04-28,CAMP070,7826,10182,364
2024-04-29,CAMP070,7031,10328,327
2024-04-30,CAMP070,6908,10194,320
2024-05-01,CAMP070,6902,10158,321
2024-05-02,CAMP070,7239,10200,333
2024-05-03,CAMP070,6988,10216,325
2024-05-04,CAMP070,7461,10141,347
2024-05-05,CAMP070,7310,10151,340
2024-05-06,CAMP070,6708,10312,312
2024-05-07,CAMP070,7117,10220,331
2024-05-08,CAMP070,7082,10264,328
2024-05-09,CAMP070,6981,10237,324
2024-05-10,CAMP070,6837,10216,318
2024-05-11,CAMP070,7161,10227,331
2024-03-21,CAMP071,3115,15566,333
2024-03-22,CAMP071,2919,15530,313
2024-03-23,CAMP071,3477,15378,371
2024-03-24,CAMP071,3031,15528,325
2024-03-25,CAMP071,2956,15449,317
2024-03-26,CAMP071,2881,15690,309
2024-03-27,CAMP071,2954,15657,316
2024-03-28,CAMP071,3138,15474,333
2024-03-29,CAMP071,2881,15401,309
2024-03-30,CAMP071,3217,15391,345
2024-03-31,CAMP071,3245,15613,348
2024-04-01,CAMP071,3087,15698,331
2024-04-02,CAMP071,2794,15731,299
2024-04-03,CAMP071,3031,15595,325
2024-04-04,CAMP071,2956,15506,317
2024-04-05,CAMP071,3245,15560,348
2024-04-06,CAMP071,2788,15578,299
2024-04-07,CAMP071,3208,15551,344
2024-04-08,CAMP071,3021,15562,324
2024-04-09,CAMP071,3142,15560,337
2024-04-10,CAMP071,2956,15558,317
2024-04-11,CAMP071,2956,15512,317
2024-04-12,CAMP071,3017,15300,321
2024-04-13,CAMP071,2821,15732,299
2024-04-14,CAMP071,3254,15867,349
2024-04-15,CAMP071,2873,15588,307
2024-04-16,CAMP071,2872,15646,308
2024-04-17,CAMP071,2648,15603,284
2024-04-18,CAMP071,3012,15453,323
2024-04-19,CAMP071,2992,15538,316
2024-04-20,CAMP071,3040,15674,326
2024-04-21,CAMP071,2844,15571,305
2024-04-22,CAMP071,2937,15475,315
2024-04-23,CAMP071,3105,15584,333
2024-04-24,CAMP071,3163,15431,337
2024-04-25,CAMP071,3434,15578,364
2024-04-26,CAMP071,2844,15767,305
2024-04-27,CAMP071,3059,15494,328
2024-04-28,CAMP071,2937,15573,315
2024-04-29,CAMP071,2937,15442,315
2024-04-30,CAMP071,3049,15653,327
2024-05-01,CAMP071,3115,15596,330
2024-05-02,CAMP071,2807,15501,301
2024-05-03,CAMP071,3049,15919,327
2024-05-04,CAMP071,3113,15413,333
2024-05-05,CAMP071,2937,15758,315
2024-05-06,CAMP071,2872,15559,308
2024-05-07,CAMP071,3152,15512,338
2024-05-08,CAMP071,3078,15673,329
2024-05-09,CAMP071,2716,15583,291
2024-05-10,CAMP071,3217,15599,345
2024-05-11,CAMP071,3105,15515,333
2024-05-12,CAMP071,3170,15626,340
2024-05-13,CAMP071,3153,15731,338
2024-05-14,CAMP071,3114,15669,334
2024-05-15,CAMP071,3046,15406,325
2024-05-16,CAMP071,3344,15363,358
2024-05-17,CAMP071,2782,15456,297
2024-05-18,CAMP071,2993,15664,321
2024-05-19,CAMP071,2918,15566,311
2024-05-20,CAMP071,2993,15495,321
2024-05-21,CAMP071,2825,15501,303
2024-05-22,CAMP071,2833,15393,302
2024-05-23,CAMP071,2844,15599,305
2024-05-24,CAMP071,2956,15722,317
2024-05-25,CAMP071,3270,15636,349
2024-05-26,CAMP071,3104,15346,330
2024-05-27,CAMP071,3148,15470,336
2024-05-28,CAMP071,2987,15322,314
2024-05-29,CAMP071,2892,15475,310
2024-05-30,CAMP071,3049,15369,327
2024-05-31,CAMP071,2909,15359,312
2024-06-01,CAMP071,2975,15880,319
2024-06-02,CAMP071,3180,15575,341
2024-06-03,CAMP071,3220,15642,345
2024-06-04,CAMP071,3407,15584,361
2024-06-05,CAMP071,3107,15426,328
2024-06-06,CAMP071,3006,15601,322
2024-06-07,CAMP071,2620,15486,277
2024-06-08,CAMP071,2902,15330,309
2024-06-09,CAMP071,2984,15495,320
2024-06-10,CAMP071,2965,15561,318
2024-06-11,CAMP071,3198,15324,343
2024-06-12,CAMP071,3189,15556,342
2024-06-13,CAMP071,2975,15732,319
2024-06-14,CAMP071,3236,15645,347
2024-06-15,CAMP071,2527,15673,271
2024-06-16,CAMP071,2956,15460,317
2024-06-17,CAMP071,2989,15390,315
2024-06-18,CAMP071,3059,15739,328
2024-06-19,CAMP071,2871,15619,305
2024-06-20,CAMP071,2807,15883,301
2024-06-21,CAMP071,3068,15434,329
2024-06-22,CAMP071,3207,15548,343
2024-06-23,CAMP071,2928,15472,314
2024-06-24,CAMP071,2965,15618,318
2024-06-25,CAMP071,3270,15704,349
2024-06-26,CAMP071,3208,15524,344
2024-06-27,CAMP071,3273,15620,351
2024-06-28,CAMP071,3068,15642,329
2024-06-29,CAMP071,3049,15663,327
2024-06-30,CAMP071,3003,15763,322
2024-07-01,CAMP071,3170,15476,340
2024-07-02,CAMP071,2993,15725,321
2024-07-03,CAMP071,3121,15624,334
2024-07-04,CAMP071,3102,15344,329
2024-07-05,CAMP071,2881,15380,309
2024-07-06,CAMP071,3031,15690,325
2024-07-07,CAMP071,2993,15459,321
2024-07-08,CAMP071,3044,15370,322
2024-07-09,CAMP071,3208,15498,344
2024-07-10,CAMP071,3170,15497,340
2024-07-11,CAMP071,3031,15477,325
2024-07-12,CAMP071,3185,15519,341
2024-07-13,CAMP071,3133,15734,336
2024-07-14,CAMP071,2760,15654,296
2024-07-15,CAMP071,3159,15785,337
2024-07-16,CAMP071,3348,15665,359
2024-07-17,CAMP071,2846,15459,305
2024-07-18,CAMP071,2928,15504,313
2024-07-19,CAMP071,3049,15592,327
2024-07-20,CAMP071,2695,15823,289
2024-07-21,CAMP071,3170,15515,340
2024-07-22,CAMP071,2975,15549,319
2024-07-23,CAMP071,2894,15541,308
2024-07-24,CAMP071,3061,15653,327
2024-07-25,CAMP071,2947,15709,316
2024-07-26,CAMP071,3185,15855,341
2024-07-27,CAMP071,2891,15401,310
2024-07-28,CAMP071,3226,15684,346
2024-07-29,CAMP071,3034,15232,323
2024-07-30,CAMP071,2881,15535,309
2024-07-31,CAMP071,2989,15758,320
2024-08-01,CAMP071,3069,15624,326
2024-08-02,CAMP071,3096,15511,332
2024-08-03,CAMP071,3152,15619,338
2024-08-04,CAMP071,2919,15331,313
2024-08-05,CAMP071,2975,15622,319
2024-08-06,CAMP071,3256,15734,347
2024-08-07,CAMP071,3093,15753,331
2024-08-08,CAMP071,2779,15461,298
2024-08-09,CAMP071,2984,15806,320
2024-08-10,CAMP071,3068,15551,329
2024-08-11,CAMP071,3177,15506,339
2024-08-12,CAMP071,3282,15683,352
2024-08-13,CAMP071,2993,15598,321
2024-08-14,CAMP071,2797,15677,300
2023-02-26,CAMP072,11202,15612,496
2023-02-27,CAMP072,11792,15463,519
2023-02-28,CAMP072,10330,15502,459
2023-03-01,CAMP072,11065,15630,491
2023-03-02,CAMP072,10324,15633,457
2023-03-03,CAMP072,10448,15623,460
2023-03-04,CAMP072,9543,15765,424
2023-03-05,CAMP072,10164,15515,451
2023-03-06,CAMP072,9993,15471,444
2023-03-07,CAMP072,11163,15417,494
2023-03-08,CAMP072,10063,15492,443
2023-03-09,CAMP072,10353,15490,460
2023-03-10,CAMP072,10600,15358,471
2023-03-11,CAMP072,10136,15593,449
2023-03-12,CAMP072,10327,15579,457
2023-03-13,CAMP072,9970,15767,443
2023-03-14,CAMP072,10801,15730,471
2023-03-15,CAMP072,10533,15570,468
2023-03-16,CAMP072,11276,15559,501
2023-03-17,CAMP072,10856,15640,482
2023-03-18,CAMP072,9405,15621,416
2023-03-19,CAMP072,9838,15414,437
2023-03-20,CAMP072,10163,15407,448
2023-03-21,CAMP072,9123,15341,405
2023-03-22,CAMP072,10308,15527,458
2023-03-23,CAMP072,10060,15457,447
2023-03-24,CAMP072,10380,15765,460
2023-03-25,CAMP072,9111,15565,400
2023-03-26,CAMP072,9580,15614,425
2023-03-27,CAMP072,9712,15570,428
2023-03-28,CAMP072,9975,15521,443
2023-03-29,CAMP072,11473,15680,505
2023-03-30,CAMP072,10038,15394,446
2023-03-31,CAMP072,10195,15639,453
2023-04-01,CAMP072,10240,15701,455
2023-04-02,CAMP072,10150,15537,451
2023-04-03,CAMP072,9678,15537,430
2023-04-04,CAMP072,10506,15445,465
2023-04-05,CAMP072,10015,15733,445
2023-04-06,CAMP072,9768,15618,434
2023-04-07,CAMP072,11403,15951,505
2023-04-08,CAMP072,9520,15525,423
2023-04-09,CAMP072,9509,15455,418
2023-04-10,CAMP072,9537,15566,423
2023-04-11,CAMP072,10232,15525,453
2023-04-12,CAMP072,9700,15665,431
2023-04-13,CAMP072,9948,15508,442
2023-04-14,CAMP072,11251,15505,497
2023-04-15,CAMP072,9858,15359,438
2023-04-16,CAMP072,10893,15692,484
2023-04-17,CAMP072,10054,15815,445
2023-04-18,CAMP072,10128,15463,450
2023-04-19,CAMP072,10060,15523,447
2023-04-20,CAMP072,10249,15415,453
2023-04-21,CAMP072,10781,15577,479
2023-04-22,CAMP072,10301,15552,456
2023-04-23,CAMP072,10163,15542,451
2023-04-24,CAMP072,10695,15539,475
2023-04-25,CAMP072,10086,15364,448
2023-04-26,CAMP072,10285,15643,457
2023-04-27,CAMP072,10105,15560,449
2023-04-28,CAMP072,10953,15531,486
2023-04-29,CAMP072,9550,15490,424
2023-04-30,CAMP072,10377,15668,458
2023-05-01,CAMP072,10465,15517,465
2023-05-02,CAMP072,9607,15424,424
2023-05-03,CAMP072,9621,15598,422
2023-05-04,CAMP072,10578,15627,470
2023-05-05,CAMP072,10313,15388,454
2023-05-06,CAMP072,10204,15730,452
2023-05-07,CAMP072,10600,15477,471
2023-05-08,CAMP072,10828,15698,481
2023-05-09,CAMP072,9859,15555,435
2023-05-10,CAMP072,10578,15656,470
2023-05-11,CAMP072,10196,15517,450
2023-05-12,CAMP072,10473,15517,464
2023-05-13,CAMP072,10467,15549,462
2023-05-14,CAMP072,10015,15634,445
2023-05-15,CAMP072,9543,15590,424
2023-05-16,CAMP072,11245,15724,498
2023-05-17,CAMP072,10060,15594,447
2023-05-18,CAMP072,11036,15701,489
2023-05-19,CAMP072,10173,15497,452
2023-05-20,CAMP072,10173,15382,452
2023-05-21,CAMP072,10871,15823,483
2023-05-22,CAMP072,11117,15644,491
2023-05-23,CAMP072,11208,15540,498
2023-05-24,CAMP072,10353,15540,460
2023-05-25,CAMP072,10140,15623,449
2023-05-26,CAMP072,10420,15604,463
2023-05-27,CAMP072,10454,15445,463
2023-05-28,CAMP072,10375,15503,461
2023-05-29,CAMP072,9813,15423,436
2023-05-30,CAMP072,10362,15372,458
2023-05-31,CAMP072,10398,15509,462
2023-06-01,CAMP072,10247,15443,454
2023-06-02,CAMP072,10533,15473,468
2023-06-03,CAMP072,9960,15419,440
2023-06-04,CAMP072,10848,15878,482
2023-06-05,CAMP072,10601,15744,471
2023-06-06,CAMP072,9903,15717,440
2023-06-07,CAMP072,10418,15641,460
2023-06-08,CAMP072,10571,15292,460
2023-06-09,CAMP072,10420,15652,463
2023-06-10,CAMP072,9273,15703,412
2023-06-11,CAMP072,10128,15592,450
2023-06-12,CAMP072,10443,15692,464
2023-06-13,CAMP072,9700,15535,431
2023-06-14,CAMP072,10280,15633,454
2023-06-15,CAMP072,11681,15697,519
2023-06-16,CAMP072,11173,15519,492
2023-06-17,CAMP072,10173,15498,452
2023-06-18,CAMP072,10330,15568,459
2023-06-19,CAMP072,10420,15591,463
2023-06-20,CAMP072,9363,15504,416
2023-06-21,CAMP072,10803,15331,480
2023-06-22,CAMP072,10060,15434,447
2023-06-23,CAMP072,10308,15708,458
2023-06-24,CAMP072,10737,15545,477
2023-06-25,CAMP072,9655,15572,429
2023-06-26,CAMP072,10686,15777,471
2023-06-27,CAMP072,10365,15569,457
2023-06-28,CAMP072,10285,16012,457
2023-06-29,CAMP072,10651,15518,473
2023-06-30,CAMP072,10894,15681,483
2023-07-01,CAMP072,9475,15493,421
2023-07-02,CAMP072,10758,15650,478
2023-07-03,CAMP072,10316,15538,458
2023-07-04,CAMP072,9385,15465,417
2023-07-05,CAMP072,10060,15705,447
2023-07-06,CAMP072,10398,15675,462
2023-07-07,CAMP072,10240,15584,455
2023-07-08,CAMP072,10277,15465,455
2023-07-09,CAMP072,10420,15629,463
2023-07-10,CAMP072,10826,15604,481
2023-07-11,CAMP072,10488,15483,466
2023-07-12,CAMP072,10467,15544,464
2023-07-13,CAMP072,10038,15612,446
2023-07-14,CAMP072,10376,15493,461
2023-07-15,CAMP072,10265,15419,455
2023-07-16,CAMP072,9678,15531,430
2023-07-17,CAMP072,10240,15540,455
2023-07-18,CAMP072,10568,15573,468
2023-07-19,CAMP072,10558,15395,463
2023-07-20,CAMP072,9285,15585,407
2023-07-21,CAMP072,10285,15605,457
2023-07-22,CAMP072,10285,15431,457
2023-07-23,CAMP072,9633,15326,428
2023-07-24,CAMP072,10386,15555,461
2023-07-25,CAMP072,9880,15627,439
2023-07-26,CAMP072,10938,15535,486
2023-07-27,CAMP072,10233,15701,452
2023-07-28,CAMP072,10488,15471,466
2023-07-29,CAMP072,10210,15628,448
2023-07-30,CAMP072,10173,15618,452
2023-07-31,CAMP072,10465,15476,465
2023-08-01,CAMP072,10848,15626,482
2024-01-19,CAMP073,2638,7463,277
2024-01-20,CAMP073,2280,7301,238
2024-01-21,CAMP073,2400,7352,252
2024-01-22,CAMP073,2162,7398,227
2024-01-23,CAMP073,2332,7591,244
2024-01-24,CAMP073,2257,7326,237
2024-01-25,CAMP073,2323,7494,239
2024-01-26,CAMP073,2527,7259,260
2024-01-27,CAMP073,2467,7382,259
2024-01-28,CAMP073,2344,7264,244
2024-01-29,CAMP073,2065,7482,215
2024-01-30,CAMP073,2429,7375,255
2024-01-31,CAMP073,2390,7226,251
2024-02-01,CAMP073,2385,7301,250
2024-02-02,CAMP073,2343,7365,246
2024-02-03,CAMP073,2169,7232,223
2024-02-04,CAMP073,2199,7272,230
2024-02-05,CAMP073,2456,7183,257
2024-02-06,CAMP073,2610,7408,274
2024-02-07,CAMP073,2257,7394,237
2024-02-08,CAMP073,2352,7312,247
2024-02-09,CAMP073,2102,7256,217
2024-02-10,CAMP073,2162,7426,227
2024-02-11,CAMP073,2267,7213,238
2024-02-12,CAMP073,2269,7371,237
2024-02-13,CAMP073,2229,7352,234
2024-02-14,CAMP073,2571,7579,270
2024-02-15,CAMP073,2371,7230,249
2024-02-16,CAMP073,2438,7233,256
2024-02-17,CAMP073,2552,7322,268
2024-02-18,CAMP073,2410,7283,253
2024-02-19,CAMP073,2440,7517,253
2024-02-20,CAMP073,2371,7266,249
2024-02-21,CAMP073,2444,7328,254
2024-02-22,CAMP073,2543,7411,267
2024-02-23,CAMP073,2486,7406,261
2024-02-24,CAMP073,2400,7291,252
2024-02-25,CAMP073,2229,7364,234
2024-02-26,CAMP073,2215,7351,231
2024-02-27,CAMP073,2219,7227,233
2024-02-28,CAMP073,2533,7391,266
2024-02-29,CAMP073,2333,7473,245
2024-03-01,CAMP073,2305,7472,242
2024-03-02,CAMP073,2242,7339,232
2024-03-03,CAMP073,2178,7479,227
2024-03-04,CAMP073,2219,7520,233
2024-03-05,CAMP073,2362,7332,248
2024-03-06,CAMP073,2289,7443,240
2024-03-07,CAMP073,2467,7442,259
2024-03-08,CAMP073,2057,7340,216
2024-03-09,CAMP073,2058,7332,216
2024-03-10,CAMP073,2406,7414,252
2024-03-11,CAMP073,2460,7330,254
2024-03-12,CAMP073,2286,7265,240
2024-03-13,CAMP073,2524,7469,265
2024-03-14,CAMP073,2357,7369,246
2024-03-15,CAMP073,2325,7326,239
2024-03-16,CAMP073,2483,7394,255
2024-03-17,CAMP073,2366,7264,248
2024-03-18,CAMP073,2537,7365,265
2024-03-19,CAMP073,2408,7420,245
2024-03-20,CAMP073,2390,7315,251
2024-03-21,CAMP073,2088,7374,218
2024-03-22,CAMP073,2524,7421,264
2024-03-23,CAMP073,2276,7473,239
2024-03-24,CAMP073,2270,7356,237
2024-03-25,CAMP073,2144,7391,225
2024-03-26,CAMP073,2200,7265,231
2024-03-27,CAMP073,2381,7421,250
2024-03-28,CAMP073,2559,7275,262
2024-03-29,CAMP073,2619,7362,275
2024-03-30,CAMP073,2210,7354,232
2024-03-31,CAMP073,2324,7251,240
2024-04-01,CAMP073,2370,7368,248
2024-04-02,CAMP073,2380,7309,248
2024-04-03,CAMP073,2703,7332,282
2024-04-04,CAMP073,2181,7258,229
2024-04-05,CAMP073,2364,7373,246
2024-04-06,CAMP073,2248,7292,236
2024-04-07,CAMP073,2528,7310,264
2024-04-08,CAMP073,2295,7206,241
2024-04-09,CAMP073,2216,7514,227
2024-04-10,CAMP073,2260,7367,234
2024-04-11,CAMP073,2436,7473,251
2024-04-12,CAMP073,2593,7364,270
2024-04-13,CAMP073,2217,7410,229
2024-04-14,CAMP073,2476,7333,260
2024-04-15,CAMP073,2295,7308,241
2024-04-16,CAMP073,2350,7372,242
2024-04-17,CAMP073,2179,7370,228
2024-04-18,CAMP073,2518,7388,264
2024-04-19,CAMP073,2333,7325,245
2024-04-20,CAMP073,2502,7320,255
2024-04-21,CAMP073,2432,7492,255
2024-04-22,CAMP073,2579,7375,270
2024-04-23,CAMP073,2238,7378,235
2024-04-24,CAMP073,2453,7389,255
2024-04-25,CAMP073,2244,7161,235
2024-04-26,CAMP073,2524,7545,265
2024-04-27,CAMP073,2390,7471,251
2024-04-28,CAMP073,2169,7236,226
2024-04-29,CAMP073,2565,7390,268
2024-04-30,CAMP073,2390,7280,251
2024-05-01,CAMP073,2497,7384,261
2024-05-02,CAMP073,2133,7222,224
2024-05-03,CAMP073,2190,7334,230
2023-03-16,CAMP074,447,4809,51
2023-03-17,CAMP074,394,4820,48
2023-03-18,CAMP074,386,4840,47
2023-03-19,CAMP074,479,4789,51
2023-03-20,CAMP074,435,4896,53
2023-03-21,CAMP074,386,4791,47
2023-03-22,CAMP074,477,4827,58
2023-03-23,CAMP074,486,4983,56
2023-03-24,CAMP074,353,4826,43
2023-03-25,CAMP074,386,4852,47
2023-03-26,CAMP074,535,4841,64
2023-03-27,CAMP074,353,4856,43
2023-03-28,CAMP074,415,4922,49
2023-03-29,CAMP074,435,4805,53
2023-03-30,CAMP074,494,4745,56
2023-03-31,CAMP074,488,4826,57
2023-04-01,CAMP074,407,4709,45
2023-04-02,CAMP074,439,4937,50
2023-04-03,CAMP074,382,4830,43
2023-04-04,CAMP074,370,4837,45
2023-04-05,CAMP074,452,4907,53
2023-04-06,CAMP074,361,4802,44
2023-04-07,CAMP074,490,4740,58
2023-04-08,CAMP074,320,4825,39
2023-04-09,CAMP074,438,4911,50
2023-04-10,CAMP074,425,4792,48
2023-04-11,CAMP074,411,4810,50
2024-02-01,CAMP075,137,2929,31
2024-02-02,CAMP075,178,2969,43
2024-02-03,CAMP075,155,3034,34
2024-02-04,CAMP075,126,3065,30
2024-02-05,CAMP075,170,3010,40
2024-02-06,CAMP075,178,3174,41
2024-02-07,CAMP075,137,2954,33
2024-02-08,CAMP075,129,2968,31
2024-02-09,CAMP075,124,3017,30
2024-02-10,CAMP075,131,3082,30
2024-02-11,CAMP075,112,3018,27
2024-02-12,CAMP075,129,3036,27
2024-02-13,CAMP075,183,2986,41
2024-02-14,CAMP075,137,3155,33
2024-02-15,CAMP075,158,2900,38
2024-02-16,CAMP075,178,3121,43
2024-02-17,CAMP075,171,3024,37
2024-02-18,CAMP075,151,3097,35
2024-02-19,CAMP075,148,3046,35
2024-02-20,CAMP075,128,3031,24
2024-02-21,CAMP075,167,3016,40
2024-02-22,CAMP075,144,3075,34
2024-02-23,CAMP075,170,3060,41
2024-02-24,CAMP075,179,3031,42
2024-02-25,CAMP075,129,3142,31
2024-02-26,CAMP075,151,3012,32
2024-02-27,CAMP075,145,2929,35
2024-02-28,CAMP075,99,3060,24
2024-02-29,CAMP075,116,3082,25
2024-03-01,CAMP075,157,3078,34
2024-03-02,CAMP075,125,2994,30
2024-03-03,CAMP075,166,3006,40
2024-03-04,CAMP075,137,3016,33
2024-03-05,CAMP075,123,3063,27
2024-03-06,CAMP075,158,2975,38
2024-03-07,CAMP075,137,3073,32
2024-03-08,CAMP075,108,3036,26
2024-03-09,CAMP075,164,3085,37
2024-03-10,CAMP075,141,3144,34
2024-03-11,CAMP075,145,3044,34
2024-03-12,CAMP075,91,2990,22
2024-03-13,CAMP075,95,3063,23
2024-03-14,CAMP075,166,3071,40
2024-03-15,CAMP075,169,2953,37
2024-03-16,CAMP075,137,3076,33
2024-03-17,CAMP075,129,3013,29
2024-03-18,CAMP075,178,3073,43
2024-03-19,CAMP075,158,2959,38
2024-03-20,CAMP075,145,3096,32
2024-03-21,CAMP075,174,3007,42
2024-03-22,CAMP075,170,3104,38
2024-03-23,CAMP075,141,3064,34
2024-03-24,CAMP075,139,2985,31
2024-03-25,CAMP075,181,3015,41
2024-03-26,CAMP075,154,3016,34
2024-03-27,CAMP075,124,3046,30
2024-03-28,CAMP075,124,2964,29
2024-03-29,CAMP075,120,2985,29
2024-03-30,CAMP075,117,3073,28
2024-03-31,CAMP075,133,2992,32
2024-04-01,CAMP075,189,3006,43
2024-04-02,CAMP075,190,3084,37
2024-04-03,CAMP075,186,3063,42
2024-04-04,CAMP075,145,3052,35
2024-04-05,CAMP075,129,3081,31
2024-04-06,CAMP075,95,3028,23
2024-04-07,CAMP075,145,2976,35
2024-04-08,CAMP075,145,2999,35
2024-04-09,CAMP075,114,3050,26
2024-04-10,CAMP075,141,3021,34
2024-04-11,CAMP075,152,2994,30
2024-04-12,CAMP075,137,3021,33
2024-04-13,CAMP075,124,3039,30
2024-04-14,CAMP075,196,3097,42
2024-04-15,CAMP075,113,3044,26
2024-04-16,CAMP075,173,3010,39
2024-04-17,CAMP075,133,3033,32
2024-04-18,CAMP075,149,3038,36
2024-04-19,CAMP075,120,2988,29
2024-04-20,CAMP075,120,2928,29
2024-04-21,CAMP075,172,2995,41
2024-04-22,CAMP075,174,3053,42
2024-04-23,CAMP075,148,3074,33
2024-04-24,CAMP075,166,3114,40
2024-04-25,CAMP075,133,3018,32
2024-04-26,CAMP075,99,3146,24
2024-04-27,CAMP075,120,3009,29
2024-04-28,CAMP075,141,3039,34
2024-04-29,CAMP075,162,3139,39
2024-04-30,CAMP075,150,2998,32
2024-05-01,CAMP075,153,3097,37
2024-05-02,CAMP075,166,3087,39
2024-05-03,CAMP075,112,2938,27
2024-05-04,CAMP075,136,3000,31
2024-05-05,CAMP075,95,3042,23
2024-05-06,CAMP075,149,2988,36
2024-05-07,CAMP075,108,3003,25
2024-05-08,CAMP075,158,3049,38
2024-05-09,CAMP075,133,3017,31
2023-08-11,CAMP076,2661,3312,149
2023-08-12,CAMP076,2590,3384,145
2023-08-13,CAMP076,2215,3355,122
2023-08-14,CAMP076,2536,3468,142
2023-08-15,CAMP076,2607,3302,146
2023-08-16,CAMP076,2232,3355,125
2023-08-17,CAMP076,2406,3409,133
2023-08-18,CAMP076,2500,3305,140
2023-08-19,CAMP076,2482,3322,139
2023-08-20,CAMP076,2875,3420,161
2023-08-21,CAMP076,2340,3257,131
2023-08-22,CAMP076,2375,3322,133
2023-08-23,CAMP076,2431,3340,135
2023-08-24,CAMP076,2500,3315,140
2023-08-25,CAMP076,2591,3405,144
2023-08-26,CAMP076,2746,3306,151
2023-08-27,CAMP076,2993,3252,166
2023-08-28,CAMP076,2442,3297,136
2023-08-29,CAMP076,2904,3360,162
2023-08-30,CAMP076,2715,3450,152
2023-08-31,CAMP076,2607,3373,146
2023-09-01,CAMP076,2625,3317,147
2023-09-02,CAMP076,2700,3445,151
2023-09-03,CAMP076,2625,3390,147
2023-09-04,CAMP076,2852,3415,158
2023-09-05,CAMP076,2388,3367,132
2023-09-06,CAMP076,2911,3387,163
2023-09-07,CAMP076,2616,3289,145
2023-09-08,CAMP076,2860,3424,155
2023-09-09,CAMP076,2965,3422,166
2023-09-10,CAMP076,2525,3343,140
2023-09-11,CAMP076,2816,3384,155
2023-09-12,CAMP076,2768,3447,155
2023-09-13,CAMP076,3085,3285,172
2023-09-14,CAMP076,2598,3333,143
2023-09-15,CAMP076,2465,3239,138
2023-09-16,CAMP076,2612,3282,145
2023-09-17,CAMP076,2550,3460,142
2023-09-18,CAMP076,2814,3380,155
2023-09-19,CAMP076,2768,3353,155
2023-09-20,CAMP076,2779,3344,154
2023-09-21,CAMP076,2547,3300,137
2023-09-22,CAMP076,2750,3342,154
2023-09-23,CAMP076,2373,3266,131
2023-09-24,CAMP076,2707,3323,146
2023-09-25,CAMP076,2442,3324,135
2023-09-26,CAMP076,2930,3362,162
2023-09-27,CAMP076,2444,3397,135
2023-09-28,CAMP076,2822,3247,158
2023-09-29,CAMP076,2893,3375,162
2023-01-04,CAMP077,10745,11207,486
2023-01-05,CAMP077,10627,11339,479
2023-01-06,CAMP077,11576,11359,520
2023-01-07,CAMP077,10630,11438,480
2023-01-08,CAMP077,9974,11262,446
2023-01-09,CAMP077,10222,11275,461
2023-01-10,CAMP077,10534,11101,474
2023-01-11,CAMP077,10933,11280,491
2023-01-12,CAMP077,10591,11380,479
2023-01-13,CAMP077,10303,11234,466
2023-01-14,CAMP077,10082,11148,456
2023-01-15,CAMP077,10219,11176,459
2023-01-16,CAMP077,10524,11293,476
2023-01-17,CAMP077,9684,11271,438
2023-01-18,CAMP077,9684,11298,438
2023-01-19,CAMP077,10791,11357,483
2023-01-20,CAMP077,11387,11480,515
2023-01-21,CAMP077,11077,11371,501
2023-01-22,CAMP077,11519,11254,521
2023-01-23,CAMP077,10938,11402,494
2023-01-24,CAMP077,11033,11261,499
2023-01-25,CAMP077,10269,11299,463
2023-01-26,CAMP077,10546,11299,477
2023-01-27,CAMP077,9994,11305,452
2023-01-28,CAMP077,10030,11202,453
2023-01-29,CAMP077,11358,11220,509
2023-01-30,CAMP077,10944,11342,495
2023-01-31,CAMP077,10126,11180,458
2023-02-01,CAMP077,10739,11235,481
2023-02-02,CAMP077,11277,11390,506
2023-02-03,CAMP077,10834,11270,490
2023-02-04,CAMP077,10286,11175,463
2023-02-05,CAMP077,10333,11426,467
2023-02-06,CAMP077,10060,11324,453
2023-02-07,CAMP077,10347,11242,468
2023-02-08,CAMP077,10715,11376,484
2023-02-09,CAMP077,10426,11219,466
2023-02-10,CAMP077,10259,11310,464
2023-02-11,CAMP077,10325,11095,467
2023-02-12,CAMP077,11094,11565,501
2023-02-13,CAMP077,9618,11280,435
2023-02-14,CAMP077,10625,11443,477
2023-02-15,CAMP077,10215,11221,462
2023-02-16,CAMP077,10237,11390,463
2023-02-17,CAMP077,10777,11298,485
2023-02-18,CAMP077,10779,10992,486
2023-02-19,CAMP077,8730,11068,391
2023-02-20,CAMP077,10215,11393,462
2023-02-21,CAMP077,10745,11130,486
2023-02-22,CAMP077,9905,11425,448
2023-02-23,CAMP077,10249,11352,459
2023-02-24,CAMP077,10790,11199,488
2023-02-25,CAMP077,9598,11115,434
2023-02-26,CAMP077,9650,11198,435
2023-02-27,CAMP077,11210,11211,507
2023-02-28,CAMP077,10312,11330,464
2023-03-01,CAMP077,11035,11088,496
2023-03-02,CAMP077,10148,11195,459
2023-03-03,CAMP077,10552,11232,472
2023-03-04,CAMP077,10440,11348,472
2023-03-05,CAMP077,10034,11394,453
2023-03-06,CAMP077,10595,11144,475
2023-03-07,CAMP077,11320,11518,512
2023-03-08,CAMP077,10515,11307,472
2023-03-09,CAMP077,10320,11335,463
2023-03-10,CAMP077,10591,11248,479
2023-03-11,CAMP077,11187,11237,502
2023-03-12,CAMP077,10215,11327,458
2023-03-13,CAMP077,10237,11355,463
2023-03-14,CAMP077,10235,11383,461
2023-03-15,CAMP077,10035,11229,452
2023-03-16,CAMP077,10812,11180,489
2023-03-17,CAMP077,11099,11416,502
2023-03-18,CAMP077,10128,11480,458
2023-03-19,CAMP077,10480,11230,474
2023-03-20,CAMP077,10068,11271,453
2023-03-21,CAMP077,10834,11154,490
2023-03-22,CAMP077,11210,11378,507
2023-03-23,CAMP077,10148,11287,459
2023-03-24,CAMP077,10150,11402,457
2023-03-25,CAMP077,10284,11302,463
2023-03-26,CAMP077,10215,11312,462
2023-03-27,CAMP077,11016,11330,497
2023-03-28,CAMP077,11365,11512,510
2023-03-29,CAMP077,11210,11438,507
2023-03-30,CAMP077,10845,11173,488
2023-03-31,CAMP077,10824,11230,486
2023-04-01,CAMP077,10723,11372,485
2023-04-02,CAMP077,11232,11321,508
2023-04-03,CAMP077,10104,11312,457
2023-04-04,CAMP077,10661,11219,481
2023-04-05,CAMP077,9971,11247,451
2023-04-06,CAMP077,10464,11244,468
2023-04-07,CAMP077,10458,11243,473
2023-04-08,CAMP077,10418,11412,469
2023-04-09,CAMP077,10575,11395,478
2023-04-10,CAMP077,9795,11337,443
2023-04-11,CAMP077,9861,11411,446
2023-04-12,CAMP077,10402,11304,466
2023-04-13,CAMP077,9883,11284,447
2023-04-14,CAMP077,9705,11156,435
2023-04-15,CAMP077,10613,11283,480
2023-04-16,CAMP077,10259,11240,464
2023-04-17,CAMP077,10458,11306,473
2023-04-18,CAMP077,10333,11329,466
2023-04-19,CAMP077,9390,11361,424
2023-04-20,CAMP077,11256,11267,509
2023-04-21,CAMP077,9949,11326,450
2023-04-22,CAMP077,10259,11085,464
2023-04-23,CAMP077,10554,11288,477
2023-04-24,CAMP077,10347,11224,468
2023-04-25,CAMP077,11132,11391,502
2023-04-26,CAMP077,11201,11364,503
2023-04-27,CAMP077,10701,11386,484
2023-04-28,CAMP077,10983,11253,495
2023-04-29,CAMP077,10957,11358,494
2023-04-30,CAMP077,10761,11372,484
2023-05-01,CAMP077,11085,11341,497
2023-05-02,CAMP077,9438,11308,423
2023-05-03,CAMP077,10908,11249,492
2023-05-04,CAMP077,10679,11311,483
2023-05-05,CAMP077,10483,11232,469
2023-05-06,CAMP077,10255,11253,461
2023-05-07,CAMP077,10671,11174,478
2023-05-08,CAMP077,9795,11222,443
2023-05-09,CAMP077,10546,11424,477
2023-05-10,CAMP077,11585,11226,524
2023-05-11,CAMP077,10979,11319,495
2023-05-12,CAMP077,10193,11392,461
2023-05-13,CAMP077,10900,11304,488
2023-05-14,CAMP077,10701,11529,484
2023-05-15,CAMP077,10806,11384,487
2023-05-16,CAMP077,10605,11442,477
2023-05-17,CAMP077,10196,11247,461
2023-05-18,CAMP077,10943,11129,493
2023-05-19,CAMP077,10749,11335,485
2023-05-20,CAMP077,10724,11446,485
2023-05-21,CAMP077,10744,11241,484
2023-05-22,CAMP077,10281,11570,465
2023-05-23,CAMP077,11507,11442,517
2023-05-24,CAMP077,10143,11176,457
2023-05-25,CAMP077,10941,11174,491
2023-05-26,CAMP077,9994,11286,452
2023-05-27,CAMP077,10407,11502,470
2023-05-28,CAMP077,10369,11260,469
2023-05-29,CAMP077,10944,11164,495
2023-05-30,CAMP077,10767,11120,487
2023-05-31,CAMP077,9375,11189,424
2023-06-01,CAMP077,10369,11298,469
2023-06-02,CAMP077,10871,11172,490
2023-06-03,CAMP077,10723,11170,485
2023-06-04,CAMP077,11342,11349,513
2023-06-05,CAMP077,10524,11204,476
2023-06-06,CAMP077,10944,11305,495
2023-06-07,CAMP077,10126,11441,458
2023-06-08,CAMP077,9894,11323,447
2023-06-09,CAMP077,10436,11300,470
2023-06-10,CAMP077,10458,11290,473
2023-06-11,CAMP077,10119,11325,456
2023-06-12,CAMP077,10622,11132,477
2023-06-13,CAMP077,10148,11260,459
2023-06-14,CAMP077,10907,11283,491
2023-06-15,CAMP077,9463,11318,428
2024-05-27,CAMP078,1245,6423,164
2024-05-28,CAMP078,1235,6245,165
2024-05-29,CAMP078,1234,6329,162
2024-05-30,CAMP078,1201,6393,159
2024-05-31,CAMP078,1213,6195,162
2024-06-01,CAMP078,1385,6384,185
2024-06-02,CAMP078,1327,6341,177
2024-06-03,CAMP078,1145,6054,153
2024-06-04,CAMP078,1306,6296,173
2024-06-05,CAMP078,1287,6225,172
2024-06-06,CAMP078,1250,6163,167
2024-06-07,CAMP078,1304,6370,173
2024-06-08,CAMP078,1537,6234,205
2024-06-09,CAMP078,1252,6352,165
2024-06-10,CAMP078,1190,6329,159
2024-06-11,CAMP078,1291,6084,169
2024-06-12,CAMP078,1115,6247,149
2024-06-13,CAMP078,1177,6206,155
2024-06-14,CAMP078,1302,6203,174
2024-06-15,CAMP078,1250,6415,167
2024-06-16,CAMP078,1207,6418,155
2024-06-17,CAMP078,1310,6324,175
2024-06-18,CAMP078,1141,6282,152
2024-06-19,CAMP078,1273,6326,170
2024-06-20,CAMP078,1273,6183,170
2024-06-21,CAMP078,1175,6468,157
2024-06-22,CAMP078,1185,6281,156
2024-06-23,CAMP078,1250,6319,167
2024-06-24,CAMP078,1302,6174,174
2024-06-25,CAMP078,1228,6420,164
2024-06-26,CAMP078,1295,6200,173
2024-06-27,CAMP078,1175,6278,157
2024-06-28,CAMP078,1243,6169,166
2024-06-29,CAMP078,1175,6359,157
2024-06-30,CAMP078,1288,6245,172
2024-07-01,CAMP078,1183,6178,158
2024-07-02,CAMP078,1209,6328,161
2024-07-03,CAMP078,1235,6265,165
2024-07-04,CAMP078,1153,6330,154
2024-07-05,CAMP078,1213,6413,162
2024-07-06,CAMP078,1213,6271,162
2024-07-07,CAMP078,1310,6237,175
2024-07-08,CAMP078,1258,6268,168
2024-07-09,CAMP078,1407,6417,188
2024-07-10,CAMP078,1183,6366,155
2024-07-11,CAMP078,1512,6323,202
2024-07-12,CAMP078,1200,6325,160
2024-07-13,CAMP078,1258,6264,168
2024-07-14,CAMP078,1093,6313,146
2024-07-15,CAMP078,1203,6222,159
2024-07-16,CAMP078,1273,6396,170
2024-07-17,CAMP078,1392,6198,186
2024-07-18,CAMP078,1123,6300,150
2024-07-19,CAMP078,1402,6311,186
2024-07-20,CAMP078,1295,6212,173
2024-07-21,CAMP078,1277,6278,169
2024-07-22,CAMP078,1235,6255,165
2024-07-23,CAMP078,1303,6286,171
2023-03-29,CAMP079,8581,19195,717
2023-03-30,CAMP079,8272,19164,690
2023-03-31,CAMP079,8521,18998,712
2023-04-01,CAMP079,8964,19223,749
2023-04-02,CAMP079,9036,19331,755
2023-04-03,CAMP079,9096,19160,760
2023-04-04,CAMP079,8797,19000,735
2023-04-05,CAMP079,8725,19206,729
2023-04-06,CAMP079,8620,19279,716
2023-04-07,CAMP079,8774,19169,728
2023-04-08,CAMP079,8377,19224,699
2023-04-09,CAMP079,8737,19118,730
2023-04-10,CAMP079,8553,19463,711
2023-04-11,CAMP079,8559,19214,715
2023-04-12,CAMP079,9329,19308,777
2023-04-13,CAMP079,7672,18958,641
2023-04-14,CAMP079,8725,19202,729
2023-04-15,CAMP079,8126,19185,678
2023-04-16,CAMP079,8653,18931,723
2023-04-17,CAMP079,8282,19090,691
2023-04-18,CAMP079,8580,19620,716
2023-04-19,CAMP079,8862,19448,739
2023-04-20,CAMP079,8604,19440,718
2023-04-21,CAMP079,8153,18912,680
2023-04-22,CAMP079,8569,19077,716
2023-04-23,CAMP079,8807,19331,733
2023-04-24,CAMP079,9087,19231,759
2023-04-25,CAMP079,8629,19257,721
2023-04-26,CAMP079,8234,19393,688
2023-04-27,CAMP079,8019,19137,666
2023-04-28,CAMP079,8371,19272,698
2023-04-29,CAMP079,9088,19170,757
2023-04-30,CAMP079,8538,19398,712
2023-05-01,CAMP079,8773,19172,733
2023-05-02,CAMP079,9195,19250,762
2023-05-03,CAMP079,7994,19356,666
2023-05-04,CAMP079,8634,19101,716
2023-05-05,CAMP079,8689,19198,726
2023-05-06,CAMP079,8330,19547,696
2023-05-07,CAMP079,8282,19064,692
2023-05-08,CAMP079,8223,19274,683
2023-05-09,CAMP079,8225,19047,683
2023-05-10,CAMP079,8605,19347,716
2023-05-11,CAMP079,8244,19187,686
2023-05-12,CAMP079,8270,19277,690
2023-05-13,CAMP079,8294,19371,693
2023-05-14,CAMP079,8667,19307,723
2023-05-15,CAMP079,8833,19161,738
2023-05-16,CAMP079,8616,19379,718
2023-05-17,CAMP079,8310,19258,692
2023-05-18,CAMP079,9299,19053,777
2023-05-19,CAMP079,8593,19213,718
2023-05-20,CAMP079,8345,18995,692
2023-05-21,CAMP079,8701,19270,727
2023-05-22,CAMP079,8234,19182,687
2023-05-23,CAMP079,8725,19144,729
2023-05-24,CAMP079,8361,19251,698
2023-11-12,CAMP080,2353,8977,341
2023-11-13,CAMP080,2397,8916,344
2023-11-14,CAMP080,2205,8895,321
2023-11-15,CAMP080,2348,8957,340
2023-11-16,CAMP080,2322,9004,338
2023-11-17,CAMP080,2387,9107,343
2023-11-18,CAMP080,2137,9076,311
2023-11-19,CAMP080,2068,8951,301
2023-11-20,CAMP080,2260,9139,329
2023-11-21,CAMP080,2226,8965,324
2023-11-22,CAMP080,2185,8942,318
2023-11-23,CAMP080,2082,9040,303
2023-11-24,CAMP080,2377,8890,346
2023-11-25,CAMP080,2315,9109,337
2023-11-26,CAMP080,2343,9124,341
2023-11-27,CAMP080,2480,9046,361
2023-11-28,CAMP080,2157,9129,311
2023-11-29,CAMP080,2040,8971,297
2023-11-30,CAMP080,2350,9371,342
2023-12-01,CAMP080,2233,8976,325
2023-12-02,CAMP080,2368,8833,343
2023-12-03,CAMP080,2209,8947,321
2023-12-04,CAMP080,2370,9030,345
2023-12-05,CAMP080,2088,8992,304
2023-12-06,CAMP080,2530,9030,365
2023-12-07,CAMP080,2256,9062,324
2023-12-08,CAMP080,2171,9024,316
2023-12-09,CAMP080,2116,9087,308
2023-12-10,CAMP080,2212,8911,321
2023-12-11,CAMP080,2364,8968,339
2023-12-12,CAMP080,2233,8983,325
2023-12-13,CAMP080,2324,9027,337
2023-12-14,CAMP080,2157,8958,314
2023-12-15,CAMP080,2192,8986,319
2023-12-16,CAMP080,2174,8922,314
2023-12-17,CAMP080,2295,9053,333
2023-12-18,CAMP080,2233,9139,325
2023-12-19,CAMP080,2246,8992,327
2023-12-20,CAMP080,2095,8893,305
2023-12-21,CAMP080,2361,8855,342
2023-12-22,CAMP080,2398,9027,349
2023-12-23,CAMP080,2363,9119,344
2023-12-24,CAMP080,2263,8928,326
2023-12-25,CAMP080,2258,8985,325
2023-12-26,CAMP080,2110,9007,306
2023-12-27,CAMP080,2424,8946,349
2023-12-28,CAMP080,2052,8968,297
2023-12-29,CAMP080,2186,8938,316
2023-12-30,CAMP080,2230,9087,319
2023-12-31,CAMP080,2487,8918,362
2024-01-01,CAMP080,2628,9101,380
2024-01-02,CAMP080,2267,9031,330
2024-01-03,CAMP080,2253,9056,328
2024-01-04,CAMP080,2187,9053,318
2024-01-05,CAMP080,2345,9083,341
2024-01-06,CAMP080,2386,8910,343
2024-01-07,CAMP080,2121,8982,308
2024-01-08,CAMP080,2303,8881,330
2024-01-09,CAMP080,2047,8899,298
2024-01-10,CAMP080,2282,9069,332
2023-04-07,CAMP081,1490,18166,372
2023-04-08,CAMP081,1538,18405,381
2023-04-09,CAMP081,1688,18603,426
2023-04-10,CAMP081,1545,18386,389
2023-04-11,CAMP081,1589,18302,401
2023-04-12,CAMP081,1480,18193,369
2023-04-13,CAMP081,1526,18427,385
2023-04-14,CAMP081,1522,18463,381
2023-04-15,CAMP081,1577,18466,398
2023-04-16,CAMP081,1569,18261,395
2023-04-17,CAMP081,1602,18424,403
2023-04-18,CAMP081,1708,18380,431
2023-04-19,CAMP081,1506,18415,380
2023-04-20,CAMP081,1653,18337,411
2023-04-21,CAMP081,1448,18340,363
2023-04-22,CAMP081,1568,18388,394
2023-04-23,CAMP081,1526,18204,380
2023-04-24,CAMP081,1530,18280,386
2023-04-25,CAMP081,1400,18306,350
2023-04-26,CAMP081,1379,18580,348
2023-04-27,CAMP081,1617,18377,408
2023-04-28,CAMP081,1443,18315,364
2023-04-29,CAMP081,1557,18377,392
2023-04-30,CAMP081,1522,18291,384
2023-05-01,CAMP081,1427,18435,360
2023-05-02,CAMP081,1405,18386,352
2023-05-03,CAMP081,1395,18280,351
2023-05-04,CAMP081,1561,18434,394
2023-05-05,CAMP081,1625,18372,410
2023-05-06,CAMP081,1567,18384,393
2023-05-07,CAMP081,1676,18049,419
2023-05-08,CAMP081,1656,18359,417
2023-05-09,CAMP081,1512,18227,379
2023-05-10,CAMP081,1621,18301,409
2023-05-11,CAMP081,1562,18595,390
2023-05-12,CAMP081,1532,18431,383
2023-05-13,CAMP081,1591,18187,400
2023-05-14,CAMP081,1528,18343,382
2023-05-15,CAMP081,1368,18347,345
2023-05-16,CAMP081,1598,18143,398
2023-05-17,CAMP081,1613,18196,403
2023-05-18,CAMP081,1562,18755,394
2023-05-19,CAMP081,1567,18178,391
2023-05-20,CAMP081,1464,18172,368
2023-05-21,CAMP081,1470,18377,371
2023-05-22,CAMP081,1681,18248,423
2023-05-23,CAMP081,1538,18480,388
2023-05-24,CAMP081,1559,18688,391
2023-05-25,CAMP081,1547,18158,390
2023-05-26,CAMP081,1572,18619,396
2023-05-27,CAMP081,1560,18490,387
2023-05-28,CAMP081,1589,18419,401
2023-05-29,CAMP081,1355,18387,342
2023-05-30,CAMP081,1476,18295,368
2023-05-31,CAMP081,1597,18438,403
2023-06-01,CAMP081,1546,18247,390
2023-06-02,CAMP081,1583,18499,395
2023-06-03,CAMP081,1410,18281,350
2023-06-04,CAMP081,1657,18560,418
2023-06-05,CAMP081,1670,18453,420
2023-06-06,CAMP081,1470,18292,371
2023-06-07,CAMP081,1526,18453,385
2023-06-08,CAMP081,1606,18098,403
2023-06-09,CAMP081,1726,18258,433
2023-06-10,CAMP081,1548,18230,390
2023-06-11,CAMP081,1585,18413,400
2023-06-12,CAMP081,1419,18193,357
2023-06-13,CAMP081,1557,18529,393
2023-06-14,CAMP081,1510,18229,381
2023-06-15,CAMP081,1562,18448,393
2023-06-16,CAMP081,1623,18550,409
2023-06-17,CAMP081,1605,18362,405
2023-06-18,CAMP081,1644,18299,412
2023-06-19,CAMP081,1637,18595,413
2023-06-20,CAMP081,1569,18399,396
2023-06-21,CAMP081,1550,18699,391
2023-06-22,CAMP081,1454,18395,367
2023-06-23,CAMP081,1518,18421,383
2023-06-24,CAMP081,1474,18212,372
2023-06-25,CAMP081,1664,18411,420
2023-06-26,CAMP081,1482,18287,374
2023-06-27,CAMP081,1588,18198,397
2023-06-28,CAMP081,1439,18316,363
2023-06-29,CAMP081,1474,18341,369
2023-06-30,CAMP081,1478,18472,373
2023-07-01,CAMP081,1404,18416,354
2023-07-02,CAMP081,1510,18079,381
2023-07-03,CAMP081,1421,18320,358
2023-07-04,CAMP081,1359,18416,341
2023-07-05,CAMP081,1581,18587,399
2023-07-06,CAMP081,1411,18428,356
2023-07-07,CAMP081,1499,18418,377
2023-07-08,CAMP081,1703,18370,429
2023-07-09,CAMP081,1538,18302,388
2023-07-10,CAMP081,1395,18106,352
2023-07-11,CAMP081,1537,18368,386
2023-07-12,CAMP081,1514,18264,381
2023-07-13,CAMP081,1542,18496,389
2023-07-14,CAMP081,1686,18490,423
2023-07-15,CAMP081,1427,18384,360
2023-07-16,CAMP081,1543,18283,389
2023-07-17,CAMP081,1528,18163,385
2023-07-18,CAMP081,1573,18119,397
2023-07-19,CAMP081,1620,18548,405
2023-07-20,CAMP081,1499,18338,376
2023-07-21,CAMP081,1548,18378,389
2023-07-22,CAMP081,1424,17993,354
2023-07-23,CAMP081,1419,18251,358
2023-07-24,CAMP081,1518,18355,383
2023-07-25,CAMP081,1478,18420,370
2023-07-26,CAMP081,1482,18345,374
2023-07-27,CAMP081,1550,18351,391
2023-07-28,CAMP081,1402,18086,352
2023-07-29,CAMP081,1515,18455,380
2023-07-30,CAMP081,1450,18246,366
2023-07-31,CAMP081,1645,18132,413
2023-08-01,CAMP081,1450,18334,366
2023-08-02,CAMP081,1515,18489,382
2023-08-03,CAMP081,1620,18157,408
2023-08-04,CAMP081,1678,18351,419
2023-08-05,CAMP081,1467,18412,369
2023-08-06,CAMP081,1738,18698,435
2023-08-07,CAMP081,1522,18244,384
2024-05-09,CAMP082,1037,10623,282
2024-05-10,CAMP082,1131,10585,307
2024-05-11,CAMP082,1059,10713,288
2024-05-12,CAMP082,1129,10728,307
2024-05-13,CAMP082,957,10785,257
2024-05-14,CAMP082,961,10888,260
2024-05-15,CAMP082,1140,10747,310
2024-05-16,CAMP082,1008,10746,274
2024-05-17,CAMP082,1088,10621,296
2024-05-18,CAMP082,1059,10817,288
2024-05-19,CAMP082,971,10603,264
2024-05-20,CAMP082,1092,10919,297
2024-05-21,CAMP082,938,10771,255
2024-05-22,CAMP082,1096,10646,298
2024-05-23,CAMP082,983,10715,267
2024-05-24,CAMP082,899,10653,242
2024-05-25,CAMP082,1023,10620,277
2024-05-26,CAMP082,1083,10747,294
2024-05-27,CAMP082,1000,10817,272
2024-05-28,CAMP082,1034,10837,279
2024-05-29,CAMP082,1033,10626,281
2024-05-30,CAMP082,1099,10819,299
2024-05-31,CAMP082,991,10741,269
2024-06-01,CAMP082,982,10876,267
2024-06-02,CAMP082,1008,10746,271
2024-06-03,CAMP082,1116,10646,300
2024-06-04,CAMP082,1114,10954,303
2024-06-05,CAMP082,1052,10556,286
2024-06-06,CAMP082,1022,10510,277
2024-06-07,CAMP082,952,10682,259
2024-06-08,CAMP082,1053,10734,280
2024-06-09,CAMP082,1090,10806,294
2024-06-10,CAMP082,1026,10580,272
2024-06-11,CAMP082,1081,10775,294
2024-06-12,CAMP082,1063,10622,289
2024-06-13,CAMP082,1044,10639,284
2024-06-14,CAMP082,1085,10662,295
2024-06-15,CAMP082,1055,10747,287
2024-06-16,CAMP082,1019,10691,272
2024-06-17,CAMP082,1101,10852,298
2024-06-18,CAMP082,1088,10844,293
2024-06-19,CAMP082,989,10770,267
2024-06-20,CAMP082,1247,10619,339
2024-06-21,CAMP082,1081,10736,294
2024-06-22,CAMP082,996,10812,268
2024-06-23,CAMP082,1104,10721,295
2024-06-24,CAMP082,1133,10730,308
2024-06-25,CAMP082,1103,10901,296
2024-06-26,CAMP082,1018,10637,275
2024-06-27,CAMP082,1041,10505,283
2024-06-28,CAMP082,989,10921,269
2024-06-29,CAMP082,1011,10639,275
2024-06-30,CAMP082,1088,10791,296
2024-07-01,CAMP082,1025,10531,277
2024-07-02,CAMP082,1026,10714,279
2024-07-03,CAMP082,1008,10742,274
2024-07-04,CAMP082,1016,10519,276
2024-07-05,CAMP082,1074,10608,292
2024-07-06,CAMP082,1049,11081,282
2024-07-07,CAMP082,1049,10908,282
2024-07-08,CAMP082,1045,10806,283
2024-07-09,CAMP082,1064,10828,286
2024-07-10,CAMP082,953,10734,259
2024-07-11,CAMP082,1162,10928,316
2024-07-12,CAMP082,1046,10830,278
2024-07-13,CAMP082,1063,10649,289
2024-07-14,CAMP082,1085,10652,292
2024-07-15,CAMP082,923,10979,245
2024-07-16,CAMP082,1078,10937,289
2024-07-17,CAMP082,997,10614,271
2024-07-18,CAMP082,1086,10710,292
2024-07-19,CAMP082,1021,10844,277
2024-07-20,CAMP082,1062,10893,287
2024-07-21,CAMP082,1103,10811,300
2024-07-22,CAMP082,1081,10599,294
2024-07-23,CAMP082,1010,10687,271
2024-07-24,CAMP082,1070,10621,291
2024-07-25,CAMP082,1081,10523,294
2024-07-26,CAMP082,971,10498,264
2024-07-27,CAMP082,941,10678,256
2024-07-28,CAMP082,1164,10764,315
2024-07-29,CAMP082,1047,10794,280
2024-07-30,CAMP082,1050,10812,280
2024-07-31,CAMP082,1074,10807,292
2024-08-01,CAMP082,982,10779,267
2024-08-02,CAMP082,1060,10763,286
2024-08-03,CAMP082,1014,10598,274
2024-08-04,CAMP082,1088,10792,296
2024-08-05,CAMP082,929,10590,249
2024-08-06,CAMP082,952,10749,256
2024-08-07,CAMP082,982,10640,267
2024-08-08,CAMP082,1118,10725,304
2024-08-09,CAMP082,1063,10785,289
2024-08-10,CAMP082,1005,10681,271
2024-08-11,CAMP082,1044,10605,282
2024-08-12,CAMP082,1018,10848,274
2024-08-13,CAMP082,1033,10587,279
2024-08-14,CAMP082,1055,10700,287
2024-08-15,CAMP082,993,10697,270
2024-08-16,CAMP082,1059,10725,283
2024-08-17,CAMP082,1103,10730,297
2024-08-18,CAMP082,1020,10608,274
2024-08-19,CAMP082,1116,10886,300
2024-08-20,CAMP082,1052,10754,286
2024-08-21,CAMP082,1071,10756,288
2024-08-22,CAMP082,1022,10644,278
2024-08-23,CAMP082,1078,10683,291
2024-08-24,CAMP082,997,10825,271
2024-08-25,CAMP082,1037,10777,282
2024-08-26,CAMP082,1055,10886,287
2024-08-27,CAMP082,916,10648,249
2024-08-28,CAMP082,1050,10871,284
2024-01-27,CAMP083,3183,14860,496
2024-01-28,CAMP083,3296,14764,513
2024-01-29,CAMP083,2999,14670,467
2024-01-30,CAMP083,3082,14873,475
2024-01-31,CAMP083,3131,14733,488
2024-02-01,CAMP083,3267,14696,509
2024-02-02,CAMP083,3138,14719,489
2024-02-03,CAMP083,3161,14906,488
2024-02-04,CAMP083,3151,14621,491
2024-02-05,CAMP083,2957,14746,460
2024-02-06,CAMP083,3131,14654,486
2024-02-07,CAMP083,3228,14668,503
2024-02-08,CAMP083,3189,14990,497
2024-02-09,CAMP083,3273,14835,510
2024-02-10,CAMP083,3249,14663,502
2024-02-11,CAMP083,3029,14554,472
2024-02-12,CAMP083,3272,14861,506
2024-02-13,CAMP083,2977,14782,464
2024-02-14,CAMP083,3016,14659,470
2024-02-15,CAMP083,3353,14800,522
2024-02-16,CAMP083,3086,14700,481
2024-02-17,CAMP083,3093,14784,482
2024-02-18,CAMP083,3467,14921,538
2024-02-19,CAMP083,3151,14994,489
2024-02-20,CAMP083,3392,14781,523
2024-02-21,CAMP083,3112,14683,485
2024-02-22,CAMP083,3183,14868,496
2024-02-23,CAMP083,3529,14689,550
2024-02-24,CAMP083,2966,14785,459
2024-02-25,CAMP083,3099,14618,483
2024-02-26,CAMP083,3144,14698,490
2024-02-27,CAMP083,3335,14871,519
2024-02-28,CAMP083,3298,14858,514
2024-02-29,CAMP083,3202,14667,499
2024-03-01,CAMP083,3058,14610,476
2024-03-02,CAMP083,3334,15002,518
2024-03-03,CAMP083,2965,14559,462
2024-03-04,CAMP083,3147,14772,489
2024-03-05,CAMP083,3144,14832,490
2024-03-06,CAMP083,3317,14712,517
2024-03-07,CAMP083,3413,14792,531
2024-03-08,CAMP083,3405,14768,528
2024-03-09,CAMP083,3503,14864,541
2024-03-10,CAMP083,3248,14776,504
2024-03-11,CAMP083,3439,14877,536
2024-03-12,CAMP083,3164,14747,491
2024-03-13,CAMP083,3010,14703,464
2024-03-14,CAMP083,3292,14626,512
2024-03-15,CAMP083,3002,14578,465
2024-03-16,CAMP083,3084,14810,477
2024-03-17,CAMP083,3221,14689,502
2024-03-18,CAMP083,3298,14747,514
2024-03-19,CAMP083,3493,14770,544
2024-03-20,CAMP083,3253,14745,507
2024-03-21,CAMP083,3093,14716,482
2024-03-22,CAMP083,3318,14709,513
2024-03-23,CAMP083,3207,14757,499
2024-03-24,CAMP083,3273,14718,510
2024-03-25,CAMP083,3330,14876,519
2024-03-26,CAMP083,3294,14702,512
2024-03-27,CAMP083,3298,14841,514
2024-03-28,CAMP083,3285,14759,512
2024-03-29,CAMP083,3114,14783,484
2024-03-30,CAMP083,3234,14963,504
2024-03-31,CAMP083,3099,14713,483
2024-04-01,CAMP083,3084,14510,477
2024-04-02,CAMP083,3331,14739,519
2024-04-03,CAMP083,3145,14806,488
2024-04-04,CAMP083,3247,14925,506
2024-04-05,CAMP083,3401,15083,530
2024-04-06,CAMP083,3305,14796,515
2024-04-07,CAMP083,3324,14707,518
2024-04-08,CAMP083,3620,14715,557
2024-04-09,CAMP083,3228,14628,503
2024-04-10,CAMP083,3097,14645,481
2024-04-11,CAMP083,3086,14787,481
2024-04-12,CAMP083,3420,14885,533
2024-04-13,CAMP083,3117,14741,483
2024-04-14,CAMP083,3119,14829,486
2024-04-15,CAMP083,3285,14839,512
2024-04-16,CAMP083,3388,14792,528
2024-04-17,CAMP083,3298,15074,514
2024-04-18,CAMP083,3360,14599,518
2024-04-19,CAMP083,3159,14682,488
2024-04-20,CAMP083,3407,14548,531
2024-04-21,CAMP083,3187,14942,493
2024-04-22,CAMP083,3438,14839,535
2024-04-23,CAMP083,3154,14724,490
2024-04-24,CAMP083,3109,14805,481
2024-04-25,CAMP083,3311,14740,516
2024-04-26,CAMP083,3234,14708,504
2024-04-27,CAMP083,3430,14756,529
2024-04-28,CAMP083,3285,14783,512
2024-04-29,CAMP083,3234,14723,504
2024-04-30,CAMP083,3125,14754,487
2024-05-01,CAMP083,3305,15003,515
2024-05-02,CAMP083,3283,14745,509
2024-05-03,CAMP083,3218,14834,496
2024-05-04,CAMP083,3256,14585,505
2024-05-05,CAMP083,3081,14789,480
2024-05-06,CAMP083,3343,14926,521
2024-05-07,CAMP083,3323,14815,515
2024-05-08,CAMP083,3183,14774,496
2024-05-09,CAMP083,3285,14437,512
2024-05-10,CAMP083,3170,14766,494
2024-05-11,CAMP083,3240,15101,505
2024-05-12,CAMP083,2932,14720,457
2024-05-13,CAMP083,3343,14893,521
2024-05-14,CAMP083,3202,14725,499
2024-05-15,CAMP083,3077,14930,476
2024-05-16,CAMP083,3163,14921,493
2024-05-17,CAMP083,3191,14719,496
2024-05-18,CAMP083,3189,14812,497
2024-05-19,CAMP083,3234,14584,504
2024-05-20,CAMP083,3286,14635,511
2024-05-21,CAMP083,3362,14755,524
2024-05-22,CAMP083,3427,14771,534
2024-05-23,CAMP083,3127,14634,487
2024-05-24,CAMP083,3397,14854,528
2024-05-25,CAMP083,3311,14806,516
2024-05-26,CAMP083,3355,14693,521
2024-05-27,CAMP083,3536,14651,551
2024-05-28,CAMP083,3314,14726,516
2024-05-29,CAMP083,3376,14857,526
2024-05-30,CAMP083,3220,14755,500
2024-05-31,CAMP083,3196,14771,498
2024-06-01,CAMP083,3288,14698,505
2024-06-02,CAMP083,3317,14831,517
2024-06-03,CAMP083,3571,15014,552
2024-06-04,CAMP083,3353,14918,522
2024-06-05,CAMP083,2986,14831,465
2024-06-06,CAMP083,3385,14928,524
2024-06-07,CAMP083,3215,14820,501
2024-06-08,CAMP083,3407,14661,531
2024-06-09,CAMP083,3231,14784,500
2024-06-10,CAMP083,3274,14696,504
2024-06-11,CAMP083,3299,14595,506
2024-06-12,CAMP083,3267,14641,507
2024-06-13,CAMP083,3285,14605,512
2024-06-14,CAMP083,3143,14866,488
2024-06-15,CAMP083,2990,14572,463
2024-06-16,CAMP083,3365,14885,523
2024-06-17,CAMP083,3327,14660,516
2024-06-18,CAMP083,3223,14590,499
2024-06-19,CAMP083,2928,14725,454
2024-06-20,CAMP083,3208,15117,500
2024-06-21,CAMP083,3273,14698,510
2024-06-22,CAMP083,3163,14726,493
2024-06-23,CAMP083,3300,14855,512
2024-06-24,CAMP083,3234,14583,500
2024-06-25,CAMP083,3488,14837,539
2024-06-26,CAMP083,3188,14665,495
2024-06-27,CAMP083,3080,14805,480
2024-06-28,CAMP083,3338,14852,518
2024-06-29,CAMP083,3035,14699,473
2024-06-30,CAMP083,3299,14838,512
2024-07-01,CAMP083,3106,14958,484
2024-07-02,CAMP083,3232,14859,501
2024-07-03,CAMP083,3384,14736,525
2024-07-04,CAMP083,3125,14634,487
2024-07-05,CAMP083,3214,14718,499
2024-07-06,CAMP083,3190,15054,495
2024-07-07,CAMP083,3208,14659,500
2024-07-08,CAMP083,3490,14762,543
2024-07-09,CAMP083,3313,14680,516
2024-07-10,CAMP083,3189,14719,497
2024-07-11,CAMP083,3382,14769,527
2024-07-12,CAMP083,3194,14541,490
2024-07-13,CAMP083,3285,14660,510
2024-07-14,CAMP083,3388,14815,528
2024-07-15,CAMP083,3456,14562,537
2024-07-16,CAMP083,3254,14726,505
2024-03-02,CAMP084,3329,11927,153
2024-03-03,CAMP084,3139,11840,145
2024-03-04,CAMP084,3853,11959,178
2024-03-05,CAMP084,3323,12021,149
2024-03-06,CAMP084,3280,11977,142
2024-03-07,CAMP084,3853,11691,178
2024-03-08,CAMP084,3096,12063,143
2024-03-09,CAMP084,3637,11866,168
2024-03-10,CAMP084,3745,11962,173
2024-03-11,CAMP084,3655,12020,168
2024-03-12,CAMP084,3507,11994,162
2024-03-13,CAMP084,3806,11940,175
2024-03-14,CAMP084,3234,11915,148
2024-03-15,CAMP084,3751,11970,171
2024-03-16,CAMP084,3252,11988,149
2024-03-17,CAMP084,3349,11978,154
2024-03-18,CAMP084,3572,12185,165
2024-03-19,CAMP084,3484,11961,160
2024-03-20,CAMP084,3671,11826,167
2024-03-21,CAMP084,3853,12029,178
2024-03-22,CAMP084,3556,12088,164
2024-03-23,CAMP084,3714,12100,171
2024-03-24,CAMP084,3677,11832,169
2024-03-25,CAMP084,3832,11882,177
2024-03-26,CAMP084,3834,11842,177
2024-03-27,CAMP084,3435,11882,158
2024-03-28,CAMP084,3637,11971,168
2024-03-29,CAMP084,3595,12010,166
2024-03-30,CAMP084,3346,11970,154
2024-03-31,CAMP084,3507,11921,162
2024-04-01,CAMP084,3828,12234,171
2024-04-02,CAMP084,3726,11998,171
2024-04-03,CAMP084,3761,11967,170
2024-04-04,CAMP084,2922,11909,135
2024-04-05,CAMP084,3738,11992,172
2024-04-06,CAMP084,3615,11879,167
2024-04-07,CAMP084,3226,11921,149
2024-04-08,CAMP084,3507,11946,162
2024-04-09,CAMP084,3523,12062,161
2024-04-10,CAMP084,3866,11954,174
2024-04-11,CAMP084,3442,11941,159
2024-04-12,CAMP084,3897,12023,180
2024-04-13,CAMP084,3779,11973,171
2024-04-14,CAMP084,3334,12046,154
2024-04-15,CAMP084,3226,12002,149
2024-04-16,CAMP084,4163,12112,188
2024-04-17,CAMP084,4309,12079,194
2024-04-18,CAMP084,3587,11937,163
2024-04-19,CAMP084,3787,11950,174
2024-04-20,CAMP084,3320,12010,153
2024-04-21,CAMP084,4070,12117,188
2024-04-22,CAMP084,3883,12007,177
2024-04-23,CAMP084,3271,12055,148
2024-04-24,CAMP084,3897,12116,180
2024-04-25,CAMP084,4219,12028,191
2024-04-26,CAMP084,3962,12033,183
2024-04-27,CAMP084,3659,11796,168
2024-04-28,CAMP084,4048,12036,187
2024-04-29,CAMP084,3643,12100,167
2024-04-30,CAMP084,3866,11934,178
2024-05-01,CAMP084,3934,12020,177
2024-05-02,CAMP084,3269,11847,151
2024-05-03,CAMP084,3276,12069,150
2024-05-04,CAMP084,3923,11873,178
2024-05-05,CAMP084,4027,11733,182
2024-05-06,CAMP084,3204,12015,148
2024-05-07,CAMP084,3934,11996,177
2024-05-08,CAMP084,3909,11934,177
2024-05-09,CAMP084,4105,12188,187
2024-05-10,CAMP084,3269,11966,151
2024-05-11,CAMP084,3615,11944,167
2024-05-12,CAMP084,3408,11840,157
2024-05-13,CAMP084,4075,11987,187
2024-05-14,CAMP084,4005,12173,185
2024-05-15,CAMP084,3377,12028,156
2024-05-16,CAMP084,4676,12053,216
2024-05-17,CAMP084,3442,12003,159
2024-05-18,CAMP084,3853,12104,174
2024-05-19,CAMP084,3377,11953,156
2024-05-20,CAMP084,3702,11812,171
2024-05-21,CAMP084,3355,12011,155
2024-05-22,CAMP084,3625,11801,165
2024-05-23,CAMP084,3283,12264,147
2024-05-24,CAMP084,4241,12062,191
2024-05-25,CAMP084,3853,12140,178
2024-05-26,CAMP084,3789,12176,168
2024-05-27,CAMP084,3530,11973,162
2023-08-18,CAMP085,17994,19381,858
2023-08-19,CAMP085,18264,19415,874
2023-08-20,CAMP085,19130,19371,913
2023-08-21,CAMP085,18303,19524,873
2023-08-22,CAMP085,17470,19946,836
2023-08-23,CAMP085,18765,19707,898
2023-08-24,CAMP085,18306,19557,876
2023-08-25,CAMP085,16968,19411,812
2023-08-26,CAMP085,17783,19461,851
2023-08-27,CAMP085,17846,19374,854
2023-08-28,CAMP085,18159,19439,869
2023-08-29,CAMP085,19100,19670,914
2023-08-30,CAMP085,18452,19571,883
2023-08-31,CAMP085,18852,19463,902
2023-09-01,CAMP085,16837,19494,801
2023-09-02,CAMP085,18138,19571,868
2023-09-03,CAMP085,17491,19465,837
2023-09-04,CAMP085,16550,19585,792
2023-09-05,CAMP085,18389,19510,880
2023-09-06,CAMP085,18167,19578,865
2023-09-07,CAMP085,17826,19407,850
2023-09-08,CAMP085,19617,19466,938
2023-09-09,CAMP085,18847,19510,901
2023-09-10,CAMP085,17323,19274,829
2023-09-11,CAMP085,17550,19562,838
2023-09-12,CAMP085,18092,19679,862
2023-09-13,CAMP085,18138,19480,868
2023-09-14,CAMP085,16655,19356,797
2023-09-15,CAMP085,17920,19438,855
2023-09-16,CAMP085,16801,19495,804
2023-09-17,CAMP085,17825,19638,853
2023-09-18,CAMP085,16965,19302,810
2023-09-19,CAMP085,17115,19324,819
2023-09-20,CAMP085,18285,19580,875
2023-09-21,CAMP085,18553,19416,887
2023-09-22,CAMP085,17929,19561,854
2023-09-23,CAMP085,17323,19335,829
2023-09-24,CAMP085,17352,19343,828
2023-09-25,CAMP085,18724,19630,896
2023-09-26,CAMP085,17491,19544,837
2023-09-27,CAMP085,16951,19482,810
2023-09-28,CAMP085,16947,19360,811
2023-09-29,CAMP085,17574,19385,841
2023-09-30,CAMP085,18687,19662,888
2023-10-01,CAMP085,17243,19389,824
2023-10-02,CAMP085,17905,19699,856
2023-10-03,CAMP085,17686,19671,843
2023-10-04,CAMP085,17783,19327,851
2023-10-05,CAMP085,18002,19355,857
2023-10-06,CAMP085,18100,19302,865
2023-10-07,CAMP085,17561,19628,840
2023-10-08,CAMP085,18243,19543,873
2023-10-09,CAMP085,17672,19412,843
2023-10-10,CAMP085,17679,19211,846
2023-10-11,CAMP085,18264,19536,874
2023-10-12,CAMP085,17679,19144,846
2023-10-13,CAMP085,18006,19415,858
2023-10-14,CAMP085,18118,19417,867
2023-10-15,CAMP085,17762,19415,850
2023-10-16,CAMP085,17912,19562,856
2023-10-17,CAMP085,17171,19499,820
2023-10-18,CAMP085,18486,19281,880
2023-10-19,CAMP085,17741,19499,849
2023-10-20,CAMP085,17282,19291,827
2023-10-21,CAMP085,17407,19633,833
2023-10-22,CAMP085,19058,19492,912
2023-09-05,CAMP086,1515,9207,94
2023-09-06,CAMP086,1402,9173,87
2023-09-07,CAMP086,1547,9008,93
2023-09-08,CAMP086,1386,9144,86
2023-09-09,CAMP086,1763,9111,106
2023-09-10,CAMP086,1415,9094,85
2023-09-11,CAMP086,1354,9303,84
2023-09-12,CAMP086,1273,9361,79
2023-09-13,CAMP086,1451,9269,90
2023-09-14,CAMP086,1580,9197,98
2023-09-15,CAMP086,1451,9130,90
2023-09-16,CAMP086,1354,9218,84
2023-09-17,CAMP086,1384,9121,84
2023-09-18,CAMP086,1354,9162,84
2023-09-19,CAMP086,1467,9181,91
2023-09-20,CAMP086,1627,9149,97
2023-09-21,CAMP086,1596,9320,99
2023-09-22,CAMP086,1515,8969,94
2023-09-23,CAMP086,1350,9030,83
2023-09-24,CAMP086,1354,9169,84
2023-09-25,CAMP086,1596,9214,99
2023-09-26,CAMP086,1710,9259,105
2023-09-27,CAMP086,1360,9235,80
2023-09-28,CAMP086,1573,9223,96
2023-09-29,CAMP086,1290,8921,80
2023-09-30,CAMP086,1387,9260,83
2023-10-01,CAMP086,1483,9275,92
2023-10-02,CAMP086,1821,9241,113
2023-12-03,CAMP087,1898,3984,146
2023-12-04,CAMP087,1760,4138,135
2023-12-05,CAMP087,2137,4038,164
2023-12-06,CAMP087,1939,4064,149
2023-12-07,CAMP087,1883,3982,143
2023-12-08,CAMP087,1961,3927,146
2023-12-09,CAMP087,1896,3983,144
2023-12-10,CAMP087,2225,3966,167
2023-12-11,CAMP087,1872,3998,144
2023-12-12,CAMP087,1997,4105,150
2023-12-13,CAMP087,1648,3979,123
2023-12-14,CAMP087,2080,4020,160
2023-12-15,CAMP087,1820,3963,140
2023-12-16,CAMP087,2171,3964,167
2023-12-17,CAMP087,2080,3943,160
2023-12-18,CAMP087,2052,3949,157
2023-12-19,CAMP087,2218,4054,165
2023-12-20,CAMP087,1989,3961,153
2023-12-21,CAMP087,1911,3958,147
2023-12-22,CAMP087,2093,3967,161
2023-12-23,CAMP087,1849,4075,139
2023-12-24,CAMP087,2223,3987,171
2024-02-20,CAMP088,8358,19404,823
2024-02-21,CAMP088,8011,19433,786
2024-02-22,CAMP088,8122,19435,800
2024-02-23,CAMP088,8211,19484,809
2024-02-24,CAMP088,8452,19530,833
2024-02-25,CAMP088,7772,19493,766
2024-02-26,CAMP088,8099,19220,792
2024-02-27,CAMP088,7905,19518,776
2024-02-28,CAMP088,8249,19436,813
2024-02-29,CAMP088,8423,19509,825
2024-03-01,CAMP088,7812,19386,770
2024-03-02,CAMP088,8286,19492,816
2024-03-03,CAMP088,8578,19578,842
2024-03-04,CAMP088,9020,19717,883
2024-03-05,CAMP088,8455,19677,828
2024-03-06,CAMP088,7996,19495,787
2024-03-07,CAMP088,8624,19348,850
2024-03-08,CAMP088,8107,19333,799
2024-03-09,CAMP088,8340,19435,822
2024-03-10,CAMP088,8046,19431,793
2024-03-11,CAMP088,8279,19598,816
2024-03-12,CAMP088,8862,19672,872
2024-03-13,CAMP088,8604,19707,848
2024-03-14,CAMP088,8431,19644,831
2024-03-15,CAMP088,8296,19446,813
2024-03-16,CAMP088,8218,19459,810
2024-03-17,CAMP088,7729,19339,761
2024-03-18,CAMP088,8259,19385,814
2024-03-19,CAMP088,8736,19681,861
2024-03-20,CAMP088,8543,19458,842
2024-03-21,CAMP088,8122,19480,799
2024-03-22,CAMP088,8314,19350,818
2024-03-23,CAMP088,7975,19514,786
2024-03-24,CAMP088,7957,19456,781
2024-03-25,CAMP088,8584,19601,846
2024-03-26,CAMP088,8310,19452,817
2024-03-27,CAMP088,7782,19526,767
2024-03-28,CAMP088,7772,19459,766
2024-03-29,CAMP088,8442,19642,832
2024-03-30,CAMP088,7947,19598,782
2024-03-31,CAMP088,8178,19439,806
2024-04-01,CAMP088,7970,19732,781
2024-04-02,CAMP088,8562,19727,843
2024-04-03,CAMP088,8371,19601,825
2024-04-04,CAMP088,7863,19396,775
2024-04-05,CAMP088,8472,19667,835
2024-04-06,CAMP088,8241,19433,808
2024-04-07,CAMP088,9134,19637,895
2024-04-08,CAMP088,8112,19487,798
2024-04-09,CAMP088,8621,19489,849
2024-04-10,CAMP088,7914,19519,780
2024-04-11,CAMP088,8522,19455,838
2024-04-12,CAMP088,8026,19326,791
2024-04-13,CAMP088,7926,19563,779
2024-04-14,CAMP088,8594,19419,847
2024-04-15,CAMP088,8597,19696,839
2024-04-16,CAMP088,8453,19333,832
2024-04-17,CAMP088,8644,19348,852
2024-04-18,CAMP088,8112,19526,797
2024-04-19,CAMP088,8289,19418,817
2024-04-20,CAMP088,8198,19547,808
2024-04-21,CAMP088,8320,19252,820
2024-04-22,CAMP088,8350,19480,823
2024-04-23,CAMP088,8258,19633,810
2024-04-24,CAMP088,8258,19489,810
2024-04-25,CAMP088,8504,19538,834
2024-04-26,CAMP088,8470,19692,833
2024-04-27,CAMP088,8404,19438,822
2024-04-28,CAMP088,8678,19386,851
2024-04-29,CAMP088,8884,19735,873
2024-04-30,CAMP088,8015,19488,786
2024-05-01,CAMP088,8027,19376,789
2024-05-02,CAMP088,7892,19395,774
2024-05-03,CAMP088,8137,19479,802
2024-05-04,CAMP088,8421,19716,830
2024-05-05,CAMP088,8498,19656,830
2024-05-06,CAMP088,8655,19366,853
2024-05-07,CAMP088,8472,19454,835
2024-05-08,CAMP088,8117,19411,800
2024-05-09,CAMP088,8269,19715,815
2024-03-24,CAMP089,1782,7840,159
2024-03-25,CAMP089,1756,7621,158
2024-03-26,CAMP089,1834,7749,165
2024-03-27,CAMP089,2111,7693,190
2024-03-28,CAMP089,1934,7526,174
2024-03-29,CAMP089,1845,7578,166
2024-03-30,CAMP089,2086,7681,183
2024-03-31,CAMP089,1849,7776,162
2024-04-01,CAMP089,2082,7856,182
2024-04-02,CAMP089,1911,7715,172
2024-04-03,CAMP089,1911,7645,172
2024-04-04,CAMP089,1589,7800,143
2024-04-05,CAMP089,1767,7661,159
2024-04-06,CAMP089,1769,7800,159
2024-04-07,CAMP089,1845,7714,166
2024-04-08,CAMP089,1885,7812,167
2024-04-09,CAMP089,1767,7821,159
2024-04-10,CAMP089,1695,7814,152
2024-04-11,CAMP089,1945,7738,175
2024-04-12,CAMP089,1989,7705,179
2024-04-13,CAMP089,1634,7754,147
2024-04-14,CAMP089,1868,7685,168
2024-04-15,CAMP089,1867,7739,168
2024-04-16,CAMP089,1878,7674,169
2024-04-17,CAMP089,1880,7661,169
2024-04-18,CAMP089,1714,7706,154
2024-04-19,CAMP089,1914,7701,168
2024-04-20,CAMP089,1800,7760,162
2024-04-21,CAMP089,2007,7828,178
2024-04-22,CAMP089,1880,7746,165
2024-04-23,CAMP089,1924,7819,170
2024-04-24,CAMP089,1686,7740,150
2024-04-25,CAMP089,1996,7627,178
2024-04-26,CAMP089,1810,7746,159
2024-04-27,CAMP089,1846,7690,162
2024-04-28,CAMP089,2034,7633,183
2024-04-29,CAMP089,2000,7631,180
2024-04-30,CAMP089,1930,7699,169
2024-05-01,CAMP089,1827,7810,163
2024-05-02,CAMP089,1767,7812,159
2024-05-03,CAMP089,1774,7629,159
2024-05-04,CAMP089,1906,7664,169
2024-05-05,CAMP089,1831,7510,163
2024-05-06,CAMP089,2060,7728,185
2024-05-07,CAMP089,1923,7703,173
2024-05-08,CAMP089,1656,7730,149
2024-05-09,CAMP089,1767,7771,159
2024-05-10,CAMP089,1897,7703,169
2024-05-11,CAMP089,1814,7643,162
2024-05-12,CAMP089,1700,7766,153
2024-05-13,CAMP089,2089,7811,188
2024-05-14,CAMP089,1889,7709,170
2024-05-15,CAMP089,2034,7661,183
2024-05-16,CAMP089,2005,7770,175
2024-05-17,CAMP089,1729,7695,155
2024-05-18,CAMP089,1909,7649,170
2024-05-19,CAMP089,1959,7734,176
2024-05-20,CAMP089,1884,7534,169
2024-05-21,CAMP089,1989,7968,179
2024-05-22,CAMP089,1656,7718,149
2024-05-23,CAMP089,1738,7611,153
2024-05-24,CAMP089,2035,7585,181
2024-05-25,CAMP089,1621,7621,144
2024-05-26,CAMP089,1786,7838,159
2024-05-27,CAMP089,1760,7728,155
2024-05-28,CAMP089,1634,7611,147
2024-05-29,CAMP089,1972,7514,175
2024-05-30,CAMP089,1977,7595,170
2024-05-31,CAMP089,1943,7701,170
2024-06-01,CAMP089,1647,7611,147
2024-06-02,CAMP089,1900,7730,171
2024-06-03,CAMP089,1911,7694,172
2024-06-04,CAMP089,1878,7742,169
2024-06-05,CAMP089,1890,7791,168
2024-06-06,CAMP089,2000,7733,180
2024-06-07,CAMP089,1672,7693,149
2024-06-08,CAMP089,2000,7721,178
2024-06-09,CAMP089,1846,7769,163
2024-06-10,CAMP089,1849,7742,162
2024-06-11,CAMP089,1706,7681,152
2024-06-12,CAMP089,1800,7673,162
2024-06-13,CAMP089,1622,7700,146
2024-06-14,CAMP089,1856,7657,167
2024-06-15,CAMP089,2078,7584,178
2024-06-16,CAMP089,2203,7734,195
2024-06-17,CAMP089,1775,7760,157
2024-06-18,CAMP089,1845,7788,166
2024-06-19,CAMP089,1845,7732,166
2024-06-20,CAMP089,2090,7730,187
2024-06-21,CAMP089,1748,7633,155
2024-06-22,CAMP089,1783,7807,158
2024-06-23,CAMP089,2066,7846,181
2024-06-24,CAMP089,2002,7725,178
2024-06-25,CAMP089,1934,7810,174
2024-06-26,CAMP089,2090,7631,188
2024-06-27,CAMP089,2109,7828,187
2024-06-28,CAMP089,2046,7751,180
2024-06-29,CAMP089,1840,7718,161
2024-06-30,CAMP089,1850,7722,164
2024-07-01,CAMP089,1744,7644,150
2024-07-02,CAMP089,1923,7777,173
2024-07-03,CAMP089,1829,7846,163
2024-07-04,CAMP089,1856,7765,167
2024-07-05,CAMP089,1878,7658,169
2024-07-06,CAMP089,1920,7709,167
2024-07-07,CAMP089,1867,7733,168
2024-07-08,CAMP089,1812,7783,163
2024-07-09,CAMP089,1700,7846,153
2024-07-10,CAMP089,1911,7774,171
2024-07-11,CAMP089,1692,7663,150
2024-07-12,CAMP089,1778,7720,160
2024-07-13,CAMP089,1611,7831,145
2024-07-14,CAMP089,2011,7834,181
2024-07-15,CAMP089,1967,7577,177
2024-07-16,CAMP089,1589,7610,143
2024-07-17,CAMP089,1622,7758,146
2024-07-18,CAMP089,1756,7771,158
2024-07-19,CAMP089,1845,7743,166
2024-07-20,CAMP089,1478,7727,133
2024-07-21,CAMP089,1678,7570,151
2024-07-22,CAMP089,2034,7738,183
2024-07-23,CAMP089,1734,7731,156
2024-07-24,CAMP089,1878,7661,169
2024-07-25,CAMP089,1811,7818,163
2024-07-26,CAMP089,2003,7602,175
2024-07-27,CAMP089,1589,7671,143
2024-07-28,CAMP089,1699,7844,151
2024-07-29,CAMP089,1998,7685,171
2024-07-30,CAMP089,2189,7717,193
2024-07-31,CAMP089,2156,7830,192
2024-08-01,CAMP089,1800,7675,162
2024-08-02,CAMP089,2130,7712,185
2024-08-03,CAMP089,1879,7760,169
2024-08-04,CAMP089,1629,7603,146
2024-08-05,CAMP089,1711,7726,154
2024-08-06,CAMP089,1789,7537,160
2024-08-07,CAMP089,1987,7653,177
2024-08-08,CAMP089,1856,7738,167
2024-08-09,CAMP089,2234,7773,200
2024-08-10,CAMP089,1996,7822,178
2024-08-11,CAMP089,1725,7657,154
2024-08-12,CAMP089,1811,7605,163
2024-08-13,CAMP089,1767,7711,159
2024-08-14,CAMP089,1990,7639,175
2024-08-15,CAMP089,1803,7806,160
2024-08-16,CAMP089,1645,7683,148
2024-08-17,CAMP089,2089,7640,187
2024-08-18,CAMP089,1856,7723,167
2024-08-19,CAMP089,1933,7636,172
2024-08-20,CAMP089,1489,7842,130
2024-08-21,CAMP089,1790,7567,154
2024-08-22,CAMP089,1734,7639,156
2024-08-23,CAMP089,1779,7727,160
2024-08-24,CAMP089,1900,7780,171
2024-08-25,CAMP089,1823,7739,164
2024-08-26,CAMP089,1545,7618,139
2024-08-27,CAMP089,1852,7758,165
2024-08-28,CAMP089,1667,7630,150
2024-08-29,CAMP089,1789,7721,161
2024-08-30,CAMP089,1700,7705,153
2024-08-31,CAMP089,1534,7620,138
2024-09-01,CAMP089,1889,7808,170
2024-09-02,CAMP089,1823,7884,164
2024-09-03,CAMP089,1845,7742,163
2024-09-04,CAMP089,1858,7798,163
2024-09-05,CAMP089,1790,7515,155
2024-09-06,CAMP089,2089,7709,188
2024-09-07,CAMP089,1511,7729,136
2024-09-08,CAMP089,1874,7759,166
2023-01-10,CAMP090,2258,3863,172
2023-01-11,CAMP090,1774,3718,136
2023-01-12,CAMP090,2178,3811,167
2023-01-13,CAMP090,2192,3791,165
2023-01-14,CAMP090,1957,3931,150
2023-01-15,CAMP090,2545,3828,195
2023-01-16,CAMP090,2191,3780,168
2023-01-17,CAMP090,1985,3760,152
2023-01-18,CAMP090,2126,3911,162
2023-01-19,CAMP090,2158,3699,164
2023-01-20,CAMP090,2283,3814,169
2023-01-21,CAMP090,2173,3800,161
2023-01-22,CAMP090,2074,3862,159
2023-01-23,CAMP090,2256,3939,170
2023-01-24,CAMP090,2075,3686,155
2023-01-25,CAMP090,2318,3829,175
2023-01-26,CAMP090,2396,3943,182
2023-01-27,CAMP090,2106,3810,161
2023-01-28,CAMP090,1983,3789,152
2023-01-29,CAMP090,2217,3769,170
2023-01-30,CAMP090,2348,3814,180
2023-01-31,CAMP090,2176,3955,165
2023-02-01,CAMP090,2009,3770,154
2023-02-02,CAMP090,2360,3888,178
2023-02-03,CAMP090,2283,3880,175
2023-02-04,CAMP090,2100,3791,158
2023-02-05,CAMP090,2061,3758,158
2023-02-06,CAMP090,2257,3821,173
2023-02-07,CAMP090,2035,3817,156
2023-02-08,CAMP090,2559,3968,191
2023-02-09,CAMP090,1988,3892,149
2023-02-10,CAMP090,1865,3763,143
2023-02-11,CAMP090,2329,3841,174
2023-02-12,CAMP090,2048,3946,157
2023-02-13,CAMP090,2139,3805,164
2023-02-14,CAMP090,2280,3764,169
2023-02-15,CAMP090,2100,3873,161
2023-02-16,CAMP090,1983,3722,152
2023-02-17,CAMP090,2011,3792,151
2023-02-18,CAMP090,2096,3934,157
2023-02-19,CAMP090,2348,3820,180
2023-02-20,CAMP090,2054,3829,155
2023-02-21,CAMP090,2244,3814,172
2023-02-22,CAMP090,2191,3808,168
2023-02-23,CAMP090,2074,3725,159
2023-02-24,CAMP090,2314,3864,177
2023-02-25,CAMP090,2152,3863,165
2023-02-26,CAMP090,2009,3795,154
2023-02-27,CAMP090,2322,3848,178
2023-02-28,CAMP090,2099,3933,157
2023-03-01,CAMP090,2178,3815,167
2023-03-02,CAMP090,2149,3788,161
2023-03-03,CAMP090,2165,3821,166
2023-03-04,CAMP090,1926,3850,147
2023-03-05,CAMP090,2160,3744,165
2023-03-06,CAMP090,1983,3967,152
2023-03-07,CAMP090,2491,3811,186
2023-03-08,CAMP090,1949,3850,148
2023-03-09,CAMP090,2149,3823,164
2023-03-10,CAMP090,2510,3826,192
2023-03-11,CAMP090,2282,3908,174
2023-03-12,CAMP090,2251,3773,170
2023-03-13,CAMP090,2351,3888,176
2023-03-14,CAMP090,2165,3891,165
2023-03-15,CAMP090,2348,3876,179
2023-03-16,CAMP090,2061,3842,158
2023-03-17,CAMP090,2152,3942,165
2023-03-18,CAMP090,2292,3925,174
2023-03-19,CAMP090,1917,3894,147
2023-03-20,CAMP090,2271,3812,171
2023-03-21,CAMP090,2353,3857,180
2023-03-22,CAMP090,2100,3898,161
2023-03-23,CAMP090,2042,3883,156
2023-03-24,CAMP090,1865,3822,143
2023-03-25,CAMP090,2165,3901,166
2023-03-26,CAMP090,2374,3863,182
2023-03-27,CAMP090,2005,3750,149
2023-03-28,CAMP090,2126,3779,163
2023-03-29,CAMP090,2322,3825,178
2023-03-30,CAMP090,2055,3841,156
2023-03-31,CAMP090,2231,3854,171
2023-04-01,CAMP090,1944,3719,149
2023-04-02,CAMP090,2392,3942,183
2023-04-03,CAMP090,2129,3888,160
2023-04-04,CAMP090,1996,3785,150
2023-04-05,CAMP090,2226,3867,170
2023-04-06,CAMP090,2178,3890,167
2023-04-07,CAMP090,2152,3726,165
2023-04-08,CAMP090,1970,3761,151
2023-04-09,CAMP090,2095,3863,160
2023-04-10,CAMP090,2009,3846,154
2023-04-11,CAMP090,2270,3871,174
2023-04-12,CAMP090,1967,3843,149
2023-04-13,CAMP090,2361,3767,181
2023-04-14,CAMP090,2165,3812,166
2023-04-15,CAMP090,2175,3848,163
2023-04-16,CAMP090,2023,3774,152
2023-04-17,CAMP090,2322,3800,178
2023-04-18,CAMP090,1983,3769,152
2023-04-19,CAMP090,2283,3866,175
2023-04-20,CAMP090,2105,3873,158
2023-04-21,CAMP090,2387,3936,183
2023-04-22,CAMP090,2301,3911,175
2023-04-23,CAMP090,2231,3878,171
2023-12-18,CAMP091,5566,8503,294
2023-12-19,CAMP091,6014,8462,311
2023-12-20,CAMP091,6285,8481,332
2023-12-21,CAMP091,5888,8450,311
2023-12-22,CAMP091,6106,8346,314
2023-12-23,CAMP091,5991,8496,315
2023-12-24,CAMP091,6058,8369,320
2023-12-25,CAMP091,5831,8412,308
2023-12-26,CAMP091,6380,8415,337
2023-12-27,CAMP091,6397,8531,335
2023-12-28,CAMP091,5982,8370,316
2023-12-29,CAMP091,6191,8535,327
2023-12-30,CAMP091,5793,8492,306
2023-12-31,CAMP091,6342,8378,335
2024-01-01,CAMP091,5831,8224,308
2024-01-02,CAMP091,6281,8541,331
2024-01-03,CAMP091,5869,8542,310
2024-01-04,CAMP091,5546,8375,289
2024-01-05,CAMP091,6191,8375,324
2024-01-06,CAMP091,6266,8464,331
2024-01-07,CAMP091,6228,8465,329
2024-01-08,CAMP091,6139,8610,324
2024-01-09,CAMP091,6114,8400,321
2024-01-10,CAMP091,5963,8389,312
2024-01-11,CAMP091,6115,8429,323
2024-01-12,CAMP091,6065,8402,320
2024-01-13,CAMP091,6191,8492,327
2024-01-14,CAMP091,5234,8401,275
2024-01-15,CAMP091,5812,8460,307
2024-01-16,CAMP091,5907,8508,312
2024-01-17,CAMP091,5660,8290,299
2024-01-18,CAMP091,6182,8630,326
2024-01-19,CAMP091,5731,8452,298
2024-01-20,CAMP091,6166,8479,324
2024-01-21,CAMP091,5395,8421,285
2024-01-22,CAMP091,6333,8430,331
2024-01-23,CAMP091,6781,8370,355
2024-01-24,CAMP091,6039,8525,319
2024-01-25,CAMP091,6361,8492,336
2024-01-26,CAMP091,5661,8425,296
2024-01-27,CAMP091,6039,8428,319
2024-01-28,CAMP091,5623,8448,297
2024-01-29,CAMP091,6030,8378,315
2024-01-30,CAMP091,6394,8325,335
2024-01-31,CAMP091,6134,8425,320
2024-02-01,CAMP091,6001,8566,317
2024-02-02,CAMP091,5860,8504,304
2024-02-03,CAMP091,5698,8535,301
2024-02-04,CAMP091,6307,8446,332
2024-02-05,CAMP091,6360,8490,335
2024-02-06,CAMP091,6531,8456,345
2024-02-07,CAMP091,5888,8478,311
2024-02-08,CAMP091,5755,8478,304
2024-02-09,CAMP091,6646,8630,349
2024-02-10,CAMP091,6134,8414,324
2024-02-11,CAMP091,6137,8536,323
2024-02-12,CAMP091,5888,8588,310
2024-02-13,CAMP091,6721,8531,355
2024-02-14,CAMP091,6304,8496,333
2024-02-15,CAMP091,5492,8512,286
2024-02-16,CAMP091,5736,8443,303
2024-02-17,CAMP091,6532,8490,342
2024-02-18,CAMP091,5888,8548,311
2024-02-19,CAMP091,5604,8452,296
2024-02-20,CAMP091,5796,8424,306
2024-02-21,CAMP091,6134,8367,320
2024-02-22,CAMP091,5944,8559,314
2024-02-23,CAMP091,6220,8446,326
2024-02-24,CAMP091,5433,8488,287
2024-02-25,CAMP091,6121,8588,319
2024-02-26,CAMP091,5736,8336,303
2024-02-27,CAMP091,5668,8343,296
2024-02-28,CAMP091,5519,8520,288
2024-02-29,CAMP091,6020,8590,318
2024-03-01,CAMP091,6033,8427,315
2024-03-02,CAMP091,6361,8586,336
2024-03-03,CAMP091,6475,8513,342
2024-03-04,CAMP091,5755,8402,304
2024-03-05,CAMP091,5679,8363,300
2024-03-06,CAMP091,5736,8401,303
2024-03-07,CAMP091,5743,8398,301
2024-03-08,CAMP091,5816,8609,301
2024-03-09,CAMP091,5861,8414,309
2024-03-10,CAMP091,5774,8476,305
2024-03-11,CAMP091,5328,8601,279
2024-03-12,CAMP091,5604,8386,296
2024-03-13,CAMP091,6032,8464,317
2024-03-14,CAMP091,6134,8395,324
2024-03-15,CAMP091,5736,8428,303
2024-03-16,CAMP091,5547,8304,293
2024-03-17,CAMP091,6868,8600,360
2024-03-18,CAMP091,6070,8459,320
2024-03-19,CAMP091,5963,8277,315
2024-03-20,CAMP091,5698,8421,301
2024-03-21,CAMP091,5698,8330,301
2024-03-22,CAMP091,5604,8419,296
2024-03-23,CAMP091,5687,8615,297
2024-03-24,CAMP091,6142,8483,320
2024-03-25,CAMP091,6926,8449,363
2024-03-26,CAMP091,6639,8638,346
2024-03-27,CAMP091,6449,8488,337
2024-03-28,CAMP091,6134,8360,324
2024-03-29,CAMP091,5802,8389,306
2024-03-30,CAMP091,6550,8513,346
2024-03-31,CAMP091,5622,8375,295
2024-04-01,CAMP091,5736,8472,301
2024-04-02,CAMP091,5774,8451,305
2024-04-03,CAMP091,6373,8632,334
2024-04-04,CAMP091,6266,8425,331
2024-04-05,CAMP091,5888,8307,311
2024-04-06,CAMP091,5320,8460,281
2024-04-07,CAMP091,5933,8382,311
2024-04-08,CAMP091,5566,8511,294
2024-04-09,CAMP091,6345,8484,335
2024-04-10,CAMP091,6745,8554,355
2024-04-11,CAMP091,5963,8516,315
2024-04-12,CAMP091,6058,8658,320
2024-04-13,CAMP091,6342,8628,335
2024-04-14,CAMP091,6473,8416,341
2024-04-15,CAMP091,6782,8528,358
2024-04-16,CAMP091,6251,8448,325
2024-04-17,CAMP091,6522,8632,343
2024-04-18,CAMP091,6058,8664,320
2024-04-19,CAMP091,6285,8370,332
2024-04-20,CAMP091,6247,8414,330
2024-04-21,CAMP091,5982,8460,316
2024-04-22,CAMP091,5130,8631,271
2024-04-23,CAMP091,5253,8604,276
2024-04-24,CAMP091,5660,8299,299
2024-04-25,CAMP091,5661,8402,299
2024-04-26,CAMP091,5443,8460,284
2024-04-27,CAMP091,6247,8216,329
2024-04-28,CAMP091,6139,8288,323
2024-04-29,CAMP091,6335,8387,334
2024-04-30,CAMP091,6064,8318,319
2024-05-01,CAMP091,5982,8316,316
2024-05-02,CAMP091,6812,8596,355
2024-05-03,CAMP091,5857,8424,309
2024-05-04,CAMP091,6605,8454,347
2024-05-05,CAMP091,6039,8490,315
2024-05-06,CAMP091,5717,8440,302
2024-05-07,CAMP091,5377,8382,284
2024-05-08,CAMP091,6037,8305,317
2024-05-09,CAMP091,5926,8260,309
2024-05-10,CAMP091,5610,8534,291
2024-05-11,CAMP091,5984,8579,316
2024-05-12,CAMP091,6156,8387,320
2024-05-13,CAMP091,6172,8458,326
2024-05-14,CAMP091,6304,8343,333
2024-05-15,CAMP091,6115,8526,321
2024-05-16,CAMP091,6058,8614,320
2024-05-17,CAMP091,6304,8558,333
2024-05-18,CAMP091,6058,8539,320
2024-05-19,CAMP091,5501,8432,282
2024-05-20,CAMP091,5447,8429,286
2024-05-21,CAMP091,6097,8477,320
2024-05-22,CAMP091,5377,8378,284
2024-05-23,CAMP091,5642,8438,298
2024-05-24,CAMP091,6172,8400,326
2024-05-25,CAMP091,6502,8536,343
2024-05-26,CAMP091,5964,8542,313
2024-05-27,CAMP091,6456,8523,341
2024-05-28,CAMP091,6149,8427,324
2023-02-27,CAMP092,4530,3688,183
2023-02-28,CAMP092,4032,3754,160
2023-03-01,CAMP092,4634,3684,184
2023-03-02,CAMP092,4555,3577,184
2023-03-03,CAMP092,4816,3729,192
2023-03-04,CAMP092,4381,3735,177
2023-03-05,CAMP092,4431,3700,179
2023-03-06,CAMP092,4367,3706,174
2023-03-07,CAMP092,4695,3632,187
2023-03-08,CAMP092,4452,3673,177
2023-03-09,CAMP092,4346,3726,175
2023-03-10,CAMP092,4629,3681,187
2023-03-11,CAMP092,4033,3674,160
2023-03-12,CAMP092,4307,3742,174
2023-03-13,CAMP092,4865,3687,195
2023-03-14,CAMP092,4109,3628,166
2023-03-15,CAMP092,4975,3691,201
2023-03-16,CAMP092,4309,3684,173
2023-03-17,CAMP092,4084,3816,165
2023-03-18,CAMP092,4728,3673,191
2023-03-19,CAMP092,4083,3564,164
2023-03-20,CAMP092,4678,3714,189
2023-03-21,CAMP092,3987,3628,160
2023-03-22,CAMP092,4381,3764,177
2023-03-23,CAMP092,4011,3638,161
2023-03-24,CAMP092,4838,3701,194
2023-03-25,CAMP092,4505,3736,182
2023-03-26,CAMP092,4503,3592,178
2023-03-27,CAMP092,4084,3644,165
2023-03-28,CAMP092,4144,3681,166
2023-03-29,CAMP092,4035,3648,163
2023-03-30,CAMP092,4629,3681,187
2023-03-31,CAMP092,4332,3702,175
2023-04-01,CAMP092,4654,3662,188
2023-04-02,CAMP092,4456,3773,180
2023-04-03,CAMP092,4876,3613,197
2023-04-04,CAMP092,3914,3694,157
2023-06-02,CAMP093,2642,11074,311
2023-06-03,CAMP093,2320,10976,275
2023-06-04,CAMP093,2417,11003,286
2023-06-05,CAMP093,2596,10993,307
2023-06-06,CAMP093,2506,11111,297
2023-06-07,CAMP093,2413,11064,286
2023-06-08,CAMP093,2339,11000,274
2023-06-09,CAMP093,2371,11147,281
2023-06-10,CAMP093,2474,11049,293
2023-06-11,CAMP093,2211,10913,262
2023-06-12,CAMP093,2472,11103,293
2023-06-13,CAMP093,2531,11096,300
2023-06-14,CAMP093,2335,11060,275
2023-06-15,CAMP093,2342,11094,277
2023-06-16,CAMP093,2388,10954,283
2023-06-17,CAMP093,2656,11051,312
2023-06-18,CAMP093,2607,10986,309
2023-06-19,CAMP093,2692,10985,319
2023-06-20,CAMP093,2468,11034,291
2023-06-21,CAMP093,2707,11025,317
2023-06-22,CAMP093,2313,10979,274
2023-06-23,CAMP093,2443,10991,286
2023-06-24,CAMP093,2581,11202,303
2023-06-25,CAMP093,2405,11041,285
2023-06-26,CAMP093,2452,11059,288
2023-06-27,CAMP093,2388,10941,283
2023-06-28,CAMP093,2685,10986,317
2023-06-29,CAMP093,2354,11014,279
2023-06-30,CAMP093,2541,11176,301
2023-07-01,CAMP093,2276,10998,269
2023-07-02,CAMP093,2442,11080,286
2023-07-03,CAMP093,2734,11001,324
2023-07-04,CAMP093,2380,11107,282
2023-07-05,CAMP093,2511,10896,290
2023-07-06,CAMP093,2101,11100,249
2024-03-15,CAMP094,2289,8527,404
2024-03-16,CAMP094,2129,8515,378
2024-03-17,CAMP094,2298,8630,408
2024-03-18,CAMP094,2449,8449,434
2024-03-19,CAMP094,2151,8473,382
2024-03-20,CAMP094,2359,8475,418
2024-03-21,CAMP094,2129,8491,378
2024-03-22,CAMP094,2103,8447,371
2024-03-23,CAMP094,2259,8523,400
2024-03-24,CAMP094,2163,8414,384
2024-03-25,CAMP094,2201,8470,388
2024-03-26,CAMP094,2104,8513,371
2024-03-27,CAMP094,2348,8619,410
2024-03-28,CAMP094,2139,8540,378
2024-03-29,CAMP094,2087,8563,370
2024-03-30,CAMP094,2245,8558,397
2024-03-31,CAMP094,2123,8466,377
2024-04-01,CAMP094,2270,8668,401
2024-04-02,CAMP094,2118,8616,376
2024-04-03,CAMP094,2169,8497,381
2024-04-04,CAMP094,2039,8534,362
2024-04-05,CAMP094,2247,8589,399
2024-04-06,CAMP094,2191,8508,389
2024-04-07,CAMP094,2253,8467,394
2024-04-08,CAMP094,2313,8586,407
2024-04-09,CAMP094,2101,8616,373
2024-04-10,CAMP094,2270,8675,403
2024-04-11,CAMP094,2208,8438,392
2024-04-12,CAMP094,2315,8534,404
2024-04-13,CAMP094,2556,8576,453
2024-04-14,CAMP094,2334,8522,414
2024-04-15,CAMP094,2259,8502,400
2024-04-16,CAMP094,2163,8461,384
2024-04-17,CAMP094,2151,8500,382
2024-04-18,CAMP094,2163,8624,384
2024-04-19,CAMP094,2123,8341,377
2024-04-20,CAMP094,2146,8621,381
2024-04-21,CAMP094,2162,8419,382
2024-04-22,CAMP094,2281,8642,403
2024-04-23,CAMP094,2174,8381,386
2024-04-24,CAMP094,2003,8368,354
2024-04-25,CAMP094,2217,8491,391
2024-04-26,CAMP094,2277,8487,402
2024-04-27,CAMP094,2011,8596,357
2024-04-28,CAMP094,2416,8674,429
2024-04-29,CAMP094,2163,8534,384
2024-04-30,CAMP094,2258,8601,401
2024-05-01,CAMP094,2106,8503,374
2024-05-02,CAMP094,2261,8513,400
2024-05-03,CAMP094,2253,8424,400
2024-05-04,CAMP094,2214,8487,393
2024-05-05,CAMP094,2115,8497,372
2024-05-06,CAMP094,2377,8693,422
2024-05-07,CAMP094,2044,8531,363
2024-05-08,CAMP094,2179,8524,387
2024-05-09,CAMP094,2351,8534,415
2024-05-10,CAMP094,2219,8380,394
2024-05-11,CAMP094,2146,8530,381
2024-05-12,CAMP094,2378,8503,421
2024-05-13,CAMP094,2422,8489,430
2024-05-14,CAMP094,2284,8502,402
2024-05-15,CAMP094,2193,8693,387
2024-05-16,CAMP094,2235,8553,393
2024-05-17,CAMP094,2029,8459,360
2024-05-18,CAMP094,2230,8598,396
2024-05-19,CAMP094,1999,8595,355
2024-05-20,CAMP094,2106,8582,374
2024-05-21,CAMP094,2238,8554,396
2024-05-22,CAMP094,2427,8529,431
2024-05-23,CAMP094,2050,8468,364
2024-05-24,CAMP094,2080,8423,368
2024-05-25,CAMP094,2264,8415,402
2024-05-26,CAMP094,2298,8604,408
2024-05-27,CAMP094,1970,8458,347
2024-05-28,CAMP094,2527,8727,445
2024-05-29,CAMP094,2363,8345,417
2024-05-30,CAMP094,2253,8574,392
2024-05-31,CAMP094,2202,8626,391
2024-06-01,CAMP094,2123,8521,377
2024-06-02,CAMP094,2213,8553,393
2024-06-03,CAMP094,2422,8379,430
2024-06-04,CAMP094,2264,8516,402
2024-06-05,CAMP094,2179,8457,387
2024-06-06,CAMP094,2213,8510,393
2024-06-07,CAMP094,2219,8509,394
2024-06-08,CAMP094,2298,8547,408
2024-06-09,CAMP094,2202,8463,391
2024-06-10,CAMP094,2297,8567,407
2024-06-11,CAMP094,2219,8514,394
2024-06-12,CAMP094,2158,8405,383
2024-06-13,CAMP094,2200,8686,388
2024-06-14,CAMP094,2163,8516,384
2024-06-15,CAMP094,2208,8603,392
2024-06-16,CAMP094,2354,8624,418
2024-06-17,CAMP094,2446,8598,429
2024-06-18,CAMP094,2060,8575,364
2024-06-19,CAMP094,2079,8439,367
2024-06-20,CAMP094,2250,8427,399
2024-06-21,CAMP094,2101,8548,373
2024-06-22,CAMP094,2035,8378,360
2024-06-23,CAMP094,2106,8461,374
2024-06-24,CAMP094,2272,8567,400
2024-06-25,CAMP094,2270,8490,403
2024-06-26,CAMP094,2416,8572,429
2024-06-27,CAMP094,2292,8499,404
2024-06-28,CAMP094,2241,8538,398
2024-06-29,CAMP094,2322,8590,411
2024-06-30,CAMP094,1984,8257,351
2024-07-01,CAMP094,2394,8464,425
2024-07-02,CAMP094,2332,8520,411
2024-07-03,CAMP094,2022,8242,359
2024-07-04,CAMP094,2271,8362,403
2024-07-05,CAMP094,2151,8500,382
2024-07-06,CAMP094,2151,8604,382
2024-07-07,CAMP094,2251,8530,399
2024-07-08,CAMP094,2123,8426,377
2024-07-09,CAMP094,2196,8467,383
2024-07-10,CAMP094,2336,8488,411
2024-07-11,CAMP094,2257,8516,395
2024-07-12,CAMP094,2201,8382,388
2024-07-13,CAMP094,2405,8483,427
2024-07-14,CAMP094,2258,8504,401
2024-07-15,CAMP094,2324,8516,410
2024-07-16,CAMP094,2084,8556,370
2024-07-17,CAMP094,2179,8516,387
2024-07-18,CAMP094,2315,8438,411
2024-07-19,CAMP094,2361,8574,417
2024-07-20,CAMP094,2196,8698,390
2024-07-21,CAMP094,1966,8371,348
2024-07-22,CAMP094,2196,8505,390
2024-07-23,CAMP094,2202,8566,391
2024-07-24,CAMP094,2399,8568,426
2024-07-25,CAMP094,2156,8612,382
2024-07-26,CAMP094,2491,8562,440
2024-07-27,CAMP094,2376,8625,420
2024-07-28,CAMP094,2140,8643,380
2024-07-29,CAMP094,2134,8333,379
2024-07-30,CAMP094,2053,8519,360
2024-07-31,CAMP094,2152,8444,376
2024-08-01,CAMP094,2270,8542,401
2024-08-02,CAMP094,2154,8486,379
2024-08-03,CAMP094,2026,8565,357
2024-08-04,CAMP094,2275,8467,404
2024-08-05,CAMP094,2292,8503,407
2024-08-06,CAMP094,2050,8362,364
2024-08-07,CAMP094,2022,8425,359
2024-08-08,CAMP094,2085,8363,369
2024-08-09,CAMP094,2241,8530,398
2024-08-10,CAMP094,2095,8426,372
2024-08-11,CAMP094,2219,8613,394
2024-08-12,CAMP094,2101,8350,373
2024-08-13,CAMP094,2256,8447,393
2024-08-14,CAMP094,2101,8389,370
2024-08-15,CAMP094,2106,8571,374
2023-05-13,CAMP095,2382,12361,375
2023-05-14,CAMP095,2142,12082,339
2023-05-15,CAMP095,2325,12398,365
2023-05-16,CAMP095,2393,12213,376
2023-05-17,CAMP095,2359,12256,374
2023-05-18,CAMP095,2384,12288,376
2023-05-19,CAMP095,2210,12175,350
2023-05-20,CAMP095,2279,12174,361
2023-05-21,CAMP095,2487,12299,393
2023-05-22,CAMP095,2088,12281,329
2023-05-23,CAMP095,2567,12306,407
2023-05-24,CAMP095,2197,12213,347
2023-05-25,CAMP095,2151,12021,341
2023-05-26,CAMP095,2464,12439,387
2023-05-27,CAMP095,2347,12248,366
2023-05-28,CAMP095,2429,12035,385
2023-05-29,CAMP095,2271,12205,360
2023-05-30,CAMP095,2410,12296,381
2023-05-31,CAMP095,2283,12120,362
2023-06-01,CAMP095,2301,12125,361
2023-06-02,CAMP095,2175,12174,343
2023-06-03,CAMP095,2107,12322,334
2023-06-04,CAMP095,2094,12300,332
2023-06-05,CAMP095,2021,12334,317
2023-06-06,CAMP095,2176,12181,344
2023-06-07,CAMP095,2358,12201,370
2023-06-08,CAMP095,2119,12171,336
2023-06-09,CAMP095,2322,12236,366
2023-06-10,CAMP095,2340,12173,371
2023-06-11,CAMP095,2296,12240,364
2023-06-12,CAMP095,2185,12364,345
2023-06-13,CAMP095,2335,12378,365
2023-06-14,CAMP095,2378,12227,377
2023-06-15,CAMP095,2271,12101,360
2023-06-16,CAMP095,2220,12350,352
2023-06-17,CAMP095,2423,12449,383
2023-06-18,CAMP095,2347,12248,372
2023-06-19,CAMP095,2541,12183,402
2024-02-27,CAMP096,1677,14366,500
2024-02-28,CAMP096,1748,14228,522
2024-02-29,CAMP096,1755,14358,524
2024-03-01,CAMP096,1654,14363,494
2024-03-02,CAMP096,1815,14619,542
2024-03-03,CAMP096,1765,14525,525
2024-03-04,CAMP096,1738,14356,518
2024-03-05,CAMP096,1835,14575,548
2024-03-06,CAMP096,1798,14309,532
2024-03-07,CAMP096,1808,14579,540
2024-03-08,CAMP096,1795,14259,534
2024-03-09,CAMP096,1738,14356,518
2024-03-10,CAMP096,1664,14188,497
2024-03-11,CAMP096,1846,14539,547
2024-03-12,CAMP096,1778,14466,530
2024-03-13,CAMP096,1783,14594,532
2024-03-14,CAMP096,1772,14490,529
2024-03-15,CAMP096,1825,14325,542
2024-03-16,CAMP096,1774,14231,527
2024-03-17,CAMP096,1715,14480,510
2024-03-18,CAMP096,1764,14650,526
2024-03-19,CAMP096,1688,14628,499
2024-03-20,CAMP096,1759,14651,523
2024-03-21,CAMP096,1684,14413,503
2024-03-22,CAMP096,1654,14559,494
2024-03-23,CAMP096,1758,14441,522
2024-03-24,CAMP096,1785,14405,533
2024-03-25,CAMP096,1820,14594,541
2024-03-26,CAMP096,1614,14435,480
2023-09-03,CAMP097,2934,10500,450
2023-09-04,CAMP097,2784,10387,427
2023-09-05,CAMP097,2913,10388,439
2023-09-06,CAMP097,2875,10583,441
2023-09-07,CAMP097,2925,10590,446
2023-09-08,CAMP097,2851,10501,437
2023-09-09,CAMP097,2849,10487,437
2023-09-10,CAMP097,2889,10396,437
2023-09-11,CAMP097,2855,10613,438
2023-09-12,CAMP097,3140,10430,479
2023-09-13,CAMP097,3142,10644,482
2023-09-14,CAMP097,3009,10336,461
2023-09-15,CAMP097,3097,10467,475
2023-09-16,CAMP097,2904,10552,443
2023-09-17,CAMP097,3051,10402,468
2023-09-18,CAMP097,2993,10516,455
2023-09-19,CAMP097,2805,10529,430
2023-09-20,CAMP097,2908,10285,446
2023-09-21,CAMP097,2829,10399,434
2023-09-22,CAMP097,2999,10576,456
2023-09-23,CAMP097,3040,10517,464
2023-09-24,CAMP097,2777,10464,426
2023-09-25,CAMP097,3132,10590,477
2023-09-26,CAMP097,2582,10425,396
2023-09-27,CAMP097,3139,10545,480
2023-09-28,CAMP097,2854,10267,436
2023-09-29,CAMP097,2896,10336,444
2023-09-30,CAMP097,2985,10498,457
2023-10-01,CAMP097,2953,10316,453
2023-10-02,CAMP097,2973,10563,456
2023-10-03,CAMP097,2901,10405,445
2023-10-04,CAMP097,2810,10400,431
2023-10-05,CAMP097,2875,10427,441
2023-10-06,CAMP097,2810,10386,431
2023-10-07,CAMP097,2836,10516,435
2023-10-08,CAMP097,2863,10226,435
2023-10-09,CAMP097,2663,10386,405
2023-10-10,CAMP097,2999,10451,454
2023-10-11,CAMP097,2833,10513,434
2023-10-12,CAMP097,2906,10207,442
2023-10-13,CAMP097,3051,10534,468
2023-10-14,CAMP097,3118,10595,477
2023-10-15,CAMP097,2865,10548,439
2023-10-16,CAMP097,2868,10473,440
2023-10-17,CAMP097,3038,10572,466
2023-10-18,CAMP097,3018,10522,463
2023-10-19,CAMP097,2992,10554,459
2023-10-20,CAMP097,2851,10579,436
2023-10-21,CAMP097,2586,10395,396
2023-10-22,CAMP097,2666,10452,409
2023-10-23,CAMP097,2940,10508,451
2023-10-24,CAMP097,3039,10502,463
2023-10-25,CAMP097,2929,10511,447
2023-10-26,CAMP097,2679,10367,411
2023-10-27,CAMP097,2860,10411,437
2023-10-28,CAMP097,2837,10526,434
2023-10-29,CAMP097,2836,10535,435
2023-10-30,CAMP097,3054,10479,468
2023-10-31,CAMP097,2881,10429,442
2023-11-01,CAMP097,2995,10563,458
2023-11-02,CAMP097,2999,10491,460
2023-11-03,CAMP097,2725,10426,418
2023-11-04,CAMP097,2803,10497,430
2023-11-05,CAMP097,2849,10415,437
2023-11-06,CAMP097,2652,10344,406
2023-11-07,CAMP097,2608,10384,400
2023-11-08,CAMP097,3032,10580,463
2023-11-09,CAMP097,2810,10556,431
2023-11-10,CAMP097,3083,10373,469
2023-11-11,CAMP097,3052,10670,465
2023-11-12,CAMP097,2738,10331,420
2023-11-13,CAMP097,2749,10397,419
2023-11-14,CAMP097,3297,10618,502
2023-11-15,CAMP097,2831,10177,432
2023-11-16,CAMP097,2866,10592,438
2023-11-17,CAMP097,2790,10453,428
2023-11-18,CAMP097,3086,10466,473
2023-11-19,CAMP097,2809,10596,425
2023-11-20,CAMP097,2732,10351,419
2023-11-21,CAMP097,2904,10560,443
2023-11-22,CAMP097,2921,10495,448
2023-11-23,CAMP097,3071,10533,471
2023-11-24,CAMP097,2844,10426,434
2023-11-25,CAMP097,3213,10766,487
2023-11-26,CAMP097,2796,10221,425
2023-05-04,CAMP098,2704,19508,557
2023-05-05,CAMP098,2748,19284,565
2023-05-06,CAMP098,2807,19461,579
2023-05-07,CAMP098,2802,19438,578
2023-05-08,CAMP098,2920,19407,601
2023-05-09,CAMP098,2733,19407,561
2023-05-10,CAMP098,2744,19683,566
2023-05-11,CAMP098,2771,19391,570
2023-05-12,CAMP098,2773,19407,572
2023-05-13,CAMP098,2864,19546,586
2023-05-14,CAMP098,2609,19597,537
2023-05-15,CAMP098,2872,19419,584
2023-05-16,CAMP098,2556,19324,524
2023-05-17,CAMP098,2894,19736,597
2023-05-18,CAMP098,2545,19595,525
2023-05-19,CAMP098,2943,19397,607
2023-05-20,CAMP098,2462,19304,504
2023-05-21,CAMP098,2501,19700,516
2023-05-22,CAMP098,2847,19440,587
2023-05-23,CAMP098,2753,19518,568
2023-05-24,CAMP098,2826,19452,583
2023-05-25,CAMP098,2706,19366,558
2023-05-26,CAMP098,2647,19389,546
2023-05-27,CAMP098,2881,19570,590
2023-05-28,CAMP098,2688,19418,553
2023-05-29,CAMP098,2892,19510,591
2023-05-30,CAMP098,2850,19601,585
2023-05-31,CAMP098,2715,19528,560
2023-06-01,CAMP098,2671,19599,551
2023-06-02,CAMP098,2792,19659,576
2023-06-03,CAMP098,2797,19457,577
2023-06-04,CAMP098,2836,19594,585
2023-06-05,CAMP098,2841,19345,586
2023-06-06,CAMP098,2581,19476,532
2023-06-07,CAMP098,2767,19636,570
2023-06-08,CAMP098,2741,19594,564
2023-06-09,CAMP098,2695,19369,556
2023-06-10,CAMP098,2632,19609,543
2023-06-11,CAMP098,2668,19319,549
2023-06-12,CAMP098,2652,19344,544
2023-06-13,CAMP098,2791,19501,575
2023-06-14,CAMP098,2751,19711,562
2023-06-15,CAMP098,2579,18984,532
2023-06-16,CAMP098,2868,19530,588
2023-06-17,CAMP098,2610,19544,537
2023-06-18,CAMP098,2951,19693,606
2023-06-19,CAMP098,2742,19624,560
2023-06-20,CAMP098,2543,19301,524
2023-06-21,CAMP098,2632,19670,543
2023-06-22,CAMP098,2934,19747,605
2023-06-23,CAMP098,2812,19676,580
2023-06-24,CAMP098,2797,19380,577
2023-06-25,CAMP098,2380,19365,491
2023-06-26,CAMP098,2775,19384,572
2023-06-27,CAMP098,2889,19501,596
2023-06-28,CAMP098,2560,19532,526
2023-06-29,CAMP098,2501,19462,516
2023-06-30,CAMP098,3012,19339,621
2023-07-01,CAMP098,2798,19541,571
2023-07-02,CAMP098,2797,19701,577
2023-07-03,CAMP098,2629,19583,539
2023-07-04,CAMP098,2808,19665,577
2023-07-05,CAMP098,2959,19369,608
2023-07-06,CAMP098,2826,19518,583
2023-07-07,CAMP098,2899,19562,598
2023-07-08,CAMP098,2623,19349,541
2023-07-09,CAMP098,2671,19528,551
2023-07-10,CAMP098,2773,19703,572
2023-07-11,CAMP098,2701,19474,557
2023-07-12,CAMP098,2835,19401,583
2023-07-13,CAMP098,2758,19539,567
2023-07-14,CAMP098,2771,19452,566
2023-07-15,CAMP098,2875,19665,593
2023-07-16,CAMP098,2773,19522,572
2023-07-17,CAMP098,2797,19606,577
2023-07-18,CAMP098,2941,19691,605
2023-07-19,CAMP098,2782,19631,573
2023-07-20,CAMP098,2676,19553,551
2023-07-21,CAMP098,2861,19368,587
2023-07-22,CAMP098,2860,19311,590
2023-07-23,CAMP098,2904,19676,599
2023-07-24,CAMP098,2812,19584,573
2023-07-25,CAMP098,2943,19508,607
2023-07-26,CAMP098,2744,19423,566
2023-07-27,CAMP098,2686,19536,554
2023-07-28,CAMP098,2700,19509,557
2023-07-29,CAMP098,2584,19516,533
2023-07-30,CAMP098,2657,19463,548
2023-07-31,CAMP098,2807,19839,579
2023-08-01,CAMP098,2865,19594,591
2023-08-02,CAMP098,2676,19482,552
2023-08-03,CAMP098,2683,19588,551
2023-08-04,CAMP098,2899,19449,598
2023-08-05,CAMP098,2812,19411,576
2023-08-06,CAMP098,2750,19226,563
2023-08-07,CAMP098,2823,19694,580
2023-08-08,CAMP098,2891,19521,592
2023-08-09,CAMP098,2797,19270,577
2023-08-10,CAMP098,2652,19695,547
2023-08-11,CAMP098,2623,19488,541
2023-08-12,CAMP098,2746,19310,566
2023-08-13,CAMP098,2807,19720,579
2023-08-14,CAMP098,2744,19437,566
2023-08-15,CAMP098,2744,19581,566
2023-08-16,CAMP098,2550,19698,526
2023-08-17,CAMP098,2701,19534,551
2023-08-18,CAMP098,2556,19455,523
2023-08-19,CAMP098,2720,19486,561
2023-08-20,CAMP098,2715,19402,560
2023-08-21,CAMP098,2700,19616,557
2023-08-22,CAMP098,2817,19621,581
2023-08-23,CAMP098,2686,19447,554
2023-08-24,CAMP098,2758,19511,569
2023-08-25,CAMP098,2632,19324,543
2023-08-26,CAMP098,2613,19491,539
2023-08-27,CAMP098,2678,19530,548
2023-08-28,CAMP098,2792,19292,575
2023-08-29,CAMP098,2693,19416,555
2023-08-30,CAMP098,2777,19713,567
2023-08-31,CAMP098,2738,19573,558
2023-09-01,CAMP098,2846,19480,587
2023-09-02,CAMP098,2947,19298,605
2023-09-03,CAMP098,2637,19620,544
2023-09-04,CAMP098,2695,19401,556
2023-09-05,CAMP098,2904,19637,599
2023-09-06,CAMP098,2720,19608,561
2023-09-07,CAMP098,2494,19365,509
2023-09-08,CAMP098,2870,19585,592
2023-09-09,CAMP098,2831,19728,584
2023-09-10,CAMP098,2831,19780,582
2023-09-11,CAMP098,2832,19652,583
2023-09-12,CAMP098,2674,19208,550
2023-09-13,CAMP098,2886,19790,595
2023-09-14,CAMP098,2702,19347,554
2023-09-15,CAMP098,3093,19536,638
2023-09-16,CAMP098,2743,19550,563
2023-09-17,CAMP098,2865,19460,591
2023-09-18,CAMP098,2687,19552,550
2023-09-19,CAMP098,2566,19818,528
2023-09-20,CAMP098,2739,19471,565
2023-09-21,CAMP098,2870,19505,592
2023-09-22,CAMP098,2833,19595,584
2023-09-23,CAMP098,2810,19556,575
2023-09-24,CAMP098,2618,19534,540
2023-09-25,CAMP098,3008,19646,619
2023-09-26,CAMP098,2773,19520,572
2023-09-27,CAMP098,2590,19459,534
2023-09-28,CAMP098,2865,19505,588
2023-09-29,CAMP098,2720,19510,561
2023-09-30,CAMP098,2744,19479,566
2023-10-01,CAMP098,2854,19573,587
2023-10-02,CAMP098,2787,19603,575
2023-10-03,CAMP098,2753,19329,568
2023-10-04,CAMP098,2776,19528,572
2023-10-05,CAMP098,2797,19415,568
2023-10-06,CAMP098,2928,19395,604
2023-10-07,CAMP098,2715,19560,560
2023-10-08,CAMP098,2821,19477,582
2023-10-09,CAMP098,2923,19399,600
2023-10-10,CAMP098,2642,19388,545
2023-10-11,CAMP098,2657,19392,548
2023-10-12,CAMP098,2467,19426,509
2023-10-13,CAMP098,2787,19760,575
2023-10-14,CAMP098,2693,19508,555
2023-10-15,CAMP098,2984,19522,613
2023-10-16,CAMP098,2871,19323,589
2023-10-17,CAMP098,2492,19585,514
2023-10-18,CAMP098,2938,19570,606
2023-06-27,CAMP099,2918,12274,122
2023-06-28,CAMP099,2455,12060,102
2023-06-29,CAMP099,2828,12106,116
2023-06-30,CAMP099,3109,11954,130
2023-07-01,CAMP099,2796,12195,109
2023-07-02,CAMP099,2893,12012,118
2023-07-03,CAMP099,3229,12214,135
2023-07-04,CAMP099,2774,12007,116
2023-07-05,CAMP099,2607,12005,109
2023-07-06,CAMP099,2774,12187,116
2023-07-07,CAMP099,2785,12004,111
2023-07-08,CAMP099,3202,12152,133
2023-07-09,CAMP099,2870,12046,120
2023-07-10,CAMP099,2726,12077,114
2023-07-11,CAMP099,2618,12174,103
2023-07-12,CAMP099,3181,12236,133
2023-07-13,CAMP099,2894,12259,121
2023-07-14,CAMP099,2774,11843,116
2023-07-15,CAMP099,2846,12142,119
2023-07-16,CAMP099,2750,11964,115
2023-07-17,CAMP099,3169,12120,130
2023-07-18,CAMP099,2984,12063,121
2023-07-19,CAMP099,3059,12086,126
2023-07-20,CAMP099,3706,12146,152
2023-07-21,CAMP099,2822,11959,118
2023-07-22,CAMP099,2750,11984,115
2023-07-23,CAMP099,2748,12200,112
2023-07-24,CAMP099,2935,12202,115
2023-07-25,CAMP099,3199,12091,130
2023-07-26,CAMP099,2679,12209,112
2023-07-27,CAMP099,2960,12017,121
2023-07-28,CAMP099,3061,12130,128
2023-07-29,CAMP099,2962,12179,122
2023-07-30,CAMP099,2976,12196,121
2023-07-31,CAMP099,3133,12379,131
2023-08-01,CAMP099,2607,12178,109
2023-08-02,CAMP099,2746,12196,110
2023-08-03,CAMP099,2559,12008,107
2023-08-04,CAMP099,2942,12185,123
2023-08-05,CAMP099,3037,12278,127
2023-08-06,CAMP099,3090,12261,128
2023-08-07,CAMP099,2894,12254,121
2023-08-08,CAMP099,3325,11974,137
2023-08-09,CAMP099,2972,12228,123
2023-08-10,CAMP099,3398,12014,140
2023-08-11,CAMP099,2702,12158,113
2023-08-12,CAMP099,2846,12098,119
2023-08-13,CAMP099,3085,12155,129
2023-08-14,CAMP099,3160,12204,130
2023-08-15,CAMP099,3167,12340,128
2023-08-16,CAMP099,2942,12406,123
2023-08-17,CAMP099,3300,12366,138
2023-08-18,CAMP099,2798,12338,117
2023-08-19,CAMP099,3085,12097,129
2023-08-20,CAMP099,2918,12228,122
2023-08-21,CAMP099,3181,12084,131
2023-08-22,CAMP099,2774,12209,116
2023-08-23,CAMP099,2631,12045,110
2023-08-24,CAMP099,3109,12279,130
2023-08-25,CAMP099,2846,12099,119
2023-08-26,CAMP099,3157,12070,132
2023-08-27,CAMP099,3372,12082,141
2023-08-28,CAMP099,2750,12210,115
2023-08-29,CAMP099,2679,12065,112
2023-08-30,CAMP099,2582,12035,105
2023-08-31,CAMP099,3229,12041,129
2023-09-01,CAMP099,3209,12294,133
2023-09-02,CAMP099,3152,12083,130
2023-09-03,CAMP099,2834,12097,114
2023-09-04,CAMP099,3004,11942,123
2023-09-05,CAMP099,2688,12065,110
2023-09-06,CAMP099,2942,11974,123
2023-09-07,CAMP099,3087,12046,129
2023-09-08,CAMP099,3085,12331,129
2023-09-09,CAMP099,2535,12307,106
2023-09-10,CAMP099,3253,11946,136
2023-09-11,CAMP099,2957,12348,120
2023-09-12,CAMP099,2822,12216,118
2023-09-13,CAMP099,2656,11918,111
2023-09-14,CAMP099,3205,12049,134
2023-09-15,CAMP099,3004,12166,124
2023-09-16,CAMP099,3177,12024,130
2023-09-17,CAMP099,3348,12105,140
2023-09-18,CAMP099,3326,12140,135
2023-09-19,CAMP099,2760,12148,108
2023-09-20,CAMP099,2607,12151,109
2023-09-21,CAMP099,2559,12294,107
2023-09-22,CAMP099,3131,12054,129
2023-09-23,CAMP099,2570,12350,105
2023-09-24,CAMP099,2801,11905,117
2023-09-25,CAMP099,2583,12171,108
2023-09-26,CAMP099,2439,12228,102
2023-09-27,CAMP099,2918,12241,122
2023-09-28,CAMP099,2519,12353,103
2023-09-29,CAMP099,3479,12260,141
2023-09-30,CAMP099,3092,12137,128
2023-10-01,CAMP099,2948,11992,122
2023-10-02,CAMP099,2822,12258,118
2023-10-03,CAMP099,2874,12080,117
2023-10-04,CAMP099,3133,12236,131
2023-10-05,CAMP099,3013,12217,126
2023-10-06,CAMP099,2868,12316,117
2023-10-07,CAMP099,2918,12123,122
2023-10-08,CAMP099,2669,11977,109
2023-10-09,CAMP099,3243,12212,133
2023-10-10,CAMP099,2870,12134,120
2023-10-11,CAMP099,2750,12048,115
2023-10-12,CAMP099,2368,11914,99
2023-10-13,CAMP099,3345,12269,138
2023-10-14,CAMP099,2994,12205,121
2023-10-15,CAMP099,2702,12159,113
2023-10-16,CAMP099,3158,12304,127
2023-10-17,CAMP099,2993,12243,124
2023-10-18,CAMP099,2902,12003,121
2023-10-19,CAMP099,2607,11951,109
2023-10-20,CAMP099,3129,12250,127
2023-10-21,CAMP099,3151,12160,130
2023-10-22,CAMP099,2416,12046,101
2023-10-23,CAMP099,2822,12168,118
2023-10-24,CAMP099,3255,11991,134
2023-10-25,CAMP099,3037,12221,127
2023-10-26,CAMP099,3038,12119,124
2023-10-27,CAMP099,3157,12274,132
2023-10-28,CAMP099,2655,12041,111
2023-10-29,CAMP099,2670,12181,108
2023-10-30,CAMP099,2296,11836,96
2023-10-31,CAMP099,2535,12032,106
2023-11-01,CAMP099,3232,12159,130
2023-11-02,CAMP099,3213,12364,130
2023-11-03,CAMP099,2798,12183,117
2023-11-04,CAMP099,2497,12001,103
2023-10-09,CAMP100,484,3419,28
2023-10-10,CAMP100,808,3380,47
2023-10-11,CAMP100,871,3440,46
2023-10-12,CAMP100,568,3315,33
2023-10-13,CAMP100,430,3423,25
2023-10-14,CAMP100,585,3344,34
2023-10-15,CAMP100,683,3421,39
2023-10-16,CAMP100,636,3346,37
2023-10-17,CAMP100,654,3434,38
2023-10-18,CAMP100,860,3359,50
2023-10-19,CAMP100,516,3344,30
2023-10-20,CAMP100,597,3311,32
2023-10-21,CAMP100,585,3418,34
2023-10-22,CAMP100,470,3370,24
2023-10-23,CAMP100,602,3342,35
2023-10-24,CAMP100,579,3261,30
2023-10-25,CAMP100,750,3248,43
2023-10-26,CAMP100,654,3289,38
2023-10-27,CAMP100,900,3510,48
2023-10-28,CAMP100,757,3378,44
2023-10-29,CAMP100,482,3343,28
2023-10-30,CAMP100,1008,3430,56
2023-10-31,CAMP100,344,3227,20
2023-11-01,CAMP100,794,3413,46
2023-11-02,CAMP100,654,3381,38
2023-11-03,CAMP100,737,3480,39
2023-11-04,CAMP100,667,3372,36
2023-11-05,CAMP100,843,3373,49
2023-11-06,CAMP100,866,3365,44
2023-11-07,CAMP100,584,3456,30
2023-11-08,CAMP100,688,3363,40
2023-11-09,CAMP100,692,3384,39
2023-11-10,CAMP100,642,3257,34
2023-11-11,CAMP100,592,3373,34
2023-11-12,CAMP100,752,3331,39
2023-11-13,CAMP100,597,3326,30
